{"textures":{"4":"modelengine:entity/body","particle":"#4"},"elements":[{"from":[4.01667,9.59583,3.7416701],"to":[12.01667,10.59583,5.74167],"faces":{"east":{"uv":[9.25,9.5,9.75,9.75],"tintindex":0,"rotation":0,"texture":"#4"},"south":{"uv":[2.25,8.75,4.25,9.0],"tintindex":0,"rotation":0,"texture":"#4"},"north":{"uv":[0.0,8.5,2.0,8.75],"tintindex":0,"rotation":0,"texture":"#4"},"west":{"uv":[0.0,9.75,0.5,10.0],"tintindex":0,"rotation":0,"texture":"#4"},"up":{"uv":[9.25,1.5,7.25,1.0],"tintindex":0,"rotation":0,"texture":"#4"},"down":{"uv":[9.25,1.75,7.25,2.25],"tintindex":0,"rotation":0,"texture":"#4"}}},{"from":[3.6166701,6.59583,3.7416701],"to":[12.41667,9.59583,14.741671],"faces":{"east":{"uv":[4.5,3.0,7.25,3.75],"tintindex":0,"rotation":0,"texture":"#4"},"south":{"uv":[5.0,0.0,7.25,0.75],"tintindex":0,"rotation":0,"texture":"#4"},"north":{"uv":[0.0,5.0,2.25,5.75],"tintindex":0,"rotation":0,"texture":"#4"},"west":{"uv":[4.5,4.0,7.25,4.75],"tintindex":0,"rotation":0,"texture":"#4"},"up":{"uv":[2.25,2.75,0.0,0.0],"tintindex":0,"rotation":0,"texture":"#4"},"down":{"uv":[4.75,0.0,2.5,2.75],"tintindex":0,"rotation":0,"texture":"#4"}}},{"from":[3.9166703,5.59583,3.7416701],"to":[12.116671,6.59583,6.74167],"faces":{"east":{"uv":[9.5,1.5,10.25,1.75],"tintindex":0,"rotation":0,"texture":"#4"},"south":{"uv":[6.75,8.75,8.75,9.0],"tintindex":0,"rotation":0,"texture":"#4"},"north":{"uv":[4.5,8.75,6.5,9.0],"tintindex":0,"rotation":0,"texture":"#4"},"west":{"uv":[9.5,2.0,10.25,2.25],"tintindex":0,"rotation":0,"texture":"#4"},"up":{"uv":[5.5,6.75,3.5,6.0],"tintindex":0,"rotation":0,"texture":"#4"},"down":{"uv":[7.75,6.0,5.75,6.75],"tintindex":0,"rotation":0,"texture":"#4"}}},{"from":[6.11667,7.79583,1.44167],"to":[9.91667,8.195829,3.7416701],"faces":{"east":{"uv":[0.75,9.75,1.25,10.0],"tintindex":0,"rotation":0,"texture":"#4"},"south":{"uv":[3.75,9.25,4.75,9.5],"tintindex":0,"rotation":0,"texture":"#4"},"north":{"uv":[2.5,9.25,3.5,9.5],"tintindex":0,"rotation":0,"texture":"#4"},"west":{"uv":[1.5,9.75,2.0,10.0],"tintindex":0,"rotation":0,"texture":"#4"},"up":{"uv":[1.0,9.5,0.0,9.0],"tintindex":0,"rotation":0,"texture":"#4"},"down":{"uv":[10.0,7.75,9.0,8.25],"tintindex":0,"rotation":0,"texture":"#4"}}},{"from":[3.9166703,5.59583,10.741671],"to":[12.116671,6.59583,14.04167],"faces":{"east":{"uv":[7.5,9.25,8.25,9.5],"tintindex":0,"rotation":0,"texture":"#4"},"south":{"uv":[7.5,3.75,9.5,4.0],"tintindex":0,"rotation":0,"texture":"#4"},"north":{"uv":[7.5,3.25,9.5,3.5],"tintindex":0,"rotation":0,"texture":"#4"},"west":{"uv":[9.5,0.0,10.25,0.25],"tintindex":0,"rotation":0,"texture":"#4"},"up":{"uv":[7.0,1.75,5.0,1.0],"tintindex":0,"rotation":0,"texture":"#4"},"down":{"uv":[7.0,2.0,5.0,2.75],"tintindex":0,"rotation":0,"texture":"#4"}}},{"from":[4.91667,10.59583,3.7416701],"to":[10.71667,11.59583,7.74167],"faces":{"east":{"uv":[2.25,7.25,3.25,7.5],"tintindex":0,"rotation":0,"texture":"#4"},"south":{"uv":[9.0,9.0,10.5,9.25],"tintindex":0,"rotation":0,"texture":"#4"},"north":{"uv":[9.0,8.5,10.5,8.75],"tintindex":0,"rotation":0,"texture":"#4"},"west":{"uv":[1.25,9.25,2.25,9.5],"tintindex":0,"rotation":0,"texture":"#4"},"up":{"uv":[1.5,7.0,0.0,6.0],"tintindex":0,"rotation":0,"texture":"#4"},"down":{"uv":[3.25,6.0,1.75,7.0],"tintindex":0,"rotation":0,"texture":"#4"}}},{"from":[3.8166704,9.59583,5.74167],"to":[12.21667,11.09583,12.741671],"faces":{"east":{"uv":[7.5,0.0,9.25,0.5],"tintindex":0,"rotation":0,"texture":"#4"},"south":{"uv":[7.0,5.0,9.0,5.5],"tintindex":0,"rotation":0,"texture":"#4"},"north":{"uv":[3.5,7.0,5.5,7.5],"tintindex":0,"rotation":0,"texture":"#4"},"west":{"uv":[7.5,2.5,9.25,3.0],"tintindex":0,"rotation":0,"texture":"#4"},"up":{"uv":[2.0,4.75,0.0,3.0],"tintindex":0,"rotation":0,"texture":"#4"},"down":{"uv":[4.25,3.0,2.25,4.75],"tintindex":0,"rotation":0,"texture":"#4"}}},{"from":[4.01667,5.59583,10.741671],"to":[12.01667,6.59583,14.04167],"faces":{"east":{"uv":[9.5,0.5,10.25,0.75],"tintindex":0,"rotation":0,"texture":"#4"},"south":{"uv":[2.25,8.25,4.25,8.5],"tintindex":0,"rotation":0,"texture":"#4"},"north":{"uv":[8.0,7.25,10.0,7.5],"tintindex":0,"rotation":0,"texture":"#4"},"west":{"uv":[9.5,1.0,10.25,1.25],"tintindex":0,"rotation":0,"texture":"#4"},"up":{"uv":[4.5,5.75,2.5,5.0],"tintindex":0,"rotation":0,"texture":"#4"},"down":{"uv":[6.75,5.0,4.75,5.75],"tintindex":0,"rotation":0,"texture":"#4"}}},{"from":[6.11667,6.79583,2.6416702],"to":[9.91667,7.79583,3.7416701],"faces":{"east":{"uv":[9.75,3.5,10.0,3.75],"tintindex":0,"rotation":0,"texture":"#4"},"south":{"uv":[5.0,9.25,6.0,9.5],"tintindex":0,"rotation":0,"texture":"#4"},"north":{"uv":[9.25,4.75,10.25,5.0],"tintindex":0,"rotation":0,"texture":"#4"},"west":{"uv":[3.75,9.75,4.0,10.0],"tintindex":0,"rotation":0,"texture":"#4"},"up":{"uv":[10.25,5.5,9.25,5.25],"tintindex":0,"rotation":0,"texture":"#4"},"down":{"uv":[7.25,9.25,6.25,9.5],"tintindex":0,"rotation":0,"texture":"#4"}}},{"from":[4.01667,6.09583,9.74167],"to":[12.01667,6.59583,10.741671],"faces":{"east":{"uv":[2.25,9.75,2.5,10.0],"tintindex":0,"rotation":0,"texture":"#4"},"south":{"uv":[2.25,7.75,4.25,8.0],"tintindex":0,"rotation":0,"texture":"#4"},"north":{"uv":[7.5,4.25,9.5,4.5],"tintindex":0,"rotation":0,"texture":"#4"},"west":{"uv":[2.75,9.75,3.0,10.0],"tintindex":0,"rotation":0,"texture":"#4"},"up":{"uv":[6.5,8.0,4.5,7.75],"tintindex":0,"rotation":0,"texture":"#4"},"down":{"uv":[8.75,7.75,6.75,8.0],"tintindex":0,"rotation":0,"texture":"#4"}}},{"from":[4.01667,6.09583,6.74167],"to":[12.01667,6.59583,7.74167],"faces":{"east":{"uv":[9.75,3.0,10.0,3.25],"tintindex":0,"rotation":0,"texture":"#4"},"south":{"uv":[8.0,5.75,10.0,6.0],"tintindex":0,"rotation":0,"texture":"#4"},"north":{"uv":[0.0,8.0,2.0,8.25],"tintindex":0,"rotation":0,"texture":"#4"},"west":{"uv":[3.25,9.75,3.5,10.0],"tintindex":0,"rotation":0,"texture":"#4"},"up":{"uv":[10.0,6.5,8.0,6.25],"tintindex":0,"rotation":0,"texture":"#4"},"down":{"uv":[10.0,6.75,8.0,7.0],"tintindex":0,"rotation":0,"texture":"#4"}}},{"from":[4.01667,9.59583,12.741671],"to":[12.01667,10.59583,14.741671],"faces":{"east":{"uv":[9.5,2.5,10.0,2.75],"tintindex":0,"rotation":0,"texture":"#4"},"south":{"uv":[6.75,8.25,8.75,8.5],"tintindex":0,"rotation":0,"texture":"#4"},"north":{"uv":[4.5,8.25,6.5,8.5],"tintindex":0,"rotation":0,"texture":"#4"},"west":{"uv":[8.5,9.5,9.0,9.75],"tintindex":0,"rotation":0,"texture":"#4"},"up":{"uv":[7.75,7.5,5.75,7.0],"tintindex":0,"rotation":0,"texture":"#4"},"down":{"uv":[2.0,7.25,0.0,7.75],"tintindex":0,"rotation":0,"texture":"#4"}}}],"display":{"head":{"rotation":[0.0,0.0,0.0]},"firstperson_righthand":{"rotation":[0.0,0.0,0.0]},"thirdperson_lefthand":{"rotation":[0.0,-0.0,-0.0]},"firstperson_lefthand":{"rotation":[0.0,-0.0,-0.0]},"fixed":{"rotation":[0.0,0.0,0.0]},"ground":{"rotation":[0.0,0.0,0.0]},"thirdperson_righthand":{"rotation":[0.0,0.0,0.0]},"gui":{"rotation":[-150.0,-45.0,180.0]}}}