{"textures":{"0":"modelengine:entity/ears","particle":"#0"},"elements":[{"from":[7.43218,6.9139605,7.1944394],"to":[8.03218,7.5139604,8.69444],"faces":{"east":{"uv":[10.0,0.0,12.0,1.0],"tintindex":0,"rotation":0,"texture":"#0"},"south":{"uv":[6.0,13.0,7.0,14.0],"tintindex":0,"rotation":0,"texture":"#0"},"north":{"uv":[13.0,5.0,14.0,6.0],"tintindex":0,"rotation":0,"texture":"#0"},"west":{"uv":[10.0,1.0,12.0,2.0],"tintindex":0,"rotation":0,"texture":"#0"},"up":{"uv":[8.0,11.0,7.0,9.0],"tintindex":0,"rotation":0,"texture":"#0"},"down":{"uv":[1.0,10.0,0.0,12.0],"tintindex":0,"rotation":0,"texture":"#0"}}},{"from":[9.03218,6.71396,7.1944394],"to":[9.43218,7.81396,8.69444],"faces":{"east":{"uv":[11.0,6.0,13.0,7.0],"tintindex":0,"rotation":0,"texture":"#0"},"south":{"uv":[13.0,13.0,14.0,14.0],"tintindex":0,"rotation":0,"texture":"#0"},"north":{"uv":[13.0,12.0,14.0,13.0],"tintindex":0,"rotation":0,"texture":"#0"},"west":{"uv":[10.0,11.0,12.0,12.0],"tintindex":0,"rotation":0,"texture":"#0"},"up":{"uv":[1.0,14.0,0.0,12.0],"tintindex":0,"rotation":0,"texture":"#0"},"down":{"uv":[13.0,0.0,12.0,2.0],"tintindex":0,"rotation":0,"texture":"#0"}}},{"from":[7.43218,6.9139605,7.6944394],"to":[9.03218,8.213961,8.69444],"faces":{"east":{"uv":[13.0,4.0,14.0,5.0],"tintindex":0,"rotation":0,"texture":"#0"},"south":{"uv":[9.0,6.0,11.0,7.0],"tintindex":0,"rotation":0,"texture":"#0"},"north":{"uv":[5.0,9.0,7.0,10.0],"tintindex":0,"rotation":0,"texture":"#0"},"west":{"uv":[5.0,13.0,6.0,14.0],"tintindex":0,"rotation":0,"texture":"#0"},"up":{"uv":[11.0,9.0,9.0,8.0],"tintindex":0,"rotation":0,"texture":"#0"},"down":{"uv":[11.0,9.0,9.0,10.0],"tintindex":0,"rotation":0,"texture":"#0"}}},{"from":[7.33218,8.61396,7.1944394],"to":[8.73218,9.213961,8.69444],"faces":{"east":{"uv":[9.0,10.0,11.0,11.0],"tintindex":0,"rotation":0,"texture":"#0"},"south":{"uv":[9.0,13.0,10.0,14.0],"tintindex":0,"rotation":0,"texture":"#0"},"north":{"uv":[13.0,8.0,14.0,9.0],"tintindex":0,"rotation":0,"texture":"#0"},"west":{"uv":[1.0,11.0,3.0,12.0],"tintindex":0,"rotation":0,"texture":"#0"},"up":{"uv":[4.0,13.0,3.0,11.0],"tintindex":0,"rotation":0,"texture":"#0"},"down":{"uv":[12.0,3.0,11.0,5.0],"tintindex":0,"rotation":0,"texture":"#0"}}},{"from":[7.2321796,8.213961,7.6944394],"to":[8.63218,8.81396,8.69444],"faces":{"east":{"uv":[10.0,13.0,11.0,14.0],"tintindex":0,"rotation":0,"texture":"#0"},"south":{"uv":[13.0,10.0,14.0,11.0],"tintindex":0,"rotation":0,"texture":"#0"},"north":{"uv":[13.0,9.0,14.0,10.0],"tintindex":0,"rotation":0,"texture":"#0"},"west":{"uv":[11.0,13.0,12.0,14.0],"tintindex":0,"rotation":0,"texture":"#0"},"up":{"uv":[14.0,12.0,13.0,11.0],"tintindex":0,"rotation":0,"texture":"#0"},"down":{"uv":[13.0,13.0,12.0,14.0],"tintindex":0,"rotation":0,"texture":"#0"}}},{"from":[7.03218,7.21396,7.1944394],"to":[7.53218,8.81396,8.69444],"faces":{"east":{"uv":[2.0,4.0,4.0,6.0],"tintindex":0,"rotation":0,"texture":"#0"},"south":{"uv":[2.0,12.0,3.0,14.0],"tintindex":0,"rotation":0,"texture":"#0"},"north":{"uv":[1.0,12.0,2.0,14.0],"tintindex":0,"rotation":0,"texture":"#0"},"west":{"uv":[4.0,2.0,6.0,4.0],"tintindex":0,"rotation":0,"texture":"#0"},"up":{"uv":[13.0,4.0,12.0,2.0],"tintindex":0,"rotation":0,"texture":"#0"},"down":{"uv":[13.0,4.0,12.0,6.0],"tintindex":0,"rotation":0,"texture":"#0"}}}],"display":{"head":{"rotation":[0.0,0.0,0.0]},"firstperson_righthand":{"rotation":[0.0,0.0,0.0]},"thirdperson_lefthand":{"rotation":[0.0,-0.0,-0.0]},"firstperson_lefthand":{"rotation":[0.0,-0.0,-0.0]},"fixed":{"rotation":[0.0,0.0,0.0]},"ground":{"rotation":[0.0,0.0,0.0]},"thirdperson_righthand":{"rotation":[0.0,0.0,0.0]},"gui":{"rotation":[-150.0,-45.0,180.0]}}}