{"textures":{"0":"modelengine:entity/ears","particle":"#0"},"elements":[{"from":[6.56782,6.71396,7.1944394],"to":[6.96782,7.81396,8.69444],"faces":{"east":{"uv":[6.0,8.0,8.0,9.0],"tintindex":0,"rotation":0,"texture":"#0"},"south":{"uv":[4.0,13.0,5.0,14.0],"tintindex":0,"rotation":0,"texture":"#0"},"north":{"uv":[13.0,3.0,14.0,4.0],"tintindex":0,"rotation":0,"texture":"#0"},"west":{"uv":[8.0,7.0,10.0,8.0],"tintindex":0,"rotation":0,"texture":"#0"},"up":{"uv":[9.0,10.0,8.0,8.0],"tintindex":0,"rotation":0,"texture":"#0"},"down":{"uv":[10.0,0.0,9.0,2.0],"tintindex":0,"rotation":0,"texture":"#0"}}},{"from":[7.96782,6.9139605,7.1944394],"to":[8.56782,7.5139604,8.69444],"faces":{"east":{"uv":[6.0,4.0,8.0,5.0],"tintindex":0,"rotation":0,"texture":"#0"},"south":{"uv":[12.0,8.0,13.0,9.0],"tintindex":0,"rotation":0,"texture":"#0"},"north":{"uv":[8.0,12.0,9.0,13.0],"tintindex":0,"rotation":0,"texture":"#0"},"west":{"uv":[5.0,6.0,7.0,7.0],"tintindex":0,"rotation":0,"texture":"#0"},"up":{"uv":[8.0,2.0,7.0,0.0],"tintindex":0,"rotation":0,"texture":"#0"},"down":{"uv":[2.0,7.0,1.0,9.0],"tintindex":0,"rotation":0,"texture":"#0"}}},{"from":[6.96782,6.9139605,7.6944394],"to":[8.56782,8.213961,8.69444],"faces":{"east":{"uv":[6.0,12.0,7.0,13.0],"tintindex":0,"rotation":0,"texture":"#0"},"south":{"uv":[6.0,2.0,8.0,3.0],"tintindex":0,"rotation":0,"texture":"#0"},"north":{"uv":[1.0,6.0,3.0,7.0],"tintindex":0,"rotation":0,"texture":"#0"},"west":{"uv":[12.0,7.0,13.0,8.0],"tintindex":0,"rotation":0,"texture":"#0"},"up":{"uv":[5.0,7.0,3.0,6.0],"tintindex":0,"rotation":0,"texture":"#0"},"down":{"uv":[8.0,3.0,6.0,4.0],"tintindex":0,"rotation":0,"texture":"#0"}}},{"from":[8.46782,7.21396,7.1944394],"to":[8.96782,8.81396,8.69444],"faces":{"east":{"uv":[2.0,0.0,4.0,2.0],"tintindex":0,"rotation":0,"texture":"#0"},"south":{"uv":[9.0,2.0,10.0,4.0],"tintindex":0,"rotation":0,"texture":"#0"},"north":{"uv":[1.0,9.0,2.0,11.0],"tintindex":0,"rotation":0,"texture":"#0"},"west":{"uv":[2.0,2.0,4.0,4.0],"tintindex":0,"rotation":0,"texture":"#0"},"up":{"uv":[5.0,11.0,4.0,9.0],"tintindex":0,"rotation":0,"texture":"#0"},"down":{"uv":[10.0,4.0,9.0,6.0],"tintindex":0,"rotation":0,"texture":"#0"}}},{"from":[7.36782,8.213961,7.6944394],"to":[8.76782,8.81396,8.69444],"faces":{"east":{"uv":[12.0,12.0,13.0,13.0],"tintindex":0,"rotation":0,"texture":"#0"},"south":{"uv":[13.0,0.0,14.0,1.0],"tintindex":0,"rotation":0,"texture":"#0"},"north":{"uv":[12.0,11.0,13.0,12.0],"tintindex":0,"rotation":0,"texture":"#0"},"west":{"uv":[13.0,1.0,14.0,2.0],"tintindex":0,"rotation":0,"texture":"#0"},"up":{"uv":[14.0,3.0,13.0,2.0],"tintindex":0,"rotation":0,"texture":"#0"},"down":{"uv":[4.0,13.0,3.0,14.0],"tintindex":0,"rotation":0,"texture":"#0"}}},{"from":[7.26782,8.61396,7.1944394],"to":[8.66782,9.213961,8.69444],"faces":{"east":{"uv":[4.0,4.0,6.0,5.0],"tintindex":0,"rotation":0,"texture":"#0"},"south":{"uv":[5.0,12.0,6.0,13.0],"tintindex":0,"rotation":0,"texture":"#0"},"north":{"uv":[11.0,10.0,12.0,11.0],"tintindex":0,"rotation":0,"texture":"#0"},"west":{"uv":[4.0,5.0,6.0,6.0],"tintindex":0,"rotation":0,"texture":"#0"},"up":{"uv":[1.0,8.0,0.0,6.0],"tintindex":0,"rotation":0,"texture":"#0"},"down":{"uv":[7.0,0.0,6.0,2.0],"tintindex":0,"rotation":0,"texture":"#0"}}}],"display":{"head":{"rotation":[0.0,0.0,0.0]},"firstperson_righthand":{"rotation":[0.0,0.0,0.0]},"thirdperson_lefthand":{"rotation":[0.0,-0.0,-0.0]},"firstperson_lefthand":{"rotation":[0.0,-0.0,-0.0]},"fixed":{"rotation":[0.0,0.0,0.0]},"ground":{"rotation":[0.0,0.0,0.0]},"thirdperson_righthand":{"rotation":[0.0,0.0,0.0]},"gui":{"rotation":[-150.0,-45.0,180.0]}}}