{"textures":{"3":"modelengine:entity/legs","particle":"#3"},"elements":[{"from":[7.0,7.15,6.925],"to":[9.0,7.85,8.625],"faces":{"east":{"uv":[0.0,9.0,1.0,9.5],"tintindex":0,"rotation":0,"texture":"#3"},"south":{"uv":[9.0,0.0,10.0,0.5],"tintindex":0,"rotation":0,"texture":"#3"},"north":{"uv":[4.5,8.5,5.5,9.0],"tintindex":0,"rotation":0,"texture":"#3"},"west":{"uv":[1.5,9.0,2.5,9.5],"tintindex":0,"rotation":0,"texture":"#3"},"up":{"uv":[5.5,1.0,4.5,0.0],"tintindex":0,"rotation":0,"texture":"#3"},"down":{"uv":[2.5,4.5,1.5,5.5],"tintindex":0,"rotation":0,"texture":"#3"}}},{"from":[7.0,7.85,7.425],"to":[9.0,9.15,9.025],"faces":{"east":{"uv":[3.0,8.5,4.0,9.0],"tintindex":0,"rotation":0,"texture":"#3"},"south":{"uv":[8.5,3.0,9.5,3.5],"tintindex":0,"rotation":0,"texture":"#3"},"north":{"uv":[8.5,1.0,9.5,1.5],"tintindex":0,"rotation":0,"texture":"#3"},"west":{"uv":[8.5,4.0,9.5,4.5],"tintindex":0,"rotation":0,"texture":"#3"},"up":{"uv":[4.0,4.0,3.0,3.0],"tintindex":0,"rotation":0,"texture":"#3"},"down":{"uv":[1.0,4.5,0.0,5.5],"tintindex":0,"rotation":0,"texture":"#3"}}}],"display":{"head":{"rotation":[0.0,0.0,0.0]},"firstperson_righthand":{"rotation":[0.0,0.0,0.0]},"thirdperson_lefthand":{"rotation":[0.0,-0.0,-0.0]},"firstperson_lefthand":{"rotation":[0.0,-0.0,-0.0]},"fixed":{"rotation":[0.0,0.0,0.0]},"ground":{"rotation":[0.0,0.0,0.0]},"thirdperson_righthand":{"rotation":[0.0,0.0,0.0]},"gui":{"rotation":[-150.0,-45.0,180.0]}}}