{"textures":{"3":"modelengine:entity/legs","particle":"#3"},"elements":[{"from":[7.0,8.3,8.6],"to":[9.0,9.0,9.1],"faces":{"east":{"uv":[8.0,9.0,8.5,9.5],"tintindex":0,"rotation":0,"texture":"#3"},"south":{"uv":[7.0,1.0,8.0,1.5],"tintindex":0,"rotation":0,"texture":"#3"},"north":{"uv":[0.0,7.0,1.0,7.5],"tintindex":0,"rotation":0,"texture":"#3"},"west":{"uv":[9.0,8.5,9.5,9.0],"tintindex":0,"rotation":0,"texture":"#3"},"up":{"uv":[2.5,7.5,1.5,7.0],"tintindex":0,"rotation":0,"texture":"#3"},"down":{"uv":[8.0,3.5,7.0,4.0],"tintindex":0,"rotation":0,"texture":"#3"}}},{"from":[7.0,7.0,6.8999996],"to":[9.0,7.7,7.3999996],"faces":{"east":{"uv":[3.0,9.5,3.5,10.0],"tintindex":0,"rotation":0,"texture":"#3"},"south":{"uv":[6.5,7.0,7.5,7.5],"tintindex":0,"rotation":0,"texture":"#3"},"north":{"uv":[7.0,4.5,8.0,5.0],"tintindex":0,"rotation":0,"texture":"#3"},"west":{"uv":[4.0,9.5,4.5,10.0],"tintindex":0,"rotation":0,"texture":"#3"},"up":{"uv":[8.5,0.5,7.5,0.0],"tintindex":0,"rotation":0,"texture":"#3"},"down":{"uv":[8.5,2.0,7.5,2.5],"tintindex":0,"rotation":0,"texture":"#3"}}},{"from":[7.0,7.0,7.3999996],"to":[9.0,9.0,8.6],"faces":{"east":{"uv":[3.0,6.0,3.5,7.0],"tintindex":0,"rotation":0,"texture":"#3"},"south":{"uv":[1.5,1.5,2.5,2.5],"tintindex":0,"rotation":0,"texture":"#3"},"north":{"uv":[1.5,0.0,2.5,1.0],"tintindex":0,"rotation":0,"texture":"#3"},"west":{"uv":[5.5,6.0,6.0,7.0],"tintindex":0,"rotation":0,"texture":"#3"},"up":{"uv":[5.0,7.0,4.0,6.5],"tintindex":0,"rotation":0,"texture":"#3"},"down":{"uv":[7.5,6.0,6.5,6.5],"tintindex":0,"rotation":0,"texture":"#3"}}}],"display":{"head":{"rotation":[0.0,0.0,0.0]},"firstperson_righthand":{"rotation":[0.0,0.0,0.0]},"thirdperson_lefthand":{"rotation":[0.0,-0.0,-0.0]},"firstperson_lefthand":{"rotation":[0.0,-0.0,-0.0]},"fixed":{"rotation":[0.0,0.0,0.0]},"ground":{"rotation":[0.0,0.0,0.0]},"thirdperson_righthand":{"rotation":[0.0,0.0,0.0]},"gui":{"rotation":[-150.0,-45.0,180.0]}}}