{"textures":{"3":"modelengine:entity/legs","particle":"#3"},"elements":[{"from":[7.0,8.3,8.6],"to":[9.0,9.0,9.1],"faces":{"east":{"uv":[9.0,2.0,9.5,2.5],"tintindex":0,"rotation":0,"texture":"#3"},"south":{"uv":[4.0,5.5,5.0,6.0],"tintindex":0,"rotation":0,"texture":"#3"},"north":{"uv":[5.5,1.5,6.5,2.0],"tintindex":0,"rotation":0,"texture":"#3"},"west":{"uv":[6.0,9.0,6.5,9.5],"tintindex":0,"rotation":0,"texture":"#3"},"up":{"uv":[6.5,4.5,5.5,4.0],"tintindex":0,"rotation":0,"texture":"#3"},"down":{"uv":[6.5,5.0,5.5,5.5],"tintindex":0,"rotation":0,"texture":"#3"}}},{"from":[7.0,7.0,6.8999996],"to":[9.0,7.7,7.3999996],"faces":{"east":{"uv":[7.0,9.0,7.5,9.5],"tintindex":0,"rotation":0,"texture":"#3"},"south":{"uv":[6.0,0.0,7.0,0.5],"tintindex":0,"rotation":0,"texture":"#3"},"north":{"uv":[0.0,6.0,1.0,6.5],"tintindex":0,"rotation":0,"texture":"#3"},"west":{"uv":[9.0,7.5,9.5,8.0],"tintindex":0,"rotation":0,"texture":"#3"},"up":{"uv":[2.5,6.5,1.5,6.0],"tintindex":0,"rotation":0,"texture":"#3"},"down":{"uv":[7.0,2.5,6.0,3.0],"tintindex":0,"rotation":0,"texture":"#3"}}},{"from":[7.0,7.0,7.3999996],"to":[9.0,9.0,8.6],"faces":{"east":{"uv":[4.5,1.5,5.0,2.5],"tintindex":0,"rotation":0,"texture":"#3"},"south":{"uv":[0.0,1.5,1.0,2.5],"tintindex":0,"rotation":0,"texture":"#3"},"north":{"uv":[0.0,0.0,1.0,1.0],"tintindex":0,"rotation":0,"texture":"#3"},"west":{"uv":[3.0,4.5,3.5,5.5],"tintindex":0,"rotation":0,"texture":"#3"},"up":{"uv":[5.5,3.5,4.5,3.0],"tintindex":0,"rotation":0,"texture":"#3"},"down":{"uv":[5.0,4.5,4.0,5.0],"tintindex":0,"rotation":0,"texture":"#3"}}}],"display":{"head":{"rotation":[0.0,0.0,0.0]},"firstperson_righthand":{"rotation":[0.0,0.0,0.0]},"thirdperson_lefthand":{"rotation":[0.0,-0.0,-0.0]},"firstperson_lefthand":{"rotation":[0.0,-0.0,-0.0]},"fixed":{"rotation":[0.0,0.0,0.0]},"ground":{"rotation":[0.0,0.0,0.0]},"thirdperson_righthand":{"rotation":[0.0,0.0,0.0]},"gui":{"rotation":[-150.0,-45.0,180.0]}}}