{"textures":{"1":"modelengine:entity/mainhead","particle":"#1"},"elements":[{"from":[4.99375,6.49966,8.34712],"to":[6.09375,8.89966,11.34712],"faces":{"east":{"uv":[1.5,7.5,3.0,8.5],"tintindex":0,"rotation":0,"texture":"#1"},"south":{"uv":[10.5,7.0,11.0,8.0],"tintindex":0,"rotation":0,"texture":"#1"},"north":{"uv":[10.5,1.5,11.0,2.5],"tintindex":0,"rotation":0,"texture":"#1"},"west":{"uv":[3.5,7.5,5.0,8.5],"tintindex":0,"rotation":0,"texture":"#1"},"up":{"uv":[10.0,3.0,9.5,1.5],"tintindex":0,"rotation":0,"texture":"#1"},"down":{"uv":[10.0,7.0,9.5,8.5],"tintindex":0,"rotation":0,"texture":"#1"}}},{"from":[5.99375,6.2996597,7.3471203],"to":[9.99375,9.9996605,11.04712],"faces":{"east":{"uv":[0.0,2.5,2.0,4.5],"tintindex":0,"rotation":0,"texture":"#1"},"south":{"uv":[2.5,0.0,4.5,2.0],"tintindex":0,"rotation":0,"texture":"#1"},"north":{"uv":[8.0,11.5,12.0,15.0],"tintindex":0,"rotation":0,"texture":"#1"},"west":{"uv":[2.5,2.5,4.5,4.5],"tintindex":0,"rotation":0,"texture":"#1"},"up":{"uv":[2.0,7.0,0.0,5.0],"tintindex":0,"rotation":0,"texture":"#1"},"down":{"uv":[7.0,0.0,5.0,2.0],"tintindex":0,"rotation":0,"texture":"#1"}}},{"from":[9.99375,6.49966,8.34712],"to":[11.09375,8.89966,11.34712],"faces":{"east":{"uv":[5.5,7.5,7.0,8.5],"tintindex":0,"rotation":0,"texture":"#1"},"south":{"uv":[10.5,10.0,11.0,11.0],"tintindex":0,"rotation":0,"texture":"#1"},"north":{"uv":[10.5,8.5,11.0,9.5],"tintindex":0,"rotation":0,"texture":"#1"},"west":{"uv":[7.5,7.5,9.0,8.5],"tintindex":0,"rotation":0,"texture":"#1"},"up":{"uv":[10.0,10.5,9.5,9.0],"tintindex":0,"rotation":0,"texture":"#1"},"down":{"uv":[0.5,10.0,0.0,11.5],"tintindex":0,"rotation":0,"texture":"#1"}}},{"from":[7.29375,7.2996597,4.9471197],"to":[8.59375,8.79966,6.6471205],"faces":{"east":{"uv":[10.0,3.5,11.0,4.0],"tintindex":0,"rotation":0,"texture":"#1"},"south":{"uv":[2.0,11.0,2.5,11.5],"tintindex":0,"rotation":0,"texture":"#1"},"north":{"uv":[1.0,11.0,1.5,11.5],"tintindex":0,"rotation":0,"texture":"#1"},"west":{"uv":[10.0,4.5,11.0,5.0],"tintindex":0,"rotation":0,"texture":"#1"},"up":{"uv":[10.5,6.5,10.0,5.5],"tintindex":0,"rotation":0,"texture":"#1"},"down":{"uv":[11.0,0.0,10.5,1.0],"tintindex":0,"rotation":0,"texture":"#1"}}},{"from":[7.29375,8.39966,5.4471207],"to":[8.69375,9.099659,8.64712],"faces":{"east":{"uv":[2.5,9.0,3.0,10.5],"tintindex":0,"rotation":270,"texture":"#1"},"south":{"uv":[3.5,11.5,3.0,11.0],"tintindex":0,"rotation":0,"texture":"#1"},"north":{"uv":[4.5,11.0,4.0,11.5],"tintindex":0,"rotation":180,"texture":"#1"},"west":{"uv":[4.5,9.0,5.0,10.5],"tintindex":0,"rotation":90,"texture":"#1"},"up":{"uv":[1.5,9.0,2.0,10.5],"tintindex":0,"rotation":180,"texture":"#1"},"down":{"uv":[3.5,9.0,4.0,10.5],"tintindex":0,"rotation":0,"texture":"#1"}},"rotation":{"origin":[7.99375,9.39966,6.3471203],"angle":-22.5,"axis":"x"}}],"display":{"head":{"rotation":[0.0,0.0,0.0]},"firstperson_righthand":{"rotation":[0.0,0.0,0.0]},"thirdperson_lefthand":{"rotation":[0.0,-0.0,-0.0]},"firstperson_lefthand":{"rotation":[0.0,-0.0,-0.0]},"fixed":{"rotation":[0.0,0.0,0.0]},"ground":{"rotation":[0.0,0.0,0.0]},"thirdperson_righthand":{"rotation":[0.0,0.0,0.0]},"gui":{"rotation":[-150.0,-45.0,180.0]}}}