{"textures":{"2":"modelengine:entity/nose","particle":"#2"},"elements":[{"from":[7.55,7.7,7.6499996],"to":[8.45,8.3,8.349999],"faces":{"east":{"uv":[0.0,2.0,1.0,3.0],"tintindex":0,"rotation":0,"texture":"#2"},"south":{"uv":[2.0,0.0,3.0,1.0],"tintindex":0,"rotation":0,"texture":"#2"},"north":{"uv":[0.0,0.0,1.0,1.0],"tintindex":0,"rotation":0,"texture":"#2"},"west":{"uv":[2.0,2.0,3.0,3.0],"tintindex":0,"rotation":0,"texture":"#2"},"up":{"uv":[1.0,5.0,0.0,4.0],"tintindex":0,"rotation":0,"texture":"#2"},"down":{"uv":[5.0,0.0,4.0,1.0],"tintindex":0,"rotation":0,"texture":"#2"}}}],"display":{"head":{"rotation":[0.0,0.0,0.0]},"firstperson_righthand":{"rotation":[0.0,0.0,0.0]},"thirdperson_lefthand":{"rotation":[0.0,-0.0,-0.0]},"firstperson_lefthand":{"rotation":[0.0,-0.0,-0.0]},"fixed":{"rotation":[0.0,0.0,0.0]},"ground":{"rotation":[0.0,0.0,0.0]},"thirdperson_righthand":{"rotation":[0.0,0.0,0.0]},"gui":{"rotation":[-150.0,-45.0,180.0]}}}