{"textures":{"5":"modelengine:entity/tail","particle":"#5"},"elements":[{"from":[6.7,6.7,6.0],"to":[9.3,9.3,10.0],"faces":{"east":{"uv":[0.0,0.0,4.0,3.0],"tintindex":0,"rotation":0,"texture":"#5"},"south":{"uv":[9.0,0.0,12.0,3.0],"tintindex":0,"rotation":0,"texture":"#5"},"north":{"uv":[0.0,8.0,3.0,11.0],"tintindex":0,"rotation":0,"texture":"#5"},"west":{"uv":[0.0,4.0,4.0,7.0],"tintindex":0,"rotation":0,"texture":"#5"},"up":{"uv":[8.0,4.0,5.0,0.0],"tintindex":0,"rotation":0,"texture":"#5"},"down":{"uv":[8.0,5.0,5.0,9.0],"tintindex":0,"rotation":0,"texture":"#5"}}}],"display":{"head":{"rotation":[0.0,0.0,0.0]},"firstperson_righthand":{"rotation":[0.0,0.0,0.0]},"thirdperson_lefthand":{"rotation":[0.0,-0.0,-0.0]},"firstperson_lefthand":{"rotation":[0.0,-0.0,-0.0]},"fixed":{"rotation":[0.0,0.0,0.0]},"ground":{"rotation":[0.0,0.0,0.0]},"thirdperson_righthand":{"rotation":[0.0,0.0,0.0]},"gui":{"rotation":[-150.0,-45.0,180.0]}}}