{"textures":{"5":"modelengine:entity/tail","particle":"#5"},"elements":[{"from":[6.8,6.8,6.1499996],"to":[9.2,9.2,9.849999],"faces":{"east":{"uv":[9.0,4.0,13.0,6.0],"tintindex":0,"rotation":0,"texture":"#5"},"south":{"uv":[0.0,12.0,2.0,14.0],"tintindex":0,"rotation":0,"texture":"#5"},"north":{"uv":[10.0,10.0,12.0,12.0],"tintindex":0,"rotation":0,"texture":"#5"},"west":{"uv":[9.0,7.0,13.0,9.0],"tintindex":0,"rotation":0,"texture":"#5"},"up":{"uv":[6.0,14.0,4.0,10.0],"tintindex":0,"rotation":0,"texture":"#5"},"down":{"uv":[9.0,10.0,7.0,14.0],"tintindex":0,"rotation":0,"texture":"#5"}}}],"display":{"head":{"rotation":[0.0,0.0,0.0]},"firstperson_righthand":{"rotation":[0.0,0.0,0.0]},"thirdperson_lefthand":{"rotation":[0.0,-0.0,-0.0]},"firstperson_lefthand":{"rotation":[0.0,-0.0,-0.0]},"fixed":{"rotation":[0.0,0.0,0.0]},"ground":{"rotation":[0.0,0.0,0.0]},"thirdperson_righthand":{"rotation":[0.0,0.0,0.0]},"gui":{"rotation":[-150.0,-45.0,180.0]}}}