{"textures":{"0":"modelengine:entity/chest","particle":"#0"},"elements":[{"from":[-2.5,11.700001,2.75],"to":[18.5,28.7,14.25],"faces":{"east":{"uv":[5.25,5.75,8.125,10.0],"tintindex":0,"rotation":0,"texture":"#0"},"south":{"uv":[0.0,4.25,5.25,8.5],"tintindex":0,"rotation":0,"texture":"#0"},"north":{"uv":[0.0,0.0,5.25,4.25],"tintindex":0,"rotation":0,"texture":"#0"},"west":{"uv":[8.125,5.75,11.0,10.0],"tintindex":0,"rotation":0,"texture":"#0"},"up":{"uv":[10.5,2.875,5.25,0.0],"tintindex":0,"rotation":0,"texture":"#0"},"down":{"uv":[10.5,2.875,5.25,5.75],"tintindex":0,"rotation":0,"texture":"#0"}}}],"display":{"head":{"rotation":[0.0,0.0,0.0]},"firstperson_righthand":{"rotation":[0.0,0.0,0.0]},"thirdperson_lefthand":{"rotation":[0.0,-0.0,-0.0]},"firstperson_lefthand":{"rotation":[0.0,-0.0,-0.0]},"fixed":{"rotation":[0.0,0.0,0.0]},"ground":{"rotation":[0.0,0.0,0.0]},"thirdperson_righthand":{"rotation":[0.0,0.0,0.0]},"gui":{"rotation":[-150.0,-45.0,180.0]}}}