{"textures":{"5":"modelengine:entity/glove","particle":"#5"},"elements":[{"from":[0.75,-9.875,-6.7750006],"to":[15.25,0.125,1.2249999],"faces":{"east":{"uv":[7.75,3.75,4.5,7.75],"tintindex":0,"rotation":0,"texture":"#5"},"south":{"uv":[12.25,4.5,8.25,8.5],"tintindex":0,"rotation":0,"texture":"#5"},"north":{"uv":[4.5,4.25,0.5,8.25],"tintindex":0,"rotation":0,"texture":"#5"},"west":{"uv":[8.25,4.25,5.0,8.25],"tintindex":0,"rotation":0,"texture":"#5"},"up":{"uv":[4.0,4.25,0.0,7.5],"tintindex":0,"rotation":0,"texture":"#5"},"down":{"uv":[16.0,5.25,12.0,8.5],"tintindex":0,"rotation":0,"texture":"#5"}}},{"from":[0.25,-9.875,1.2750001],"to":[15.75,7.625,16.275],"faces":{"east":{"uv":[10.0,4.0,6.0,8.0],"tintindex":0,"rotation":0,"texture":"#5"},"south":{"uv":[11.25,4.5,7.25,8.5],"tintindex":0,"rotation":0,"texture":"#5"},"north":{"uv":[14.25,5.5,10.25,9.5],"tintindex":0,"rotation":0,"texture":"#5"},"west":{"uv":[4.25,5.25,0.25,9.25],"tintindex":0,"rotation":0,"texture":"#5"},"up":{"uv":[16.0,5.5,12.0,9.5],"tintindex":0,"rotation":0,"texture":"#5"},"down":{"uv":[5.5,5.0,1.5,9.0],"tintindex":0,"rotation":0,"texture":"#5"}}}],"display":{"head":{"rotation":[0.0,0.0,0.0]},"firstperson_righthand":{"rotation":[0.0,0.0,0.0]},"thirdperson_lefthand":{"rotation":[0.0,-0.0,-0.0]},"firstperson_lefthand":{"rotation":[0.0,-0.0,-0.0]},"fixed":{"rotation":[0.0,0.0,0.0]},"ground":{"rotation":[0.0,0.0,0.0]},"thirdperson_righthand":{"rotation":[0.0,0.0,0.0]},"gui":{"rotation":[-150.0,-45.0,180.0]}}}