{"textures":{"5":"modelengine:entity/glove","particle":"#5"},"elements":[{"from":[0.0,-9.875,1.2750001],"to":[15.5,7.625,16.275],"faces":{"east":{"uv":[11.5,4.75,15.5,8.75],"tintindex":0,"rotation":0,"texture":"#5"},"south":{"uv":[0.0,4.5,4.0,8.5],"tintindex":0,"rotation":0,"texture":"#5"},"north":{"uv":[1.75,4.5,5.75,8.5],"tintindex":0,"rotation":0,"texture":"#5"},"west":{"uv":[9.75,4.75,13.75,8.75],"tintindex":0,"rotation":0,"texture":"#5"},"up":{"uv":[5.75,5.0,9.75,9.0],"tintindex":0,"rotation":0,"texture":"#5"},"down":{"uv":[3.5,4.5,7.5,8.5],"tintindex":0,"rotation":0,"texture":"#5"}}},{"from":[0.5,-9.875,-6.7750006],"to":[15.0,0.125,1.2249999],"faces":{"east":{"uv":[0.0,4.0,3.25,8.0],"tintindex":0,"rotation":0,"texture":"#5"},"south":{"uv":[12.0,4.5,16.0,8.5],"tintindex":0,"rotation":0,"texture":"#5"},"north":{"uv":[0.25,3.75,4.25,7.75],"tintindex":0,"rotation":0,"texture":"#5"},"west":{"uv":[10.5,5.0,13.75,9.0],"tintindex":0,"rotation":0,"texture":"#5"},"up":{"uv":[8.0,5.25,12.0,8.5],"tintindex":0,"rotation":0,"texture":"#5"},"down":{"uv":[4.0,5.0,8.0,8.25],"tintindex":0,"rotation":0,"texture":"#5"}}}],"display":{"head":{"rotation":[0.0,0.0,0.0]},"firstperson_righthand":{"rotation":[0.0,0.0,0.0]},"thirdperson_lefthand":{"rotation":[0.0,-0.0,-0.0]},"firstperson_lefthand":{"rotation":[0.0,-0.0,-0.0]},"fixed":{"rotation":[0.0,0.0,0.0]},"ground":{"rotation":[0.0,0.0,0.0]},"thirdperson_righthand":{"rotation":[0.0,0.0,0.0]},"gui":{"rotation":[-150.0,-45.0,180.0]}}}