{"textures":{"3":"modelengine:entity/face","particle":"#3"},"elements":[{"from":[3.6,24.4,4.3999996],"to":[12.4,30.800001,11.6],"faces":{"east":{"uv":[7.0,0.75,9.25,2.75],"tintindex":0,"rotation":0,"texture":"#3"},"south":{"uv":[0.75,4.5,3.5,6.5],"tintindex":0,"rotation":0,"texture":"#3"},"north":{"uv":[1.75,6.25,4.5,8.25],"tintindex":0,"rotation":0,"texture":"#3"},"west":{"uv":[2.75,1.0,5.0,3.0],"tintindex":0,"rotation":0,"texture":"#3"},"up":{"uv":[8.0,7.25,10.75,9.5],"tintindex":0,"rotation":0,"texture":"#3"},"down":{"uv":[5.5,6.75,8.25,9.0],"tintindex":0,"rotation":0,"texture":"#3"}}}],"display":{"head":{"rotation":[0.0,0.0,0.0]},"firstperson_righthand":{"rotation":[0.0,0.0,0.0]},"thirdperson_lefthand":{"rotation":[0.0,-0.0,-0.0]},"firstperson_lefthand":{"rotation":[0.0,-0.0,-0.0]},"fixed":{"rotation":[0.0,0.0,0.0]},"ground":{"rotation":[0.0,0.0,0.0]},"thirdperson_righthand":{"rotation":[0.0,0.0,0.0]},"gui":{"rotation":[-150.0,-45.0,180.0]}}}