{"textures":{"1":"modelengine:entity/skin","particle":"#1"},"elements":[{"from":[-4.2118826,6.1719966,0.0],"to":[9.288118,9.671997,12.5],"faces":{"east":{"uv":[7.8125,7.0,6.25,7.4375],"tintindex":0,"rotation":0,"texture":"#1"},"south":{"uv":[6.9375,0.5,5.25,0.9375],"tintindex":0,"rotation":0,"texture":"#1"},"north":{"uv":[10.9375,7.75,9.25,8.1875],"tintindex":0,"rotation":0,"texture":"#1"},"west":{"uv":[2.5625,2.25,1.0,2.6875],"tintindex":0,"rotation":0,"texture":"#1"},"up":{"uv":[2.4375,4.25,0.75,5.8125],"tintindex":0,"rotation":0,"texture":"#1"},"down":{"uv":[5.1875,2.25,3.5,3.8125],"tintindex":0,"rotation":0,"texture":"#1"}}}],"display":{"head":{"rotation":[-0.0,0.0,55.0]},"firstperson_righthand":{"rotation":[-0.0,0.0,55.0]},"thirdperson_lefthand":{"rotation":[-0.0,-0.0,-55.0]},"firstperson_lefthand":{"rotation":[-0.0,-0.0,-55.0]},"fixed":{"rotation":[-0.0,0.0,55.0]},"ground":{"rotation":[-0.0,0.0,55.0]},"thirdperson_righthand":{"rotation":[-0.0,0.0,55.0]},"gui":{"rotation":[-150.0,-45.0,-125.0]}}}