{"textures":{"1":"modelengine:entity/skin","6":"modelengine:entity/wear","particle":"#6"},"elements":[{"from":[-2.5,-9.0,-2.5],"to":[-1.5,22.5,20.5],"faces":{"east":{"uv":[6.25,9.625,9.125,11.375],"tintindex":0,"rotation":0,"texture":"#6"},"south":{"uv":[11.25,2.75,11.375,4.5],"tintindex":0,"rotation":0,"texture":"#6"},"north":{"uv":[11.25,4.5,11.375,6.25],"tintindex":0,"rotation":0,"texture":"#6"},"west":{"uv":[9.125,9.625,12.0,11.375],"tintindex":0,"rotation":0,"texture":"#6"},"up":{"uv":[14.125,2.375,11.25,2.25],"tintindex":0,"rotation":90,"texture":"#6"},"down":{"uv":[14.125,2.375,11.25,2.5],"tintindex":0,"rotation":270,"texture":"#6"}}},{"from":[-2.5,22.0,-3.5],"to":[20.0,23.0,21.5],"faces":{"east":{"uv":[3.125,10.1875,3.0,11.9375],"tintindex":0,"rotation":90,"texture":"#6"},"south":{"uv":[11.25,1.875,16.875,2.0],"tintindex":0,"rotation":0,"texture":"#6"},"north":{"uv":[11.25,1.875,16.875,1.75],"tintindex":0,"rotation":180,"texture":"#6"},"west":{"uv":[3.0,10.1875,2.875,11.9375],"tintindex":0,"rotation":270,"texture":"#6"},"up":{"uv":[11.25,6.125,5.625,7.875],"tintindex":0,"rotation":0,"texture":"#6"},"down":{"uv":[11.25,4.375,5.625,6.125],"tintindex":0,"rotation":180,"texture":"#6"}}},{"from":[-2.5,-9.0,20.5],"to":[20.0,22.5,21.5],"faces":{"east":{"uv":[11.5,2.75,11.375,4.5],"tintindex":0,"rotation":0,"texture":"#6"},"south":{"uv":[11.25,7.875,5.625,9.625],"tintindex":0,"rotation":0,"texture":"#6"},"north":{"uv":[5.625,6.25,0.0,8.0],"tintindex":0,"rotation":0,"texture":"#6"},"west":{"uv":[11.375,6.25,11.25,8.0],"tintindex":0,"rotation":0,"texture":"#6"},"up":{"uv":[11.25,2.125,16.875,2.0],"tintindex":0,"rotation":0,"texture":"#6"},"down":{"uv":[11.25,2.125,16.875,2.25],"tintindex":0,"rotation":0,"texture":"#6"}}},{"from":[-2.5,-9.0,-3.5],"to":[20.0,22.5,-2.5],"faces":{"east":{"uv":[3.125,10.1875,3.0,11.9375],"tintindex":0,"rotation":0,"texture":"#6"},"south":{"uv":[11.25,6.125,5.625,7.875],"tintindex":0,"rotation":0,"texture":"#6"},"north":{"uv":[11.25,4.375,5.625,6.125],"tintindex":0,"rotation":0,"texture":"#6"},"west":{"uv":[3.0,10.1875,2.875,11.9375],"tintindex":0,"rotation":0,"texture":"#6"},"up":{"uv":[11.25,1.875,16.875,1.75],"tintindex":0,"rotation":0,"texture":"#6"},"down":{"uv":[11.25,1.875,16.875,2.0],"tintindex":0,"rotation":0,"texture":"#6"}}},{"from":[1.5,-4.0,2.0],"to":[16.0,5.0,15.5],"faces":{"east":{"uv":[8.0,7.5,9.6875,8.625],"tintindex":0,"rotation":0,"texture":"#1"},"south":{"uv":[0.75,0.75,2.5625,1.875],"tintindex":0,"rotation":0,"texture":"#1"},"north":{"uv":[1.5,2.25,3.3125,3.375],"tintindex":0,"rotation":0,"texture":"#1"},"west":{"uv":[3.5,5.0,5.1875,6.125],"tintindex":0,"rotation":0,"texture":"#1"},"up":{"uv":[5.5,6.25,7.3125,7.9375],"tintindex":0,"rotation":0,"texture":"#1"},"down":{"uv":[4.0,1.0,5.8125,2.6875],"tintindex":0,"rotation":0,"texture":"#1"}}}],"display":{"head":{"rotation":[0.0,0.0,0.0]},"firstperson_righthand":{"rotation":[0.0,0.0,0.0]},"thirdperson_lefthand":{"rotation":[0.0,-0.0,-0.0]},"firstperson_lefthand":{"rotation":[0.0,-0.0,-0.0]},"fixed":{"rotation":[0.0,0.0,0.0]},"ground":{"rotation":[0.0,0.0,0.0]},"thirdperson_righthand":{"rotation":[0.0,0.0,0.0]},"gui":{"rotation":[-150.0,-45.0,180.0]}}}