{"textures":{"1":"modelengine:entity/skin","particle":"#1"},"elements":[{"from":[2.0,-9.5,2.5],"to":[13.333334,2.5,13.5],"faces":{"east":{"uv":[6.5,7.25,8.5625,9.5],"tintindex":0,"rotation":0,"texture":"#1"},"south":{"uv":[8.5,6.5,10.625,8.75],"tintindex":0,"rotation":0,"texture":"#1"},"north":{"uv":[2.75,2.0,4.875,4.25],"tintindex":0,"rotation":0,"texture":"#1"},"west":{"uv":[3.0,5.5,5.0625,7.75],"tintindex":0,"rotation":0,"texture":"#1"},"up":{"uv":[1.25,5.25,3.375,7.3125],"tintindex":0,"rotation":0,"texture":"#1"},"down":{"uv":[0.75,2.25,2.875,4.3125],"tintindex":0,"rotation":0,"texture":"#1"}}},{"from":[1.0,2.5,1.5],"to":[14.333334,13.5,14.5],"faces":{"east":{"uv":[7.9375,0.25,5.5,2.3125],"tintindex":0,"rotation":0,"texture":"#1"},"south":{"uv":[8.5,6.75,6.0,8.8125],"tintindex":0,"rotation":0,"texture":"#1"},"north":{"uv":[1.75,3.0,4.0625,0.5],"tintindex":0,"rotation":90,"texture":"#1"},"west":{"uv":[4.6875,5.5,2.25,7.5625],"tintindex":0,"rotation":0,"texture":"#1"},"up":{"uv":[3.25,5.25,0.75,7.6875],"tintindex":0,"rotation":0,"texture":"#1"},"down":{"uv":[3.75,1.25,1.25,3.6875],"tintindex":0,"rotation":0,"texture":"#1"}}}],"display":{"head":{"rotation":[0.0,0.0,0.0]},"firstperson_righthand":{"rotation":[0.0,0.0,0.0]},"thirdperson_lefthand":{"rotation":[0.0,-0.0,-0.0]},"firstperson_lefthand":{"rotation":[0.0,-0.0,-0.0]},"fixed":{"rotation":[0.0,0.0,0.0]},"ground":{"rotation":[0.0,0.0,0.0]},"thirdperson_righthand":{"rotation":[0.0,0.0,0.0]},"gui":{"rotation":[-150.0,-45.0,180.0]}}}