{"textures":{"1":"modelengine:entity/skin","particle":"#1"},"elements":[{"from":[2.8000002,1.625,3.0],"to":[13.299999,9.125,13.0],"faces":{"east":{"uv":[10.0,7.0,8.75,7.9375],"tintindex":0,"rotation":0,"texture":"#1"},"south":{"uv":[7.5625,7.5,6.25,8.4375],"tintindex":0,"rotation":0,"texture":"#1"},"north":{"uv":[4.8125,1.25,3.5,2.1875],"tintindex":0,"rotation":0,"texture":"#1"},"west":{"uv":[4.25,5.75,3.0,6.6875],"tintindex":0,"rotation":0,"texture":"#1"},"up":{"uv":[2.5625,5.5,1.25,6.75],"tintindex":0,"rotation":0,"texture":"#1"},"down":{"uv":[2.0625,1.75,0.75,3.0],"tintindex":0,"rotation":0,"texture":"#1"}}},{"from":[1.6999998,-4.375,2.0],"to":[14.2,3.625,14.0],"faces":{"east":{"uv":[2.0,1.25,0.5,2.25],"tintindex":0,"rotation":0,"texture":"#1"},"south":{"uv":[8.3125,7.0,6.75,8.0],"tintindex":0,"rotation":0,"texture":"#1"},"north":{"uv":[3.8125,1.5,2.25,2.5],"tintindex":0,"rotation":0,"texture":"#1"},"west":{"uv":[2.25,4.75,0.75,5.75],"tintindex":0,"rotation":0,"texture":"#1"},"up":{"uv":[4.8125,6.0,3.25,7.5],"tintindex":0,"rotation":0,"texture":"#1"},"down":{"uv":[7.5625,1.0,6.0,2.5],"tintindex":0,"rotation":0,"texture":"#1"}}}],"display":{"head":{"rotation":[0.0,0.0,0.0]},"firstperson_righthand":{"rotation":[0.0,0.0,0.0]},"thirdperson_lefthand":{"rotation":[0.0,-0.0,-0.0]},"firstperson_lefthand":{"rotation":[0.0,-0.0,-0.0]},"fixed":{"rotation":[0.0,0.0,0.0]},"ground":{"rotation":[0.0,0.0,0.0]},"thirdperson_righthand":{"rotation":[0.0,0.0,0.0]},"gui":{"rotation":[-150.0,-45.0,180.0]}}}