{"textures":{"2":"modelengine:entity/pecs","particle":"#2"},"elements":[{"from":[9.5,19.5,-3.0],"to":[19.5,26.25,4.0],"faces":{"east":{"uv":[9.75,6.5,10.75,8.1875],"tintindex":0,"rotation":0,"texture":"#2"},"south":{"uv":[2.25,3.75,4.75,5.4375],"tintindex":0,"rotation":0,"texture":"#2"},"north":{"uv":[2.25,3.75,4.75,5.4375],"tintindex":0,"rotation":0,"texture":"#2"},"west":{"uv":[9.75,6.5,10.75,8.1875],"tintindex":0,"rotation":0,"texture":"#2"},"up":{"uv":[4.0,1.25,6.5,2.25],"tintindex":0,"rotation":0,"texture":"#2"},"down":{"uv":[4.0,1.25,6.5,2.25],"tintindex":0,"rotation":0,"texture":"#2"}}},{"from":[-3.5,19.5,-3.0],"to":[6.5,26.25,1.0],"faces":{"east":{"uv":[3.25,1.0,2.25,2.6875],"tintindex":0,"rotation":0,"texture":"#2"},"south":{"uv":[8.25,7.0,5.75,8.6875],"tintindex":0,"rotation":0,"texture":"#2"},"north":{"uv":[4.75,3.75,2.25,5.4375],"tintindex":0,"rotation":0,"texture":"#2"},"west":{"uv":[3.25,1.0,2.25,2.6875],"tintindex":0,"rotation":0,"texture":"#2"},"up":{"uv":[4.25,6.75,1.75,7.75],"tintindex":0,"rotation":0,"texture":"#2"},"down":{"uv":[6.5,1.25,4.0,2.25],"tintindex":0,"rotation":0,"texture":"#2"}}}],"display":{"head":{"rotation":[0.0,0.0,0.0]},"firstperson_righthand":{"rotation":[0.0,0.0,0.0]},"thirdperson_lefthand":{"rotation":[0.0,-0.0,-0.0]},"firstperson_lefthand":{"rotation":[0.0,-0.0,-0.0]},"fixed":{"rotation":[0.0,0.0,0.0]},"ground":{"rotation":[0.0,0.0,0.0]},"thirdperson_righthand":{"rotation":[0.0,0.0,0.0]},"gui":{"rotation":[-150.0,-45.0,180.0]}}}