{"textures":{"1":"modelengine:entity/skin","particle":"#1"},"elements":[{"from":[2.0,-12.0,-6.0],"to":[24.0,9.0,20.0],"faces":{"east":{"uv":[9.25,7.75,10.875,9.0625],"tintindex":0,"rotation":0,"texture":"#1"},"south":{"uv":[6.0,7.5,7.375,8.8125],"tintindex":0,"rotation":0,"texture":"#1"},"north":{"uv":[4.5,1.0,5.875,2.3125],"tintindex":0,"rotation":0,"texture":"#1"},"west":{"uv":[3.5,6.0,5.125,7.3125],"tintindex":0,"rotation":0,"texture":"#1"},"up":{"uv":[0.75,4.75,2.125,6.375],"tintindex":0,"rotation":0,"texture":"#1"},"down":{"uv":[0.75,1.75,2.125,3.375],"tintindex":0,"rotation":0,"texture":"#1"}}}],"display":{"head":{"rotation":[0.0,0.0,0.0]},"firstperson_righthand":{"rotation":[0.0,0.0,0.0]},"thirdperson_lefthand":{"rotation":[0.0,-0.0,-0.0]},"firstperson_lefthand":{"rotation":[0.0,-0.0,-0.0]},"fixed":{"rotation":[0.0,0.0,0.0]},"ground":{"rotation":[0.0,0.0,0.0]},"thirdperson_righthand":{"rotation":[0.0,0.0,0.0]},"gui":{"rotation":[-150.0,-45.0,180.0]}}}