{"textures":{"5":"modelengine:entity/glove","particle":"#5"},"elements":[{"from":[3.333333,-1.916667,1.1666665],"to":[13.333334,8.083333,14.5],"faces":{"east":{"uv":[14.25,5.5,10.5,9.5],"tintindex":0,"rotation":0,"texture":"#5"},"south":{"uv":[15.75,6.5,12.75,9.0],"tintindex":0,"rotation":0,"texture":"#5"},"north":{"uv":[6.0,8.0,4.25,10.0],"tintindex":0,"rotation":0,"texture":"#5"},"west":{"uv":[2.75,6.25,0.0,8.75],"tintindex":0,"rotation":0,"texture":"#5"},"up":{"uv":[2.25,7.25,7.0,3.25],"tintindex":0,"rotation":0,"texture":"#5"},"down":{"uv":[7.5,3.5,12.0,7.75],"tintindex":0,"rotation":0,"texture":"#5"}}},{"from":[2.333333,-12.0,3.833333],"to":[13.666667,-2.0,12.166667],"faces":{"east":{"uv":[0.0,0.0,6.25,7.5],"tintindex":0,"rotation":0,"texture":"#5"},"south":{"uv":[0.0,0.0,8.5,7.5],"tintindex":0,"rotation":0,"texture":"#5"},"north":{"uv":[0.0,0.0,8.5,7.5],"tintindex":0,"rotation":0,"texture":"#5"},"west":{"uv":[0.0,0.0,6.25,7.5],"tintindex":0,"rotation":0,"texture":"#5"},"up":{"uv":[0.0,0.0,8.5,6.25],"tintindex":0,"rotation":0,"texture":"#5"},"down":{"uv":[0.0,0.0,8.5,6.25],"tintindex":0,"rotation":0,"texture":"#5"}}}],"display":{"head":{"rotation":[0.0,0.0,0.0]},"firstperson_righthand":{"rotation":[0.0,0.0,0.0]},"thirdperson_lefthand":{"rotation":[0.0,-0.0,-0.0]},"firstperson_lefthand":{"rotation":[0.0,-0.0,-0.0]},"fixed":{"rotation":[0.0,0.0,0.0]},"ground":{"rotation":[0.0,0.0,0.0]},"thirdperson_righthand":{"rotation":[0.0,0.0,0.0]},"gui":{"rotation":[-150.0,-45.0,180.0]}}}