{"textures":{"4":"modelengine:entity/theeth","particle":"#4"},"elements":[{"from":[3.75,27.875,1.375],"to":[6.5,30.375,3.375],"faces":{"east":{"uv":[7.75,10.0,10.25,12.0],"tintindex":0,"rotation":90,"texture":"#4"},"south":{"uv":[11.0,7.5,8.25,10.0],"tintindex":0,"rotation":0,"texture":"#4"},"north":{"uv":[8.25,10.0,5.5,7.5],"tintindex":0,"rotation":180,"texture":"#4"},"west":{"uv":[10.25,10.0,12.75,12.0],"tintindex":0,"rotation":270,"texture":"#4"},"up":{"uv":[0.0,10.0,2.75,12.0],"tintindex":0,"rotation":0,"texture":"#4"},"down":{"uv":[3.0,3.0,5.75,5.0],"tintindex":0,"rotation":180,"texture":"#4"}}}],"display":{"head":{"rotation":[0.0,0.0,0.0]},"firstperson_righthand":{"rotation":[0.0,0.0,0.0]},"thirdperson_lefthand":{"rotation":[0.0,-0.0,-0.0]},"firstperson_lefthand":{"rotation":[0.0,-0.0,-0.0]},"fixed":{"rotation":[0.0,0.0,0.0]},"ground":{"rotation":[0.0,0.0,0.0]},"thirdperson_righthand":{"rotation":[0.0,0.0,0.0]},"gui":{"rotation":[-150.0,-45.0,180.0]}}}