{"textures":{"5":"modelengine:entity/glove","particle":"#5"},"elements":[{"from":[-6.0,-9.0,1.0],"to":[9.0,16.0,19.0],"faces":{"east":{"uv":[0.0,0.0,4.5,6.25],"tintindex":0,"rotation":0,"texture":"#5"},"south":{"uv":[0.0,0.0,3.75,6.25],"tintindex":0,"rotation":0,"texture":"#5"},"north":{"uv":[0.0,0.0,3.75,6.25],"tintindex":0,"rotation":0,"texture":"#5"},"west":{"uv":[0.0,0.0,4.5,6.25],"tintindex":0,"rotation":0,"texture":"#5"},"up":{"uv":[0.0,0.0,3.75,4.5],"tintindex":0,"rotation":0,"texture":"#5"},"down":{"uv":[0.0,0.0,3.75,4.5],"tintindex":0,"rotation":0,"texture":"#5"}}}],"display":{"head":{"rotation":[0.0,0.0,0.0]},"firstperson_righthand":{"rotation":[0.0,0.0,0.0]},"thirdperson_lefthand":{"rotation":[0.0,-0.0,-0.0]},"firstperson_lefthand":{"rotation":[0.0,-0.0,-0.0]},"fixed":{"rotation":[0.0,0.0,0.0]},"ground":{"rotation":[0.0,0.0,0.0]},"thirdperson_righthand":{"rotation":[0.0,0.0,0.0]},"gui":{"rotation":[-150.0,-45.0,180.0]}}}