{"textures":{"3":"modelengine:entity/face","particle":"#3"},"elements":[{"from":[2.0,3.0,0.0],"to":[14.0,15.0,8.0],"faces":{"east":{"uv":[1.0,5.25,1.5,6.0],"tintindex":0,"rotation":0,"texture":"#3"},"south":{"uv":[3.0,2.5,3.75,3.25],"tintindex":0,"rotation":0,"texture":"#3"},"north":{"uv":[2.0,3.0,2.75,3.75],"tintindex":0,"rotation":0,"texture":"#3"},"west":{"uv":[1.75,1.5,2.5,2.0],"tintindex":0,"rotation":90,"texture":"#3"},"up":{"uv":[1.75,1.25,1.0,0.75],"tintindex":0,"rotation":0,"texture":"#3"},"down":{"uv":[1.25,2.75,0.5,3.25],"tintindex":0,"rotation":0,"texture":"#3"}}}],"display":{"head":{"rotation":[0.0,0.0,0.0]},"firstperson_righthand":{"rotation":[0.0,0.0,0.0]},"thirdperson_lefthand":{"rotation":[0.0,-0.0,-0.0]},"firstperson_lefthand":{"rotation":[0.0,-0.0,-0.0]},"fixed":{"rotation":[0.0,0.0,0.0]},"ground":{"rotation":[0.0,0.0,0.0]},"thirdperson_righthand":{"rotation":[0.0,0.0,0.0]},"gui":{"rotation":[-150.0,-45.0,180.0]}}}