{"textures":{"1":"modelengine:entity/skin","particle":"#1"},"elements":[{"from":[7.285458,6.9911485,0.5],"to":[20.785458,10.491148,13.0],"faces":{"east":{"uv":[0.0,4.25,1.5625,4.6875],"tintindex":0,"rotation":0,"texture":"#1"},"south":{"uv":[7.25,8.75,8.9375,9.1875],"tintindex":0,"rotation":0,"texture":"#1"},"north":{"uv":[0.5,1.25,2.1875,1.6875],"tintindex":0,"rotation":0,"texture":"#1"},"west":{"uv":[4.75,1.5,6.3125,1.9375],"tintindex":0,"rotation":0,"texture":"#1"},"up":{"uv":[2.25,5.5,3.9375,7.0625],"tintindex":0,"rotation":0,"texture":"#1"},"down":{"uv":[3.0,2.5,4.6875,4.0625],"tintindex":0,"rotation":0,"texture":"#1"}}}],"display":{"head":{"rotation":[0.0,0.0,-55.0]},"firstperson_righthand":{"rotation":[0.0,0.0,-55.0]},"thirdperson_lefthand":{"rotation":[0.0,-0.0,55.0]},"firstperson_lefthand":{"rotation":[0.0,-0.0,55.0]},"fixed":{"rotation":[0.0,0.0,-55.0]},"ground":{"rotation":[0.0,0.0,-55.0]},"thirdperson_righthand":{"rotation":[0.0,0.0,-55.0]},"gui":{"rotation":[-150.0,-45.0,125.0]}}}