{"textures":{"5":"modelengine:entity/glove","particle":"#5"},"elements":[{"from":[2.333333,-11.333334,3.833333],"to":[13.666667,-1.333334,12.166667],"faces":{"east":{"uv":[0.0,0.0,6.25,7.5],"tintindex":0,"rotation":0,"texture":"#5"},"south":{"uv":[0.0,0.0,8.5,7.5],"tintindex":0,"rotation":0,"texture":"#5"},"north":{"uv":[0.0,0.0,8.5,7.5],"tintindex":0,"rotation":0,"texture":"#5"},"west":{"uv":[0.0,0.0,6.25,7.5],"tintindex":0,"rotation":0,"texture":"#5"},"up":{"uv":[0.0,0.0,8.5,6.25],"tintindex":0,"rotation":0,"texture":"#5"},"down":{"uv":[0.0,0.0,8.5,6.25],"tintindex":0,"rotation":0,"texture":"#5"}}},{"from":[2.6666665,-1.25,1.1666665],"to":[12.666667,8.75,14.5],"faces":{"east":{"uv":[0.75,5.75,3.75,8.5],"tintindex":0,"rotation":0,"texture":"#5"},"south":{"uv":[12.0,5.5,15.5,8.75],"tintindex":0,"rotation":0,"texture":"#5"},"north":{"uv":[3.75,7.0,6.75,9.75],"tintindex":0,"rotation":0,"texture":"#5"},"west":{"uv":[8.75,6.25,11.0,9.25],"tintindex":0,"rotation":0,"texture":"#5"},"up":{"uv":[12.0,4.25,8.0,0.75],"tintindex":0,"rotation":0,"texture":"#5"},"down":{"uv":[15.5,5.75,12.75,8.75],"tintindex":0,"rotation":0,"texture":"#5"}}}],"display":{"head":{"rotation":[0.0,0.0,0.0]},"firstperson_righthand":{"rotation":[0.0,0.0,0.0]},"thirdperson_lefthand":{"rotation":[0.0,-0.0,-0.0]},"firstperson_lefthand":{"rotation":[0.0,-0.0,-0.0]},"fixed":{"rotation":[0.0,0.0,0.0]},"ground":{"rotation":[0.0,0.0,0.0]},"thirdperson_righthand":{"rotation":[0.0,0.0,0.0]},"gui":{"rotation":[-150.0,-45.0,180.0]}}}