{"textures":{"1":"modelengine:entity/skin","particle":"#1"},"elements":[{"from":[3.0,-5.0,2.0],"to":[14.0,5.5,15.0],"faces":{"east":{"uv":[3.25,3.0,4.25,4.0],"tintindex":0,"rotation":0,"texture":"#1"},"south":{"uv":[9.25,7.75,10.25,8.75],"tintindex":0,"rotation":0,"texture":"#1"},"north":{"uv":[0.5,0.5,1.875,1.8125],"tintindex":0,"rotation":0,"texture":"#1"},"west":{"uv":[5.5,1.5,6.5,2.5],"tintindex":0,"rotation":0,"texture":"#1"},"up":{"uv":[6.25,6.5,7.25,7.5],"tintindex":0,"rotation":0,"texture":"#1"},"down":{"uv":[1.0,5.0,3.25,6.75],"tintindex":0,"rotation":0,"texture":"#1"}}}],"display":{"head":{"rotation":[0.0,0.0,0.0]},"firstperson_righthand":{"rotation":[0.0,0.0,0.0]},"thirdperson_lefthand":{"rotation":[0.0,-0.0,-0.0]},"firstperson_lefthand":{"rotation":[0.0,-0.0,-0.0]},"fixed":{"rotation":[0.0,0.0,0.0]},"ground":{"rotation":[0.0,0.0,0.0]},"thirdperson_righthand":{"rotation":[0.0,0.0,0.0]},"gui":{"rotation":[-150.0,-45.0,180.0]}}}