{"textures":{"1":"modelengine:entity/skin","6":"modelengine:entity/wear","particle":"#6"},"elements":[{"from":[-5.3999996,21.349998,-4.45],"to":[17.1,22.349998,20.55],"faces":{"east":{"uv":[3.125,10.1875,3.0,11.9375],"tintindex":0,"rotation":90,"texture":"#6"},"south":{"uv":[11.25,1.875,16.875,2.0],"tintindex":0,"rotation":0,"texture":"#6"},"north":{"uv":[11.25,1.875,16.875,1.75],"tintindex":0,"rotation":180,"texture":"#6"},"west":{"uv":[3.0,10.1875,2.875,11.9375],"tintindex":0,"rotation":270,"texture":"#6"},"up":{"uv":[11.25,6.125,5.625,7.875],"tintindex":0,"rotation":0,"texture":"#6"},"down":{"uv":[11.25,4.375,5.625,6.125],"tintindex":0,"rotation":180,"texture":"#6"}}},{"from":[-5.3999996,-9.650002,-4.45],"to":[17.1,21.849998,-3.4499998],"faces":{"east":{"uv":[2.875,10.1875,3.0,11.9375],"tintindex":0,"rotation":0,"texture":"#6"},"south":{"uv":[5.625,6.125,11.25,7.875],"tintindex":0,"rotation":0,"texture":"#6"},"north":{"uv":[5.625,4.375,11.25,6.125],"tintindex":0,"rotation":0,"texture":"#6"},"west":{"uv":[3.0,10.1875,3.125,11.9375],"tintindex":0,"rotation":0,"texture":"#6"},"up":{"uv":[16.875,1.875,11.25,1.75],"tintindex":0,"rotation":0,"texture":"#6"},"down":{"uv":[16.875,1.875,11.25,2.0],"tintindex":0,"rotation":0,"texture":"#6"}}},{"from":[-5.3999996,-9.650002,19.55],"to":[17.1,21.849998,20.55],"faces":{"east":{"uv":[11.25,6.25,11.375,8.0],"tintindex":0,"rotation":0,"texture":"#6"},"south":{"uv":[5.625,7.875,11.25,9.625],"tintindex":0,"rotation":0,"texture":"#6"},"north":{"uv":[0.0,6.25,5.625,8.0],"tintindex":0,"rotation":0,"texture":"#6"},"west":{"uv":[11.375,2.75,11.5,4.5],"tintindex":0,"rotation":0,"texture":"#6"},"up":{"uv":[16.875,2.125,11.25,2.0],"tintindex":0,"rotation":0,"texture":"#6"},"down":{"uv":[16.875,2.125,11.25,2.25],"tintindex":0,"rotation":0,"texture":"#6"}}},{"from":[16.1,-9.650002,-3.4499998],"to":[17.1,21.849998,19.55],"faces":{"east":{"uv":[0.0,10.1875,2.875,11.9375],"tintindex":0,"rotation":0,"texture":"#6"},"south":{"uv":[11.375,4.5,11.5,6.25],"tintindex":0,"rotation":0,"texture":"#6"},"north":{"uv":[6.25,11.375,6.375,13.125],"tintindex":0,"rotation":0,"texture":"#6"},"west":{"uv":[11.25,0.0,14.125,1.75],"tintindex":0,"rotation":0,"texture":"#6"},"up":{"uv":[14.125,2.625,11.25,2.5],"tintindex":0,"rotation":90,"texture":"#6"},"down":{"uv":[14.125,2.625,11.25,2.75],"tintindex":0,"rotation":270,"texture":"#6"}}},{"from":[-1.3999996,-4.6500015,1.0500002],"to":[13.1,4.3499985,14.55],"faces":{"east":{"uv":[2.4375,2.75,0.75,3.875],"tintindex":0,"rotation":0,"texture":"#1"},"south":{"uv":[8.0625,7.5,6.25,8.625],"tintindex":0,"rotation":0,"texture":"#1"},"north":{"uv":[10.3125,7.0,8.5,8.125],"tintindex":0,"rotation":0,"texture":"#1"},"west":{"uv":[3.4375,5.0,1.75,6.125],"tintindex":0,"rotation":0,"texture":"#1"},"up":{"uv":[3.5625,6.75,1.75,8.4375],"tintindex":0,"rotation":0,"texture":"#1"},"down":{"uv":[5.3125,1.5,3.5,3.1875],"tintindex":0,"rotation":0,"texture":"#1"}}}],"display":{"head":{"rotation":[0.0,0.0,0.0]},"firstperson_righthand":{"rotation":[0.0,0.0,0.0]},"thirdperson_lefthand":{"rotation":[0.0,-0.0,-0.0]},"firstperson_lefthand":{"rotation":[0.0,-0.0,-0.0]},"fixed":{"rotation":[0.0,0.0,0.0]},"ground":{"rotation":[0.0,0.0,0.0]},"thirdperson_righthand":{"rotation":[0.0,0.0,0.0]},"gui":{"rotation":[-150.0,-45.0,180.0]}}}