{"textures":{"1":"modelengine:entity/skin","particle":"#1"},"elements":[{"from":[1.8000002,-4.375,2.0],"to":[14.3,3.625,14.0],"faces":{"east":{"uv":[0.75,5.5,2.25,6.5],"tintindex":0,"rotation":0,"texture":"#1"},"south":{"uv":[9.0,7.75,10.5625,8.75],"tintindex":0,"rotation":0,"texture":"#1"},"north":{"uv":[1.75,2.25,3.3125,3.25],"tintindex":0,"rotation":0,"texture":"#1"},"west":{"uv":[6.75,8.0,8.25,9.0],"tintindex":0,"rotation":0,"texture":"#1"},"up":{"uv":[2.75,6.5,4.3125,8.0],"tintindex":0,"rotation":0,"texture":"#1"},"down":{"uv":[5.25,1.25,6.8125,2.75],"tintindex":0,"rotation":0,"texture":"#1"}}},{"from":[2.7000003,1.625,3.0],"to":[13.2,9.125,13.0],"faces":{"east":{"uv":[8.0,6.75,9.25,7.6875],"tintindex":0,"rotation":0,"texture":"#1"},"south":{"uv":[5.75,7.0,7.0625,7.9375],"tintindex":0,"rotation":0,"texture":"#1"},"north":{"uv":[0.5,1.25,1.8125,2.1875],"tintindex":0,"rotation":0,"texture":"#1"},"west":{"uv":[3.25,6.25,4.5,7.1875],"tintindex":0,"rotation":0,"texture":"#1"},"up":{"uv":[0.5,5.0,1.8125,6.25],"tintindex":0,"rotation":0,"texture":"#1"},"down":{"uv":[2.75,1.25,4.0625,2.5],"tintindex":0,"rotation":0,"texture":"#1"}}}],"display":{"head":{"rotation":[0.0,0.0,0.0]},"firstperson_righthand":{"rotation":[0.0,0.0,0.0]},"thirdperson_lefthand":{"rotation":[0.0,-0.0,-0.0]},"firstperson_lefthand":{"rotation":[0.0,-0.0,-0.0]},"fixed":{"rotation":[0.0,0.0,0.0]},"ground":{"rotation":[0.0,0.0,0.0]},"thirdperson_righthand":{"rotation":[0.0,0.0,0.0]},"gui":{"rotation":[-150.0,-45.0,180.0]}}}