{"textures":{"1":"modelengine:entity/skin","particle":"#1"},"elements":[{"from":[1.6666665,2.5,1.5],"to":[15.0,13.5,14.5],"faces":{"east":{"uv":[2.75,0.5,5.1875,2.5625],"tintindex":0,"rotation":0,"texture":"#1"},"south":{"uv":[2.25,5.5,4.75,7.5625],"tintindex":0,"rotation":0,"texture":"#1"},"north":{"uv":[1.5,5.5,4.0,7.5625],"tintindex":0,"rotation":0,"texture":"#1"},"west":{"uv":[5.75,6.75,8.1875,8.8125],"tintindex":0,"rotation":0,"texture":"#1"},"up":{"uv":[6.25,6.5,8.75,8.9375],"tintindex":0,"rotation":0,"texture":"#1"},"down":{"uv":[1.25,1.75,3.75,4.1875],"tintindex":0,"rotation":0,"texture":"#1"}}},{"from":[3.0,-9.5,2.5],"to":[14.333334,2.5,13.5],"faces":{"east":{"uv":[8.75,7.5,10.8125,9.75],"tintindex":0,"rotation":0,"texture":"#1"},"south":{"uv":[2.75,5.5,4.875,7.75],"tintindex":0,"rotation":0,"texture":"#1"},"north":{"uv":[3.0,0.5,5.125,2.75],"tintindex":0,"rotation":0,"texture":"#1"},"west":{"uv":[0.75,2.25,2.8125,4.5],"tintindex":0,"rotation":0,"texture":"#1"},"up":{"uv":[6.25,7.25,8.375,9.3125],"tintindex":0,"rotation":0,"texture":"#1"},"down":{"uv":[0.75,5.25,2.875,7.3125],"tintindex":0,"rotation":0,"texture":"#1"}}}],"display":{"head":{"rotation":[0.0,0.0,0.0]},"firstperson_righthand":{"rotation":[0.0,0.0,0.0]},"thirdperson_lefthand":{"rotation":[0.0,-0.0,-0.0]},"firstperson_lefthand":{"rotation":[0.0,-0.0,-0.0]},"fixed":{"rotation":[0.0,0.0,0.0]},"ground":{"rotation":[0.0,0.0,0.0]},"thirdperson_righthand":{"rotation":[0.0,0.0,0.0]},"gui":{"rotation":[-150.0,-45.0,180.0]}}}