{"textures":{"4":"modelengine:entity/theeth","particle":"#4"},"elements":[{"from":[9.5,27.875,1.375],"to":[12.25,30.375,3.375],"faces":{"east":{"uv":[2.75,10.0,5.25,12.0],"tintindex":0,"rotation":90,"texture":"#4"},"south":{"uv":[5.5,7.5,2.75,10.0],"tintindex":0,"rotation":0,"texture":"#4"},"north":{"uv":[2.75,10.0,0.0,7.5],"tintindex":0,"rotation":180,"texture":"#4"},"west":{"uv":[5.25,10.0,7.75,12.0],"tintindex":0,"rotation":270,"texture":"#4"},"up":{"uv":[8.5,2.0,11.25,4.0],"tintindex":0,"rotation":0,"texture":"#4"},"down":{"uv":[3.5,2.0,6.25,4.0],"tintindex":0,"rotation":180,"texture":"#4"}}}],"display":{"head":{"rotation":[0.0,0.0,0.0]},"firstperson_righthand":{"rotation":[0.0,0.0,0.0]},"thirdperson_lefthand":{"rotation":[0.0,-0.0,-0.0]},"firstperson_lefthand":{"rotation":[0.0,-0.0,-0.0]},"fixed":{"rotation":[0.0,0.0,0.0]},"ground":{"rotation":[0.0,0.0,0.0]},"thirdperson_righthand":{"rotation":[0.0,0.0,0.0]},"gui":{"rotation":[-150.0,-45.0,180.0]}}}