{"textures":{"6":"modelengine:entity/wear","particle":"#6"},"elements":[{"from":[-14.299999,5.0999985,-3.3999996],"to":[30.5,22.400002,21.4],"faces":{"east":{"uv":[6.25,9.625,3.125,11.8125],"tintindex":0,"rotation":0,"texture":"#6"},"south":{"uv":[11.25,2.1875,5.625,4.375],"tintindex":0,"rotation":0,"texture":"#6"},"north":{"uv":[11.25,0.0,5.625,2.1875],"tintindex":0,"rotation":0,"texture":"#6"},"west":{"uv":[3.125,8.0,0.0,10.1875],"tintindex":0,"rotation":0,"texture":"#6"},"up":{"uv":[0.0,3.125,5.625,0.0],"tintindex":0,"rotation":0,"texture":"#6"},"down":{"uv":[0.0,3.125,5.625,6.25],"tintindex":0,"rotation":0,"texture":"#6"}}}],"display":{"head":{"rotation":[0.0,0.0,0.0]},"firstperson_righthand":{"rotation":[0.0,0.0,0.0]},"thirdperson_lefthand":{"rotation":[0.0,-0.0,-0.0]},"firstperson_lefthand":{"rotation":[0.0,-0.0,-0.0]},"fixed":{"rotation":[0.0,0.0,0.0]},"ground":{"rotation":[0.0,0.0,0.0]},"thirdperson_righthand":{"rotation":[0.0,0.0,0.0]},"gui":{"rotation":[-150.0,-45.0,180.0]}}}