{"textures":{"0":"bettermodel:item/colquida_chest","1":"bettermodel:item/colquida_skin","2":"bettermodel:item/colquida_pecs","3":"bettermodel:item/colquida_face","4":"bettermodel:item/colquida_theeth","5":"bettermodel:item/colquida_glove","6":"bettermodel:item/colquida_wear","particle":"bettermodel:item/colquida_chest"},"elements":[{"from":[6.0969663,8.670593,7.048483],"to":[9.903034,11.751696,9.132758],"faces":{"north":{"uv":[0.0,0.0,5.25,4.25],"tintindex":-2,"texture":"#0"},"east":{"uv":[5.25,5.75,8.125,10.0],"tintindex":-2,"texture":"#0"},"south":{"uv":[0.0,4.25,5.25,8.5],"tintindex":-2,"texture":"#0"},"west":{"uv":[8.125,5.75,11.0,10.0],"tintindex":-2,"texture":"#0"},"up":{"uv":[10.5,2.875,5.25,0.0],"tintindex":-2,"texture":"#0"},"down":{"uv":[10.5,2.875,5.25,5.75],"tintindex":-2,"texture":"#0"}}}],"display":{"fixed":{"scale":[4,4,4]}}}