{"textures":{"0":"bettermodel:item/colquida_chest","1":"bettermodel:item/colquida_skin","2":"bettermodel:item/colquida_pecs","3":"bettermodel:item/colquida_face","4":"bettermodel:item/colquida_theeth","5":"bettermodel:item/colquida_glove","6":"bettermodel:item/colquida_wear","particle":"bettermodel:item/colquida_chest"},"elements":[{"from":[7.5197105,7.422293,7.546897],"to":[8.471228,8.101948,8.453103],"faces":{"north":{"uv":[0.5,1.25,1.8125,2.1875],"tintindex":-2,"texture":"#1"},"east":{"uv":[8.0,6.75,9.25,7.6875],"tintindex":-2,"texture":"#1"},"south":{"uv":[5.75,7.0,7.0625,7.9375],"tintindex":-2,"texture":"#1"},"west":{"uv":[3.25,6.25,4.5,7.1875],"tintindex":-2,"texture":"#1"},"up":{"uv":[0.5,5.0,1.8125,6.25],"tintindex":-2,"texture":"#1"},"down":{"uv":[2.75,1.25,4.0625,2.5],"tintindex":-2,"texture":"#1"}}},{"from":[7.438152,6.8785696,7.456276],"to":[8.57091,7.6035347,8.543724],"faces":{"north":{"uv":[1.75,2.25,3.3125,3.25],"tintindex":-2,"texture":"#1"},"east":{"uv":[0.75,5.5,2.25,6.5],"tintindex":-2,"texture":"#1"},"south":{"uv":[9.0,7.75,10.5625,8.75],"tintindex":-2,"texture":"#1"},"west":{"uv":[6.75,8.0,8.25,9.0],"tintindex":-2,"texture":"#1"},"up":{"uv":[2.75,6.5,4.3125,8.0],"tintindex":-2,"texture":"#1"},"down":{"uv":[5.25,1.25,6.8125,2.75],"tintindex":-2,"texture":"#1"}}}],"display":{"fixed":{"scale":[4,4,4]}}}