{"textures":{"0":"bettermodel:item/colquida_chest","1":"bettermodel:item/colquida_skin","2":"bettermodel:item/colquida_pecs","3":"bettermodel:item/colquida_face","4":"bettermodel:item/colquida_theeth","5":"bettermodel:item/colquida_glove","6":"bettermodel:item/colquida_wear","particle":"bettermodel:item/colquida_chest"},"elements":[{"from":[7.728138,6.459449,7.592207],"to":[8.317172,7.7734485,8.317172],"faces":{"north":{"uv":[0.5,0.0,3.75,7.25],"tintindex":-2,"texture":"#5"},"east":{"uv":[0.0,0.0,4.0,7.25],"tintindex":-2,"texture":"#5"},"south":{"uv":[0.5,0.0,3.75,7.25],"tintindex":-2,"texture":"#5"},"west":{"uv":[0.0,0.0,4.0,7.25],"tintindex":-2,"texture":"#5"},"up":{"uv":[0.5,0.0,3.75,4.0],"tintindex":-2,"texture":"#5"},"down":{"uv":[0.5,0.0,3.75,4.0],"tintindex":-2,"texture":"#5"}}}],"display":{"fixed":{"scale":[4,4,4]}}}