{"textures":{"0":"bettermodel:item/colquida_chest","1":"bettermodel:item/colquida_skin","2":"bettermodel:item/colquida_pecs","3":"bettermodel:item/colquida_face","4":"bettermodel:item/colquida_theeth","5":"bettermodel:item/colquida_glove","6":"bettermodel:item/colquida_wear","particle":"bettermodel:item/colquida_chest"},"elements":[{"from":[7.728138,7.0937934,7.3656554],"to":[8.724965,8.04531,8.543724],"faces":{"north":{"uv":[4.5,1.0,5.875,2.3125],"tintindex":-2,"texture":"#1"},"east":{"uv":[9.25,7.75,10.875,9.0625],"tintindex":-2,"texture":"#1"},"south":{"uv":[6.0,7.5,7.375,8.8125],"tintindex":-2,"texture":"#1"},"west":{"uv":[3.5,6.0,5.125,7.3125],"tintindex":-2,"texture":"#1"},"up":{"uv":[0.75,4.75,2.125,6.375],"tintindex":-2,"texture":"#1"},"down":{"uv":[0.75,1.75,2.125,3.375],"tintindex":-2,"texture":"#1"}}}],"display":{"fixed":{"scale":[4,4,4]}}}