{"textures":{"0":"bettermodel:item/colquida_chest","1":"bettermodel:item/colquida_skin","2":"bettermodel:item/colquida_pecs","3":"bettermodel:item/colquida_face","4":"bettermodel:item/colquida_theeth","5":"bettermodel:item/colquida_glove","6":"bettermodel:item/colquida_wear","particle":"bettermodel:item/colquida_chest"},"elements":[{"from":[7.048483,7.2523794,7.1164484],"to":[8.860896,8.747621,8.883552],"faces":{"north":{"uv":[1.75,3.0,4.0625,0.5],"rotation":90.0,"tintindex":-2,"texture":"#1"},"east":{"uv":[7.9375,0.25,5.5,2.3125],"tintindex":-2,"texture":"#1"},"south":{"uv":[8.5,6.75,6.0,8.8125],"tintindex":-2,"texture":"#1"},"west":{"uv":[4.6875,5.5,2.25,7.5625],"tintindex":-2,"texture":"#1"},"up":{"uv":[3.25,5.25,0.75,7.6875],"tintindex":-2,"texture":"#1"},"down":{"uv":[3.75,1.25,1.25,3.6875],"tintindex":-2,"texture":"#1"}}},{"from":[7.184414,5.6212077,7.2523794],"to":[8.724965,7.2523794,8.747621],"faces":{"north":{"uv":[2.75,2.0,4.875,4.25],"tintindex":-2,"texture":"#1"},"east":{"uv":[6.5,7.25,8.5625,9.5],"tintindex":-2,"texture":"#1"},"south":{"uv":[8.5,6.5,10.625,8.75],"tintindex":-2,"texture":"#1"},"west":{"uv":[3.0,5.5,5.0625,7.75],"tintindex":-2,"texture":"#1"},"up":{"uv":[1.25,5.25,3.375,7.3125],"tintindex":-2,"texture":"#1"},"down":{"uv":[0.75,2.25,2.875,4.3125],"tintindex":-2,"texture":"#1"}}}],"display":{"fixed":{"scale":[4,4,4]}}}