{"textures":{"0":"bettermodel:item/colquida_chest","1":"bettermodel:item/colquida_skin","2":"bettermodel:item/colquida_pecs","3":"bettermodel:item/colquida_face","4":"bettermodel:item/colquida_theeth","5":"bettermodel:item/colquida_glove","6":"bettermodel:item/colquida_wear","particle":"bettermodel:item/colquida_chest"},"elements":[{"from":[7.410966,6.912552,7.456276],"to":[8.724965,7.728138,8.679655],"faces":{"north":{"uv":[1.5,2.25,3.3125,3.375],"tintindex":-2,"texture":"#1"},"east":{"uv":[8.0,7.5,9.6875,8.625],"tintindex":-2,"texture":"#1"},"south":{"uv":[0.75,0.75,2.5625,1.875],"tintindex":-2,"texture":"#1"},"west":{"uv":[3.5,5.0,5.1875,6.125],"tintindex":-2,"texture":"#1"},"up":{"uv":[5.5,6.25,7.3125,7.9375],"tintindex":-2,"texture":"#1"},"down":{"uv":[4.0,1.0,5.8125,2.6875],"tintindex":-2,"texture":"#1"}}},{"from":[7.048483,6.459449,6.9578624],"to":[9.087448,9.313999,7.048483],"faces":{"north":{"uv":[11.25,4.375,5.625,6.125],"tintindex":-2,"texture":"#6"},"east":{"uv":[3.125,10.1875,3.0,11.9375],"tintindex":-2,"texture":"#6"},"south":{"uv":[11.25,6.125,5.625,7.875],"tintindex":-2,"texture":"#6"},"west":{"uv":[3.0,10.1875,2.875,11.9375],"tintindex":-2,"texture":"#6"},"up":{"uv":[11.25,1.875,16.875,1.75],"tintindex":-2,"texture":"#6"},"down":{"uv":[11.25,1.875,16.875,2.0],"tintindex":-2,"texture":"#6"}}},{"from":[7.048483,6.459449,9.132758],"to":[9.087448,9.313999,9.223379],"faces":{"north":{"uv":[5.625,6.25,0.0,8.0],"tintindex":-2,"texture":"#6"},"east":{"uv":[11.5,2.75,11.375,4.5],"tintindex":-2,"texture":"#6"},"south":{"uv":[11.25,7.875,5.625,9.625],"tintindex":-2,"texture":"#6"},"west":{"uv":[11.375,6.25,11.25,8.0],"tintindex":-2,"texture":"#6"},"up":{"uv":[11.25,2.125,16.875,2.0],"tintindex":-2,"texture":"#6"},"down":{"uv":[11.25,2.125,16.875,2.25],"tintindex":-2,"texture":"#6"}}}],"display":{"fixed":{"scale":[4,4,4]}}}