{"textures":{"0":"bettermodel:item/colquida_chest","1":"bettermodel:item/colquida_skin","2":"bettermodel:item/colquida_pecs","3":"bettermodel:item/colquida_face","4":"bettermodel:item/colquida_theeth","5":"bettermodel:item/colquida_glove","6":"bettermodel:item/colquida_wear","particle":"bettermodel:item/colquida_chest"},"elements":[{"from":[5.9157248,10.084275,6.0063457],"to":[7.728138,11.307654,6.731311],"faces":{"north":{"uv":[4.75,3.75,2.25,5.4375],"tintindex":-2,"texture":"#2"},"east":{"uv":[3.25,1.0,2.25,2.6875],"tintindex":-2,"texture":"#2"},"south":{"uv":[8.25,7.0,5.75,8.6875],"tintindex":-2,"texture":"#2"},"west":{"uv":[3.25,1.0,2.25,2.6875],"tintindex":-2,"texture":"#2"},"up":{"uv":[4.25,6.75,1.75,7.75],"tintindex":-2,"texture":"#2"},"down":{"uv":[6.5,1.25,4.0,2.25],"tintindex":-2,"texture":"#2"}}},{"from":[8.271862,10.084275,6.0063457],"to":[10.084275,11.307654,7.275035],"faces":{"north":{"uv":[2.25,3.75,4.75,5.4375],"tintindex":-2,"texture":"#2"},"east":{"uv":[9.75,6.5,10.75,8.1875],"tintindex":-2,"texture":"#2"},"south":{"uv":[2.25,3.75,4.75,5.4375],"tintindex":-2,"texture":"#2"},"west":{"uv":[9.75,6.5,10.75,8.1875],"tintindex":-2,"texture":"#2"},"up":{"uv":[4.0,1.25,6.5,2.25],"tintindex":-2,"texture":"#2"},"down":{"uv":[4.0,1.25,6.5,2.25],"tintindex":-2,"texture":"#2"}}}],"display":{"fixed":{"scale":[4,4,4]}}}