{"textures":{"0":"bettermodel:item/colquida_chest","1":"bettermodel:item/colquida_skin","2":"bettermodel:item/colquida_pecs","3":"bettermodel:item/colquida_face","4":"bettermodel:item/colquida_theeth","5":"bettermodel:item/colquida_glove","6":"bettermodel:item/colquida_wear","particle":"bettermodel:item/colquida_chest"},"elements":[{"from":[7.1481657,6.8536487,7.3701863],"to":[8.462166,7.6692343,8.593565],"faces":{"north":{"uv":[10.3125,7.0,8.5,8.125],"tintindex":-2,"texture":"#1"},"east":{"uv":[2.4375,2.75,0.75,3.875],"tintindex":-2,"texture":"#1"},"south":{"uv":[8.0625,7.5,6.25,8.625],"tintindex":-2,"texture":"#1"},"west":{"uv":[3.4375,5.0,1.75,6.125],"tintindex":-2,"texture":"#1"},"up":{"uv":[3.5625,6.75,1.75,8.4375],"tintindex":-2,"texture":"#1"},"down":{"uv":[5.3125,1.5,3.5,3.1875],"tintindex":-2,"texture":"#1"}}},{"from":[6.785683,6.400545,6.871773],"to":[8.824648,9.255096,6.9623938],"faces":{"north":{"uv":[5.625,4.375,11.25,6.125],"tintindex":-2,"texture":"#6"},"east":{"uv":[2.875,10.1875,3.0,11.9375],"tintindex":-2,"texture":"#6"},"south":{"uv":[5.625,6.125,11.25,7.875],"tintindex":-2,"texture":"#6"},"west":{"uv":[3.0,10.1875,3.125,11.9375],"tintindex":-2,"texture":"#6"},"up":{"uv":[16.875,1.875,11.25,1.75],"tintindex":-2,"texture":"#6"},"down":{"uv":[16.875,1.875,11.25,2.0],"tintindex":-2,"texture":"#6"}}},{"from":[6.785683,6.400545,9.046669],"to":[8.824648,9.255096,9.137289],"faces":{"north":{"uv":[0.0,6.25,5.625,8.0],"tintindex":-2,"texture":"#6"},"east":{"uv":[11.25,6.25,11.375,8.0],"tintindex":-2,"texture":"#6"},"south":{"uv":[5.625,7.875,11.25,9.625],"tintindex":-2,"texture":"#6"},"west":{"uv":[11.375,2.75,11.5,4.5],"tintindex":-2,"texture":"#6"},"up":{"uv":[16.875,2.125,11.25,2.0],"tintindex":-2,"texture":"#6"},"down":{"uv":[16.875,2.125,11.25,2.25],"tintindex":-2,"texture":"#6"}}}],"display":{"fixed":{"scale":[4,4,4]}}}