{"textures":{"0":"bettermodel:item/colquida_chest","1":"bettermodel:item/colquida_skin","2":"bettermodel:item/colquida_pecs","3":"bettermodel:item/colquida_face","4":"bettermodel:item/colquida_theeth","5":"bettermodel:item/colquida_glove","6":"bettermodel:item/colquida_wear","particle":"bettermodel:item/colquida_chest"},"elements":[{"from":[7.139104,7.2523794,7.1164484],"to":[8.951517,8.747621,8.883552],"faces":{"north":{"uv":[1.5,5.5,4.0,7.5625],"tintindex":-2,"texture":"#1"},"east":{"uv":[2.75,0.5,5.1875,2.5625],"tintindex":-2,"texture":"#1"},"south":{"uv":[2.25,5.5,4.75,7.5625],"tintindex":-2,"texture":"#1"},"west":{"uv":[5.75,6.75,8.1875,8.8125],"tintindex":-2,"texture":"#1"},"up":{"uv":[6.25,6.5,8.75,8.9375],"tintindex":-2,"texture":"#1"},"down":{"uv":[1.25,1.75,3.75,4.1875],"tintindex":-2,"texture":"#1"}}},{"from":[7.320345,5.6212077,7.2523794],"to":[8.860896,7.2523794,8.747621],"faces":{"north":{"uv":[3.0,0.5,5.125,2.75],"tintindex":-2,"texture":"#1"},"east":{"uv":[8.75,7.5,10.8125,9.75],"tintindex":-2,"texture":"#1"},"south":{"uv":[2.75,5.5,4.875,7.75],"tintindex":-2,"texture":"#1"},"west":{"uv":[0.75,2.25,2.8125,4.5],"tintindex":-2,"texture":"#1"},"up":{"uv":[6.25,7.25,8.375,9.3125],"tintindex":-2,"texture":"#1"},"down":{"uv":[0.75,5.25,2.875,7.3125],"tintindex":-2,"texture":"#1"}}}],"display":{"fixed":{"scale":[4,4,4]}}}