{"textures":{"0":"bettermodel:item/colquida_chest","1":"bettermodel:item/colquida_skin","2":"bettermodel:item/colquida_pecs","3":"bettermodel:item/colquida_face","4":"bettermodel:item/colquida_theeth","5":"bettermodel:item/colquida_glove","6":"bettermodel:item/colquida_wear","particle":"bettermodel:item/colquida_chest"},"elements":[{"from":[5.9791594,7.7372,6.9669247],"to":[10.038965,9.304937,9.214317],"faces":{"north":{"uv":[11.25,0.0,5.625,2.1875],"tintindex":-2,"texture":"#6"},"east":{"uv":[6.25,9.625,3.125,11.8125],"tintindex":-2,"texture":"#6"},"south":{"uv":[11.25,2.1875,5.625,4.375],"tintindex":-2,"texture":"#6"},"west":{"uv":[3.125,8.0,0.0,10.1875],"tintindex":-2,"texture":"#6"},"up":{"uv":[0.0,3.125,5.625,0.0],"tintindex":-2,"texture":"#6"},"down":{"uv":[0.0,3.125,5.625,6.25],"tintindex":-2,"texture":"#6"}}}],"display":{"fixed":{"scale":[4,4,4]}}}