{"textures":{"0":"bettermodel:item/colquida_chest","1":"bettermodel:item/colquida_skin","2":"bettermodel:item/colquida_pecs","3":"bettermodel:item/colquida_face","4":"bettermodel:item/colquida_theeth","5":"bettermodel:item/colquida_glove","6":"bettermodel:item/colquida_wear","particle":"bettermodel:item/colquida_chest"},"elements":[{"from":[7.275035,6.3801556,7.390576],"to":[8.679655,7.9660172,8.749886],"faces":{"north":{"uv":[1.75,4.5,5.75,8.5],"tintindex":-2,"texture":"#5"},"east":{"uv":[11.5,4.75,15.5,8.75],"tintindex":-2,"texture":"#5"},"south":{"uv":[0.0,4.5,4.0,8.5],"tintindex":-2,"texture":"#5"},"west":{"uv":[9.75,4.75,13.75,8.75],"tintindex":-2,"texture":"#5"},"up":{"uv":[5.75,5.0,9.75,9.0],"tintindex":-2,"texture":"#5"},"down":{"uv":[3.5,4.5,7.5,8.5],"tintindex":-2,"texture":"#5"}}},{"from":[7.320345,6.3801556,6.66108],"to":[8.634345,7.286362,7.386045],"faces":{"north":{"uv":[0.25,3.75,4.25,7.75],"tintindex":-2,"texture":"#5"},"east":{"uv":[0.0,4.0,3.25,8.0],"tintindex":-2,"texture":"#5"},"south":{"uv":[12.0,4.5,16.0,8.5],"tintindex":-2,"texture":"#5"},"west":{"uv":[10.5,5.0,13.75,9.0],"tintindex":-2,"texture":"#5"},"up":{"uv":[8.0,5.25,12.0,8.5],"tintindex":-2,"texture":"#5"},"down":{"uv":[4.0,5.0,8.0,8.25],"tintindex":-2,"texture":"#5"}}}],"display":{"fixed":{"scale":[4,4,4]}}}