{"textures":{"0":"bettermodel:item/colquida_chest","1":"bettermodel:item/colquida_skin","2":"bettermodel:item/colquida_pecs","3":"bettermodel:item/colquida_face","4":"bettermodel:item/colquida_theeth","5":"bettermodel:item/colquida_glove","6":"bettermodel:item/colquida_wear","particle":"bettermodel:item/colquida_chest"},"elements":[{"from":[7.546897,6.8219314,7.456276],"to":[8.543724,7.7734485,8.634345],"faces":{"north":{"uv":[0.5,0.5,1.875,1.8125],"tintindex":-2,"texture":"#1"},"east":{"uv":[3.25,3.0,4.25,4.0],"tintindex":-2,"texture":"#1"},"south":{"uv":[9.25,7.75,10.25,8.75],"tintindex":-2,"texture":"#1"},"west":{"uv":[5.5,1.5,6.5,2.5],"tintindex":-2,"texture":"#1"},"up":{"uv":[6.25,6.5,7.25,7.5],"tintindex":-2,"texture":"#1"},"down":{"uv":[1.0,5.0,3.25,6.75],"tintindex":-2,"texture":"#1"}}}],"display":{"fixed":{"scale":[4,4,4]}}}