{"textures":{"0":"bettermodel:item/graywolf_grayscalewolf","particle":"bettermodel:item/graywolf_grayscalewolf"},"elements":[{"from":[7.943362,7.8924317,7.996722],"to":[8.052107,8.103125,8.098671],"rotation":{"angle":-45.0,"axis":"x","origin":[7.9841413,7.99438,8.085077]},"faces":{"north":{"uv":[1.0,5.0,0.5,6.0],"tintindex":-2,"texture":"#0"},"east":{"uv":[1.5,5.0,1.0,6.0],"tintindex":-2,"texture":"#0"},"south":{"uv":[2.0,5.0,1.5,6.0],"tintindex":-2,"texture":"#0"},"west":{"uv":[0.5,5.0,0.0,6.0],"tintindex":-2,"texture":"#0"},"up":{"uv":[1.0,4.5,0.5,5.0],"tintindex":-2,"texture":"#0"},"down":{"uv":[1.5,4.5,1.0,5.0],"tintindex":-2,"texture":"#0"}}},{"from":[7.956955,7.7213416,8.029451],"to":[8.038514,7.9456277,8.117806],"rotation":{"angle":22.5,"axis":"x","origin":[7.9977345,7.877662,8.0226555]},"faces":{"north":{"uv":[1.0,5.75,0.5,7.0],"tintindex":-2,"texture":"#0"},"east":{"uv":[1.5,5.75,1.0,7.0],"tintindex":-2,"texture":"#0"},"south":{"uv":[2.0,5.75,1.5,7.0],"tintindex":-2,"texture":"#0"},"west":{"uv":[0.5,5.75,0.0,7.0],"tintindex":-2,"texture":"#0"},"up":{"uv":[1.0,4.5,0.5,5.0],"tintindex":-2,"texture":"#0"},"down":{"uv":[1.5,4.5,1.0,5.0],"tintindex":-2,"texture":"#0"}}},{"from":[8.038514,7.653376,7.9275036],"to":[8.072496,7.7213416,7.9886723],"rotation":{"angle":22.5,"axis":"x","origin":[8.062302,7.6975536,8.015859]},"faces":{"north":{"uv":[1.0,6.0,0.5,7.0],"tintindex":-2,"texture":"#0"},"east":{"uv":[7.25,5.25,6.25,6.25],"tintindex":-2,"texture":"#0"},"south":{"uv":[1.0,6.0,0.5,7.0],"tintindex":-2,"texture":"#0"},"west":{"uv":[7.25,5.25,6.25,6.25],"tintindex":-2,"texture":"#0"},"up":{"uv":[1.0,6.0,0.5,7.0],"tintindex":-2,"texture":"#0"},"down":{"uv":[1.0,6.0,0.5,7.0],"tintindex":-2,"texture":"#0"}}},{"from":[7.929769,7.6737657,7.9546895],"to":[8.058904,7.741731,8.049841],"faces":{"north":{"uv":[1.25,6.25,0.25,7.0],"tintindex":-2,"texture":"#0"},"east":{"uv":[1.25,6.25,0.25,7.0],"tintindex":-2,"texture":"#0"},"south":{"uv":[1.25,6.25,0.25,7.0],"tintindex":-2,"texture":"#0"},"west":{"uv":[1.25,6.25,0.25,7.0],"tintindex":-2,"texture":"#0"},"up":{"uv":[1.25,6.25,0.25,7.0],"tintindex":-2,"texture":"#0"},"down":{"uv":[1.25,6.25,0.25,7.0],"tintindex":-2,"texture":"#0"}}},{"from":[7.963752,7.6737657,7.8799276],"to":[7.9841413,7.7009516,7.947893],"faces":{"north":{"uv":[1.5,3.25,1.25,4.0],"tintindex":-2,"texture":"#0"},"east":{"uv":[1.5,3.25,1.25,4.0],"tintindex":-2,"texture":"#0"},"south":{"uv":[1.5,3.25,1.25,4.0],"tintindex":-2,"texture":"#0"},"west":{"uv":[1.5,3.25,1.25,4.0],"tintindex":-2,"texture":"#0"},"up":{"uv":[1.5,3.25,1.25,4.0],"tintindex":-2,"texture":"#0"},"down":{"uv":[1.5,3.25,1.25,4.0],"tintindex":-2,"texture":"#0"}}},{"from":[7.9229727,7.6737657,7.900317],"to":[7.943362,7.7009516,7.9682827],"faces":{"north":{"uv":[1.5,3.25,1.25,4.0],"tintindex":-2,"texture":"#0"},"east":{"uv":[1.5,3.25,1.25,4.0],"tintindex":-2,"texture":"#0"},"south":{"uv":[1.5,3.25,1.25,4.0],"tintindex":-2,"texture":"#0"},"west":{"uv":[1.5,3.25,1.25,4.0],"tintindex":-2,"texture":"#0"},"up":{"uv":[1.5,3.25,1.25,4.0],"tintindex":-2,"texture":"#0"},"down":{"uv":[1.5,3.25,1.25,4.0],"tintindex":-2,"texture":"#0"}}},{"from":[8.004531,7.6737657,7.8663344],"to":[8.02492,7.7009516,7.9343],"faces":{"north":{"uv":[1.5,3.25,1.25,4.0],"tintindex":-2,"texture":"#0"},"east":{"uv":[1.5,3.25,1.25,4.0],"tintindex":-2,"texture":"#0"},"south":{"uv":[1.5,3.25,1.25,4.0],"tintindex":-2,"texture":"#0"},"west":{"uv":[1.5,3.25,1.25,4.0],"tintindex":-2,"texture":"#0"},"up":{"uv":[1.5,3.25,1.25,4.0],"tintindex":-2,"texture":"#0"},"down":{"uv":[1.5,3.25,1.25,4.0],"tintindex":-2,"texture":"#0"}}},{"from":[8.04531,7.6737657,7.893521],"to":[8.0657,7.7009516,7.9614863],"faces":{"north":{"uv":[1.5,3.25,1.25,4.0],"tintindex":-2,"texture":"#0"},"east":{"uv":[1.5,3.25,1.25,4.0],"tintindex":-2,"texture":"#0"},"south":{"uv":[1.5,3.25,1.25,4.0],"tintindex":-2,"texture":"#0"},"west":{"uv":[1.5,3.25,1.25,4.0],"tintindex":-2,"texture":"#0"},"up":{"uv":[1.5,3.25,1.25,4.0],"tintindex":-2,"texture":"#0"},"down":{"uv":[1.5,3.25,1.25,4.0],"tintindex":-2,"texture":"#0"}}},{"from":[7.956955,7.653376,7.9139104],"to":[7.9909377,7.7213416,7.9750795],"rotation":{"angle":22.5,"axis":"x","origin":[7.980743,7.6975536,8.002266]},"faces":{"north":{"uv":[1.0,6.0,0.5,7.0],"tintindex":-2,"texture":"#0"},"east":{"uv":[7.25,5.25,6.25,6.25],"tintindex":-2,"texture":"#0"},"south":{"uv":[1.0,6.0,0.5,7.0],"tintindex":-2,"texture":"#0"},"west":{"uv":[7.25,5.25,6.25,6.25],"tintindex":-2,"texture":"#0"},"up":{"uv":[1.0,6.0,0.5,7.0],"tintindex":-2,"texture":"#0"},"down":{"uv":[1.0,6.0,0.5,7.0],"tintindex":-2,"texture":"#0"}}},{"from":[7.916176,7.653376,7.9275036],"to":[7.9501586,7.7213416,7.9886723],"rotation":{"angle":22.5,"axis":"x","origin":[7.939964,7.6975536,8.015859]},"faces":{"north":{"uv":[1.0,6.0,0.5,7.0],"tintindex":-2,"texture":"#0"},"east":{"uv":[7.25,5.25,6.25,6.25],"tintindex":-2,"texture":"#0"},"south":{"uv":[1.0,6.0,0.5,7.0],"tintindex":-2,"texture":"#0"},"west":{"uv":[7.25,5.25,6.25,6.25],"tintindex":-2,"texture":"#0"},"up":{"uv":[1.0,6.0,0.5,7.0],"tintindex":-2,"texture":"#0"},"down":{"uv":[1.0,6.0,0.5,7.0],"tintindex":-2,"texture":"#0"}}},{"from":[7.9977345,7.653376,7.893521],"to":[8.031717,7.734935,7.9614863],"rotation":{"angle":22.5,"axis":"x","origin":[8.0215225,7.711147,7.981876]},"faces":{"north":{"uv":[1.0,6.0,0.5,7.0],"tintindex":-2,"texture":"#0"},"east":{"uv":[7.25,5.25,6.25,6.25],"tintindex":-2,"texture":"#0"},"south":{"uv":[1.0,6.0,0.5,7.0],"tintindex":-2,"texture":"#0"},"west":{"uv":[7.25,5.25,6.25,6.25],"tintindex":-2,"texture":"#0"},"up":{"uv":[1.0,6.0,0.5,7.0],"tintindex":-2,"texture":"#0"},"down":{"uv":[1.0,6.0,0.5,7.0],"tintindex":-2,"texture":"#0"}}}],"display":{"fixed":{"scale":[4,4,4]}}}