{"textures":{"0":"bettermodel:item/minero_golem1","1":"bettermodel:item/minero_head","2":"bettermodel:item/minero_belly","3":"bettermodel:item/minero_actualbelly","4":"bettermodel:item/minero_helm","5":"bettermodel:item/minero_backpack","particle":"bettermodel:item/minero_golem1"},"elements":[{"from":[7.864069,8.090621,8.0],"to":[8.090621,8.271862,8.135931],"faces":{"north":{"uv":[0.0,0.0,5.0,4.0],"tintindex":-2,"texture":"#2"},"east":{"uv":[5.0,6.0,8.0,10.0],"tintindex":-2,"texture":"#2"},"south":{"uv":[0.0,4.0,5.0,8.0],"tintindex":-2,"texture":"#2"},"west":{"uv":[0.0,8.0,3.0,12.0],"tintindex":-2,"texture":"#2"},"up":{"uv":[10.0,3.0,5.0,0.0],"tintindex":-2,"texture":"#2"},"down":{"uv":[10.0,3.0,5.0,6.0],"tintindex":-2,"texture":"#2"}}}],"display":{"fixed":{"scale":[4,4,4]}}}