{"textures":{"0":"bettermodel:item/minero_golem1","1":"bettermodel:item/minero_head","2":"bettermodel:item/minero_belly","3":"bettermodel:item/minero_actualbelly","4":"bettermodel:item/minero_helm","5":"bettermodel:item/minero_backpack","particle":"bettermodel:item/minero_golem1"},"elements":[{"from":[7.9275036,7.9365654,7.9546895],"to":[8.063435,8.0679655,8.0],"faces":{"north":{"uv":[0.0,0.0,3.0,3.0],"tintindex":-2,"texture":"#3"},"east":{"uv":[3.0,0.0,4.0,3.0],"tintindex":-2,"texture":"#3"},"south":{"uv":[0.0,3.0,3.0,6.0],"tintindex":-2,"texture":"#3"},"west":{"uv":[3.0,3.0,4.0,6.0],"tintindex":-2,"texture":"#3"},"up":{"uv":[7.0,1.0,4.0,0.0],"tintindex":-2,"texture":"#3"},"down":{"uv":[7.0,1.0,4.0,2.0],"tintindex":-2,"texture":"#3"}}}],"display":{"fixed":{"scale":[4,4,4]}}}