{"textures":{"0":"bettermodel:item/mossgolem_gloves","1":"bettermodel:item/mossgolem_texture","2":"bettermodel:item/mossgolem_boots","3":"bettermodel:item/mossgolem_sock","4":"bettermodel:item/mossgolem_rock","5":"bettermodel:item/mossgolem_topgrassplusrock","6":"bettermodel:item/mossgolem_rockface","7":"bettermodel:item/mossgolem_glasses","particle":"bettermodel:item/mossgolem_gloves"},"elements":[{"from":[5.5985527,6.0743113,6.59538],"to":[10.401447,10.288172,9.40462],"faces":{"north":{"uv":[0.75,1.25,3.25,3.5],"tintindex":-2,"texture":"#6"},"east":{"uv":[6.25,10.5,9.0,13.0],"tintindex":-2,"texture":"#6"},"south":{"uv":[6.0,1.0,8.75,4.0],"tintindex":-2,"texture":"#6"},"west":{"uv":[1.0,10.5,2.75,13.0],"tintindex":-2,"texture":"#6"},"up":{"uv":[1.5,6.75,3.5,8.75],"tintindex":-2,"texture":"#6"},"down":{"uv":[6.25,6.25,9.75,8.25],"tintindex":-2,"texture":"#6"}}}],"display":{"fixed":{"scale":[4,4,4]}}}