{"textures":{"0":"bettermodel:item/sakura_basebody","1":"bettermodel:item/sakura_hair1","2":"bettermodel:item/sakura_hair2","3":"bettermodel:item/sakura_hair3","4":"bettermodel:item/sakura_hair4","5":"bettermodel:item/sakura_heads","6":"bettermodel:item/sakura_legss","7":"bettermodel:item/sakura_earss","8":"bettermodel:item/sakura_butt","9":"bettermodel:item/sakura_butthair","10":"bettermodel:item/sakura_tails","particle":"bettermodel:item/sakura_basebody"},"elements":[{"from":[7.9546895,7.9184413,7.9139104],"to":[8.181241,8.081558,8.077027],"faces":{"north":{"uv":[0.0,0.0,5.0,4.0],"tintindex":-2,"texture":"#10"},"east":{"uv":[0.0,8.0,4.0,12.0],"tintindex":-2,"texture":"#10"},"south":{"uv":[0.0,4.0,5.0,8.0],"tintindex":-2,"texture":"#10"},"west":{"uv":[4.0,8.0,8.0,12.0],"tintindex":-2,"texture":"#10"},"up":{"uv":[10.0,4.0,5.0,0.0],"tintindex":-2,"texture":"#10"},"down":{"uv":[10.0,4.0,5.0,8.0],"tintindex":-2,"texture":"#10"}}}],"display":{"fixed":{"scale":[4,4,4]}}}