{"textures":{"0":"bettermodel:item/sakura_basebody","1":"bettermodel:item/sakura_hair1","2":"bettermodel:item/sakura_hair2","3":"bettermodel:item/sakura_hair3","4":"bettermodel:item/sakura_hair4","5":"bettermodel:item/sakura_heads","6":"bettermodel:item/sakura_legss","7":"bettermodel:item/sakura_earss","8":"bettermodel:item/sakura_butt","9":"bettermodel:item/sakura_butthair","10":"bettermodel:item/sakura_tails","particle":"bettermodel:item/sakura_basebody"},"elements":[{"from":[7.9093795,7.977345,8.0226555],"to":[8.090621,8.0226555,8.2038965],"faces":{"north":{"uv":[0.0,8.0,4.0,9.0],"tintindex":-2,"texture":"#7"},"east":{"uv":[8.0,0.0,12.0,1.0],"tintindex":-2,"texture":"#7"},"south":{"uv":[8.0,1.0,12.0,2.0],"tintindex":-2,"texture":"#7"},"west":{"uv":[8.0,2.0,12.0,3.0],"tintindex":-2,"texture":"#7"},"up":{"uv":[4.0,4.0,0.0,0.0],"tintindex":-2,"texture":"#7"},"down":{"uv":[4.0,4.0,0.0,8.0],"tintindex":-2,"texture":"#7"}}}],"display":{"fixed":{"scale":[4,4,4]}}}