{"textures":{"0":"bettermodel:item/sakura_basebody","1":"bettermodel:item/sakura_hair1","2":"bettermodel:item/sakura_hair2","3":"bettermodel:item/sakura_hair3","4":"bettermodel:item/sakura_hair4","5":"bettermodel:item/sakura_heads","6":"bettermodel:item/sakura_legss","7":"bettermodel:item/sakura_earss","8":"bettermodel:item/sakura_butt","9":"bettermodel:item/sakura_butthair","10":"bettermodel:item/sakura_tails","particle":"bettermodel:item/sakura_basebody"},"elements":[{"from":[7.864069,8.362483,7.8731313],"to":[8.0,8.589034,8.013593],"faces":{"north":{"uv":[0.0,0.0,1.5,2.5],"tintindex":-2,"texture":"#8"},"east":{"uv":[1.5,0.0,3.0,2.5],"tintindex":-2,"texture":"#8"},"south":{"uv":[0.0,2.5,1.5,5.0],"tintindex":-2,"texture":"#8"},"west":{"uv":[1.5,2.5,3.0,5.0],"tintindex":-2,"texture":"#8"},"up":{"uv":[1.5,6.5,0.0,5.0],"tintindex":-2,"texture":"#8"},"down":{"uv":[3.0,5.0,1.5,6.5],"tintindex":-2,"texture":"#8"}}},{"from":[7.864069,8.362483,8.054373],"to":[8.0,8.589034,8.194835],"faces":{"north":{"uv":[3.0,0.0,4.5,2.5],"tintindex":-2,"texture":"#8"},"east":{"uv":[3.0,2.5,4.5,5.0],"tintindex":-2,"texture":"#8"},"south":{"uv":[4.5,0.0,6.0,2.5],"tintindex":-2,"texture":"#8"},"west":{"uv":[4.5,2.5,6.0,5.0],"tintindex":-2,"texture":"#8"},"up":{"uv":[4.5,6.5,3.0,5.0],"tintindex":-2,"texture":"#8"},"down":{"uv":[6.0,5.0,4.5,6.5],"tintindex":-2,"texture":"#8"}}},{"from":[7.9546895,8.403262,8.013593],"to":[8.0,8.589034,8.054373],"faces":{"north":{"uv":[6.0,5.0,6.5,7.0],"tintindex":-2,"texture":"#8"},"east":{"uv":[0.0,6.5,0.5,8.5],"tintindex":-2,"texture":"#8"},"south":{"uv":[0.5,6.5,1.0,8.5],"tintindex":-2,"texture":"#8"},"west":{"uv":[1.0,6.5,1.5,8.5],"tintindex":-2,"texture":"#8"},"up":{"uv":[7.0,2.0,6.5,1.5],"tintindex":-2,"texture":"#8"},"down":{"uv":[2.5,6.5,2.0,7.0],"tintindex":-2,"texture":"#8"}}},{"from":[7.9546895,8.589034,7.9456277],"to":[8.0,8.607159,8.122338],"faces":{"north":{"uv":[6.5,1.0,7.0,1.5],"tintindex":-2,"texture":"#8"},"east":{"uv":[6.0,0.0,8.0,0.5],"tintindex":-2,"texture":"#8"},"south":{"uv":[1.5,6.5,2.0,7.0],"tintindex":-2,"texture":"#8"},"west":{"uv":[6.0,0.5,8.0,1.0],"tintindex":-2,"texture":"#8"},"up":{"uv":[6.5,3.0,6.0,1.0],"tintindex":-2,"texture":"#8"},"down":{"uv":[6.5,3.0,6.0,5.0],"tintindex":-2,"texture":"#8"}}},{"from":[7.995469,8.312641,7.8912554],"to":[7.995469,8.403262,8.181241],"faces":{"north":{"uv":[0.0,0.0,0.0,2.0],"tintindex":-2,"texture":"#9"},"east":{"uv":[0.0,0.0,6.0,2.0],"tintindex":-2,"texture":"#9"},"south":{"uv":[0.0,0.0,0.0,2.0],"tintindex":-2,"texture":"#9"},"west":{"uv":[0.0,2.0,6.0,4.0],"tintindex":-2,"texture":"#9"},"up":{"uv":[0.0,6.0,0.0,0.0],"tintindex":-2,"texture":"#9"},"down":{"uv":[0.0,0.0,0.0,6.0],"tintindex":-2,"texture":"#9"}}}],"display":{"fixed":{"scale":[4,4,4]}}}