{"textures":{"0":"bettermodel:item/sakura_basebody","1":"bettermodel:item/sakura_hair1","2":"bettermodel:item/sakura_hair2","3":"bettermodel:item/sakura_hair3","4":"bettermodel:item/sakura_hair4","5":"bettermodel:item/sakura_heads","6":"bettermodel:item/sakura_legss","7":"bettermodel:item/sakura_earss","8":"bettermodel:item/sakura_butt","9":"bettermodel:item/sakura_butthair","10":"bettermodel:item/sakura_tails","particle":"bettermodel:item/sakura_basebody"},"elements":[{"from":[7.938831,7.941097,7.941097],"to":[8.061169,8.058904,8.058904],"faces":{"north":{"uv":[0.0,6.0,1.5,7.5],"tintindex":-2,"texture":"#5"},"east":{"uv":[1.5,6.0,3.0,7.5],"tintindex":-2,"texture":"#5"},"south":{"uv":[3.0,6.0,4.5,7.5],"tintindex":-2,"texture":"#5"},"west":{"uv":[4.5,6.0,6.0,7.5],"tintindex":-2,"texture":"#5"},"up":{"uv":[7.5,7.5,6.0,6.0],"tintindex":-2,"texture":"#5"},"down":{"uv":[1.5,7.5,0.0,9.0],"tintindex":-2,"texture":"#5"}}}],"display":{"fixed":{"scale":[4,4,4]}}}