{"textures":{"0":"bettermodel:item/souls_soulwood","1":"bettermodel:item/souls_soulstone","2":"bettermodel:item/souls_soulmetal","3":"bettermodel:item/souls_soulbars","4":"bettermodel:item/souls_soulfire","particle":"bettermodel:item/souls_soulwood"},"elements":[{"from":[7.864069,9.087448,8.04531],"to":[7.864069,9.268689,8.090621],"faces":{"north":{"uv":[0.0,0.0,0.0,2.5],"tintindex":-2,"texture":"#4"},"east":{"uv":[5.0,6.0,5.5,8.5],"tintindex":-2,"texture":"#4"},"south":{"uv":[0.0,0.0,0.0,2.5],"tintindex":-2,"texture":"#4"},"west":{"uv":[5.5,6.0,6.0,8.5],"tintindex":-2,"texture":"#4"},"up":{"uv":[0.0,0.5,0.0,0.0],"tintindex":-2,"texture":"#4"},"down":{"uv":[0.0,0.0,0.0,0.5],"tintindex":-2,"texture":"#4"}}}],"display":{"fixed":{"scale":[4,4,4]}}}