{"textures":{"0":"bettermodel:item/souls_soulwood","1":"bettermodel:item/souls_soulstone","2":"bettermodel:item/souls_soulmetal","3":"bettermodel:item/souls_soulbars","4":"bettermodel:item/souls_soulfire","particle":"bettermodel:item/souls_soulwood"},"elements":[{"from":[7.9546895,8.362483,7.9546895],"to":[8.04531,8.996827,8.04531],"faces":{"north":{"uv":[0.0,0.0,2.0,14.0],"tintindex":-2,"texture":"#0"},"east":{"uv":[2.0,0.0,4.0,14.0],"tintindex":-2,"texture":"#0"},"south":{"uv":[4.0,0.0,6.0,14.0],"tintindex":-2,"texture":"#0"},"west":{"uv":[6.0,0.0,8.0,14.0],"tintindex":-2,"texture":"#0"},"up":{"uv":[10.0,2.0,8.0,0.0],"tintindex":-2,"texture":"#0"},"down":{"uv":[10.0,2.0,8.0,4.0],"tintindex":-2,"texture":"#0"}}}],"display":{"fixed":{"scale":[4,4,4]}}}