{"textures":{"0":"bettermodel:item/spectralwolf_spectralwolf","particle":"bettermodel:item/spectralwolf_spectralwolf"},"elements":[{"from":[7.943362,7.8924317,8.003519],"to":[8.052107,8.103125,8.105467],"rotation":{"angle":-45.0,"axis":"x","origin":[8.011328,7.99438,8.091874]},"faces":{"north":{"uv":[0.5,5.0,1.0,6.0],"tintindex":-2,"texture":"#0"},"east":{"uv":[0.0,5.0,0.5,6.0],"tintindex":-2,"texture":"#0"},"south":{"uv":[1.5,5.0,2.0,6.0],"tintindex":-2,"texture":"#0"},"west":{"uv":[1.0,5.0,1.5,6.0],"tintindex":-2,"texture":"#0"},"up":{"uv":[0.5,4.5,1.0,5.0],"tintindex":-2,"texture":"#0"},"down":{"uv":[1.0,4.5,1.5,5.0],"tintindex":-2,"texture":"#0"}}},{"from":[7.956955,7.7213416,8.036248],"to":[8.038514,7.9456277,8.124603],"rotation":{"angle":22.5,"axis":"x","origin":[7.9977345,7.877662,8.029451]},"faces":{"north":{"uv":[0.5,5.75,1.0,7.0],"tintindex":-2,"texture":"#0"},"east":{"uv":[0.0,5.75,0.5,7.0],"tintindex":-2,"texture":"#0"},"south":{"uv":[1.5,5.75,2.0,7.0],"tintindex":-2,"texture":"#0"},"west":{"uv":[1.0,5.75,1.5,7.0],"tintindex":-2,"texture":"#0"},"up":{"uv":[0.5,4.5,1.0,5.0],"tintindex":-2,"texture":"#0"},"down":{"uv":[1.0,4.5,1.5,5.0],"tintindex":-2,"texture":"#0"}}},{"from":[7.9229727,7.653376,7.9343],"to":[7.956955,7.7213416,7.995469],"rotation":{"angle":22.5,"axis":"x","origin":[7.9331675,7.6975536,8.0226555]},"faces":{"north":{"uv":[0.5,6.0,1.0,7.0],"tintindex":-2,"texture":"#0"},"east":{"uv":[6.25,5.25,7.25,6.25],"tintindex":-2,"texture":"#0"},"south":{"uv":[0.5,6.0,1.0,7.0],"tintindex":-2,"texture":"#0"},"west":{"uv":[6.25,5.25,7.25,6.25],"tintindex":-2,"texture":"#0"},"up":{"uv":[0.5,6.0,1.0,7.0],"tintindex":-2,"texture":"#0"},"down":{"uv":[0.5,6.0,1.0,7.0],"tintindex":-2,"texture":"#0"}}},{"from":[7.9365654,7.6737657,7.9614863],"to":[8.0657,7.741731,8.056638],"faces":{"north":{"uv":[0.25,6.25,1.25,7.0],"tintindex":-2,"texture":"#0"},"east":{"uv":[0.25,6.25,1.25,7.0],"tintindex":-2,"texture":"#0"},"south":{"uv":[0.25,6.25,1.25,7.0],"tintindex":-2,"texture":"#0"},"west":{"uv":[0.25,6.25,1.25,7.0],"tintindex":-2,"texture":"#0"},"up":{"uv":[0.25,6.25,1.25,7.0],"tintindex":-2,"texture":"#0"},"down":{"uv":[0.25,6.25,1.25,7.0],"tintindex":-2,"texture":"#0"}}},{"from":[8.011328,7.6737657,7.886724],"to":[8.031717,7.7009516,7.9546895],"faces":{"north":{"uv":[1.25,3.25,1.5,4.0],"tintindex":-2,"texture":"#0"},"east":{"uv":[1.25,3.25,1.5,4.0],"tintindex":-2,"texture":"#0"},"south":{"uv":[1.25,3.25,1.5,4.0],"tintindex":-2,"texture":"#0"},"west":{"uv":[1.25,3.25,1.5,4.0],"tintindex":-2,"texture":"#0"},"up":{"uv":[1.25,3.25,1.5,4.0],"tintindex":-2,"texture":"#0"},"down":{"uv":[1.25,3.25,1.5,4.0],"tintindex":-2,"texture":"#0"}}},{"from":[8.052107,7.6737657,7.907114],"to":[8.072496,7.7009516,7.9750795],"faces":{"north":{"uv":[1.25,3.25,1.5,4.0],"tintindex":-2,"texture":"#0"},"east":{"uv":[1.25,3.25,1.5,4.0],"tintindex":-2,"texture":"#0"},"south":{"uv":[1.25,3.25,1.5,4.0],"tintindex":-2,"texture":"#0"},"west":{"uv":[1.25,3.25,1.5,4.0],"tintindex":-2,"texture":"#0"},"up":{"uv":[1.25,3.25,1.5,4.0],"tintindex":-2,"texture":"#0"},"down":{"uv":[1.25,3.25,1.5,4.0],"tintindex":-2,"texture":"#0"}}},{"from":[7.970548,7.6737657,7.8731313],"to":[7.9909377,7.7009516,7.941097],"faces":{"north":{"uv":[1.25,3.25,1.5,4.0],"tintindex":-2,"texture":"#0"},"east":{"uv":[1.25,3.25,1.5,4.0],"tintindex":-2,"texture":"#0"},"south":{"uv":[1.25,3.25,1.5,4.0],"tintindex":-2,"texture":"#0"},"west":{"uv":[1.25,3.25,1.5,4.0],"tintindex":-2,"texture":"#0"},"up":{"uv":[1.25,3.25,1.5,4.0],"tintindex":-2,"texture":"#0"},"down":{"uv":[1.25,3.25,1.5,4.0],"tintindex":-2,"texture":"#0"}}},{"from":[7.929769,7.6737657,7.900317],"to":[7.9501586,7.7009516,7.9682827],"faces":{"north":{"uv":[1.25,3.25,1.5,4.0],"tintindex":-2,"texture":"#0"},"east":{"uv":[1.25,3.25,1.5,4.0],"tintindex":-2,"texture":"#0"},"south":{"uv":[1.25,3.25,1.5,4.0],"tintindex":-2,"texture":"#0"},"west":{"uv":[1.25,3.25,1.5,4.0],"tintindex":-2,"texture":"#0"},"up":{"uv":[1.25,3.25,1.5,4.0],"tintindex":-2,"texture":"#0"},"down":{"uv":[1.25,3.25,1.5,4.0],"tintindex":-2,"texture":"#0"}}},{"from":[8.004531,7.653376,7.9207067],"to":[8.038514,7.7213416,7.981876],"rotation":{"angle":22.5,"axis":"x","origin":[8.014726,7.6975536,8.009062]},"faces":{"north":{"uv":[0.5,6.0,1.0,7.0],"tintindex":-2,"texture":"#0"},"east":{"uv":[6.25,5.25,7.25,6.25],"tintindex":-2,"texture":"#0"},"south":{"uv":[0.5,6.0,1.0,7.0],"tintindex":-2,"texture":"#0"},"west":{"uv":[6.25,5.25,7.25,6.25],"tintindex":-2,"texture":"#0"},"up":{"uv":[0.5,6.0,1.0,7.0],"tintindex":-2,"texture":"#0"},"down":{"uv":[0.5,6.0,1.0,7.0],"tintindex":-2,"texture":"#0"}}},{"from":[8.04531,7.653376,7.9343],"to":[8.079293,7.7213416,7.995469],"rotation":{"angle":22.5,"axis":"x","origin":[8.055505,7.6975536,8.0226555]},"faces":{"north":{"uv":[0.5,6.0,1.0,7.0],"tintindex":-2,"texture":"#0"},"east":{"uv":[6.25,5.25,7.25,6.25],"tintindex":-2,"texture":"#0"},"south":{"uv":[0.5,6.0,1.0,7.0],"tintindex":-2,"texture":"#0"},"west":{"uv":[6.25,5.25,7.25,6.25],"tintindex":-2,"texture":"#0"},"up":{"uv":[0.5,6.0,1.0,7.0],"tintindex":-2,"texture":"#0"},"down":{"uv":[0.5,6.0,1.0,7.0],"tintindex":-2,"texture":"#0"}}},{"from":[7.963752,7.653376,7.900317],"to":[7.9977345,7.734935,7.9682827],"rotation":{"angle":22.5,"axis":"x","origin":[7.9739466,7.711147,7.9886723]},"faces":{"north":{"uv":[0.5,6.0,1.0,7.0],"tintindex":-2,"texture":"#0"},"east":{"uv":[6.25,5.25,7.25,6.25],"tintindex":-2,"texture":"#0"},"south":{"uv":[0.5,6.0,1.0,7.0],"tintindex":-2,"texture":"#0"},"west":{"uv":[6.25,5.25,7.25,6.25],"tintindex":-2,"texture":"#0"},"up":{"uv":[0.5,6.0,1.0,7.0],"tintindex":-2,"texture":"#0"},"down":{"uv":[0.5,6.0,1.0,7.0],"tintindex":-2,"texture":"#0"}}}],"display":{"fixed":{"scale":[4,4,4]}}}