{"textures":{"0":"bettermodel:item/spectralwolf_spectralwolf","particle":"bettermodel:item/spectralwolf_spectralwolf"},"elements":[{"from":[7.8413944,7.9334207,7.794534],"to":[8.143649,8.154818,7.955355],"rotation":{"angle":-22.5,"axis":"x","origin":[7.992522,8.040632,7.9056177]},"faces":{"north":{"uv":[7.0,3.5,7.75,5.0],"tintindex":-2,"texture":"#0"},"east":{"uv":[4.25,7.5,5.75,9.0],"tintindex":-2,"texture":"#0"},"south":{"uv":[7.0,3.5,7.75,5.0],"tintindex":-2,"texture":"#0"},"west":{"uv":[9.0,7.5,10.5,9.0],"tintindex":-2,"texture":"#0"},"up":{"uv":[7.0,3.5,7.75,5.0],"tintindex":-2,"texture":"#0"},"down":{"uv":[7.0,3.5,7.75,5.0],"tintindex":-2,"texture":"#0"}}},{"from":[8.04999,7.998152,7.781497],"to":[8.124093,8.05052,7.9966903],"faces":{"north":{"uv":[3.0,2.75,3.75,3.5],"tintindex":-2,"texture":"#0"},"east":{"uv":[3.75,2.75,4.5,3.5],"tintindex":-2,"texture":"#0"},"south":{"uv":[3.75,2.75,4.5,3.5],"tintindex":-2,"texture":"#0"},"west":{"uv":[3.75,2.75,4.5,3.5],"tintindex":-2,"texture":"#0"},"up":{"uv":[3.75,2.75,4.5,3.5],"tintindex":-2,"texture":"#0"},"down":{"uv":[3.75,2.75,4.5,3.5],"tintindex":-2,"texture":"#0"}}},{"from":[7.8670144,7.998152,7.781497],"to":[7.948091,8.05052,7.9966903],"faces":{"north":{"uv":[3.0,2.75,3.75,3.5],"tintindex":-2,"texture":"#0"},"east":{"uv":[3.75,2.75,4.5,3.5],"tintindex":-2,"texture":"#0"},"south":{"uv":[3.75,2.75,4.5,3.5],"tintindex":-2,"texture":"#0"},"west":{"uv":[3.75,2.75,4.5,3.5],"tintindex":-2,"texture":"#0"},"up":{"uv":[3.75,2.75,4.5,3.5],"tintindex":-2,"texture":"#0"},"down":{"uv":[3.75,2.75,4.5,3.5],"tintindex":-2,"texture":"#0"}}},{"from":[8.055359,8.135274,7.8480835],"to":[8.187867,8.227003,7.9306045],"rotation":{"angle":-22.5,"axis":"z","origin":[7.963598,8.208906,7.867253]},"faces":{"north":{"uv":[1.25,0.0,2.25,1.5],"tintindex":-2,"texture":"#0"},"east":{"uv":[7.0,3.5,7.75,5.0],"tintindex":-2,"texture":"#0"},"south":{"uv":[6.5,3.5,7.75,5.0],"tintindex":-2,"texture":"#0"},"west":{"uv":[7.0,3.5,7.75,5.0],"tintindex":-2,"texture":"#0"},"up":{"uv":[7.0,3.5,7.75,5.0],"tintindex":-2,"texture":"#0"},"down":{"uv":[7.0,3.5,7.75,5.0],"tintindex":-2,"texture":"#0"}}},{"from":[7.7985396,8.135274,7.8480835],"to":[7.9310484,8.227003,7.9306045],"rotation":{"angle":22.5,"axis":"z","origin":[8.022809,8.208906,7.867253]},"faces":{"north":{"uv":[2.25,0.0,1.25,1.5],"tintindex":-2,"texture":"#0"},"east":{"uv":[7.75,3.5,7.0,5.0],"tintindex":-2,"texture":"#0"},"south":{"uv":[7.75,3.5,6.5,5.0],"tintindex":-2,"texture":"#0"},"west":{"uv":[7.75,3.5,7.0,5.0],"tintindex":-2,"texture":"#0"},"up":{"uv":[7.75,3.5,7.0,5.0],"tintindex":-2,"texture":"#0"},"down":{"uv":[7.75,3.5,7.0,5.0],"tintindex":-2,"texture":"#0"}}},{"from":[8.112415,8.064173,7.8441324],"to":[8.213327,8.137072,7.894381],"rotation":{"angle":45.0,"axis":"z","origin":[8.022501,8.0911,7.876315]},"faces":{"north":{"uv":[1.25,1.5,2.25,1.0],"tintindex":-2,"texture":"#0"},"east":{"uv":[7.0,3.5,7.75,5.0],"tintindex":-2,"texture":"#0"},"south":{"uv":[6.5,3.5,7.75,4.25],"tintindex":-2,"texture":"#0"},"west":{"uv":[7.0,3.5,7.75,5.0],"tintindex":-2,"texture":"#0"},"up":{"uv":[7.0,3.5,7.75,5.0],"tintindex":-2,"texture":"#0"},"down":{"uv":[7.0,3.5,7.75,5.0],"tintindex":-2,"texture":"#0"}}},{"from":[7.7730794,8.064173,7.8486633],"to":[7.873992,8.137072,7.8989124],"rotation":{"angle":-45.0,"axis":"z","origin":[7.9639053,8.0911,7.880846]},"faces":{"north":{"uv":[1.25,1.5,2.25,1.0],"tintindex":-2,"texture":"#0"},"east":{"uv":[7.75,3.5,7.0,5.0],"tintindex":-2,"texture":"#0"},"south":{"uv":[7.75,3.5,6.5,4.25],"tintindex":-2,"texture":"#0"},"west":{"uv":[7.75,3.5,7.0,5.0],"tintindex":-2,"texture":"#0"},"up":{"uv":[7.75,3.5,7.0,5.0],"tintindex":-2,"texture":"#0"},"down":{"uv":[7.75,3.5,7.0,5.0],"tintindex":-2,"texture":"#0"}}},{"from":[8.076167,8.1412,7.8494143],"to":[8.177079,8.205037,7.8996515],"faces":{"north":{"uv":[1.25,0.0,2.25,0.5],"tintindex":-2,"texture":"#0"},"east":{"uv":[7.0,3.5,7.75,5.0],"tintindex":-2,"texture":"#0"},"south":{"uv":[6.5,3.5,7.75,4.25],"tintindex":-2,"texture":"#0"},"west":{"uv":[7.0,3.5,7.75,5.0],"tintindex":-2,"texture":"#0"},"up":{"uv":[7.0,3.5,7.75,5.0],"tintindex":-2,"texture":"#0"},"down":{"uv":[7.0,3.5,7.75,5.0],"tintindex":-2,"texture":"#0"}}},{"from":[7.8093276,8.1412,7.8494143],"to":[7.91024,8.205037,7.8996515],"faces":{"north":{"uv":[2.25,0.0,1.25,0.5],"tintindex":-2,"texture":"#0"},"east":{"uv":[7.75,3.5,7.0,5.0],"tintindex":-2,"texture":"#0"},"south":{"uv":[7.75,3.5,6.5,4.25],"tintindex":-2,"texture":"#0"},"west":{"uv":[7.75,3.5,7.0,5.0],"tintindex":-2,"texture":"#0"},"up":{"uv":[7.75,3.5,7.0,5.0],"tintindex":-2,"texture":"#0"},"down":{"uv":[7.75,3.5,7.0,5.0],"tintindex":-2,"texture":"#0"}}},{"from":[7.9309607,7.8673396,7.6313057],"to":[8.062632,7.9684877,7.8395257],"faces":{"north":{"uv":[1.0,2.75,1.75,3.75],"tintindex":-2,"texture":"#0"},"east":{"uv":[4.5,8.0,6.25,9.0],"tintindex":-2,"texture":"#0"},"south":{"uv":[7.0,3.5,7.75,5.0],"tintindex":-2,"texture":"#0"},"west":{"uv":[8.5,8.0,10.25,9.0],"tintindex":-2,"texture":"#0"},"up":{"uv":[2.0,2.25,2.75,0.75],"tintindex":-2,"texture":"#0"},"down":{"uv":[6.25,5.0,7.0,6.5],"tintindex":-2,"texture":"#0"}}},{"from":[7.9923806,7.874414,7.6429114],"to":[8.08915,7.9885993,7.858104],"rotation":{"angle":22.5,"axis":"y","origin":[7.9941416,7.922445,7.7016773]},"faces":{"north":{"uv":[2.25,2.75,1.5,3.75],"tintindex":-2,"texture":"#0"},"east":{"uv":[10.25,8.0,8.5,9.0],"tintindex":-2,"texture":"#0"},"south":{"uv":[7.75,3.5,7.0,5.0],"tintindex":-2,"texture":"#0"},"west":{"uv":[6.25,8.0,4.5,9.0],"tintindex":-2,"texture":"#0"},"up":{"uv":[2.75,2.25,2.0,0.75],"tintindex":-2,"texture":"#0"},"down":{"uv":[7.0,5.0,6.25,6.5],"tintindex":-2,"texture":"#0"}}},{"from":[7.906318,7.874414,7.63838],"to":[8.003089,7.9885993,7.8535733],"rotation":{"angle":-22.5,"axis":"y","origin":[7.992265,7.922445,7.7016773]},"faces":{"north":{"uv":[1.5,2.75,2.25,3.75],"tintindex":-2,"texture":"#0"},"east":{"uv":[4.5,8.0,6.25,9.0],"tintindex":-2,"texture":"#0"},"south":{"uv":[7.0,3.5,7.75,5.0],"tintindex":-2,"texture":"#0"},"west":{"uv":[8.5,8.0,10.25,9.0],"tintindex":-2,"texture":"#0"},"up":{"uv":[2.0,2.25,2.75,0.75],"tintindex":-2,"texture":"#0"},"down":{"uv":[6.25,5.0,7.0,6.5],"tintindex":-2,"texture":"#0"}}},{"from":[7.828644,7.8624897,7.8062296],"to":[7.9747057,7.9974003,8.047492],"rotation":{"angle":-22.5,"axis":"z","origin":[7.892613,7.948069,7.8158507]},"faces":{"north":{"uv":[7.75,3.5,7.0,5.0],"tintindex":-2,"texture":"#0"},"east":{"uv":[7.75,3.5,7.0,5.0],"tintindex":-2,"texture":"#0"},"south":{"uv":[7.75,3.5,7.0,5.0],"tintindex":-2,"texture":"#0"},"west":{"uv":[6.5,8.25,4.25,9.0],"tintindex":-2,"texture":"#0"},"up":{"uv":[1.0,7.0,0.25,5.0],"tintindex":-2,"texture":"#0"},"down":{"uv":[1.0,5.0,0.25,7.0],"tintindex":-2,"texture":"#0"}}},{"from":[8.00717,7.8624897,7.8062296],"to":[8.153232,7.9974003,8.047492],"rotation":{"angle":22.5,"axis":"z","origin":[8.093794,7.948069,7.8158507]},"faces":{"north":{"uv":[7.0,3.5,7.75,5.0],"tintindex":-2,"texture":"#0"},"east":{"uv":[4.25,8.25,6.5,9.0],"tintindex":-2,"texture":"#0"},"south":{"uv":[7.0,3.5,7.75,5.0],"tintindex":-2,"texture":"#0"},"west":{"uv":[7.0,3.5,7.75,5.0],"tintindex":-2,"texture":"#0"},"up":{"uv":[0.25,7.0,1.0,5.0],"tintindex":-2,"texture":"#0"},"down":{"uv":[0.25,5.0,1.0,7.0],"tintindex":-2,"texture":"#0"}}},{"from":[7.9488626,7.9277906,7.606305],"to":[8.049614,8.021826,7.834932],"rotation":{"angle":-22.5,"axis":"x","origin":[7.9992385,7.959348,7.6905212]},"faces":{"north":{"uv":[7.0,3.5,7.75,5.0],"tintindex":-2,"texture":"#0"},"east":{"uv":[7.0,3.5,7.75,5.0],"tintindex":-2,"texture":"#0"},"south":{"uv":[7.0,3.5,7.75,5.0],"tintindex":-2,"texture":"#0"},"west":{"uv":[7.0,3.5,7.75,5.0],"tintindex":-2,"texture":"#0"},"up":{"uv":[7.0,3.5,7.75,5.0],"tintindex":-2,"texture":"#0"},"down":{"uv":[7.0,3.5,7.75,5.0],"tintindex":-2,"texture":"#0"}}},{"from":[7.942344,7.884148,7.571725],"to":[8.056133,7.939071,7.624349],"rotation":{"angle":22.5,"axis":"x","origin":[7.9992385,7.936693,7.695052]},"faces":{"north":{"uv":[1.0,3.75,1.75,4.0],"tintindex":-2,"texture":"#0"},"east":{"uv":[1.0,3.75,1.75,4.0],"tintindex":-2,"texture":"#0"},"south":{"uv":[1.0,3.75,1.75,4.0],"tintindex":-2,"texture":"#0"},"west":{"uv":[1.0,3.75,1.75,4.0],"tintindex":-2,"texture":"#0"},"up":{"uv":[1.0,3.75,1.75,4.0],"tintindex":-2,"texture":"#0"},"down":{"uv":[1.0,3.75,1.75,4.0],"tintindex":-2,"texture":"#0"}}}],"display":{"fixed":{"scale":[4,4,4]}}}