{"textures":{"0":"bettermodel:item/spectralwolf_spectralwolf","particle":"bettermodel:item/spectralwolf_spectralwolf"},"elements":[{"from":[7.8889894,7.776225,7.9854984],"to":[8.011328,8.048087,8.148616],"rotation":{"angle":-22.5,"axis":"x","origin":[7.9365654,7.6810737,8.175802]},"faces":{"north":{"uv":[6.0,3.5,6.75,4.75],"tintindex":-2,"texture":"#0"},"east":{"uv":[6.0,3.5,7.0,4.75],"tintindex":-2,"texture":"#0"},"south":{"uv":[6.0,3.5,6.75,4.75],"tintindex":-2,"texture":"#0"},"west":{"uv":[6.0,3.5,7.0,4.75],"tintindex":-2,"texture":"#0"},"up":{"uv":[9.5,7.5,10.5,8.5],"tintindex":-2,"texture":"#0"},"down":{"uv":[6.25,3.5,7.25,5.0],"tintindex":-2,"texture":"#0"}}},{"from":[7.882193,7.9076605,7.8728685],"to":[8.058904,8.091167,8.097155],"rotation":{"angle":22.5,"axis":"x","origin":[7.8957863,7.962033,7.957825]},"faces":{"north":{"uv":[7.0,3.5,6.0,5.0],"tintindex":-2,"texture":"#0"},"east":{"uv":[7.25,3.5,6.0,4.75],"tintindex":-2,"texture":"#0"},"south":{"uv":[7.0,3.5,6.0,5.0],"tintindex":-2,"texture":"#0"},"west":{"uv":[7.25,3.5,6.0,4.75],"tintindex":-2,"texture":"#0"},"up":{"uv":[10.5,7.5,9.5,8.5],"tintindex":-2,"texture":"#0"},"down":{"uv":[7.25,3.5,6.25,5.0],"tintindex":-2,"texture":"#0"}}}],"display":{"fixed":{"scale":[4,4,4]}}}