{"textures":{"0":"bettermodel:item/spectralwolf_spectralwolf","particle":"bettermodel:item/spectralwolf_spectralwolf"},"elements":[{"from":[7.9365654,7.773029,7.8295975],"to":[8.02492,8.065281,7.9315457],"rotation":{"angle":22.5,"axis":"x","origin":[7.9977345,7.71186,7.90436]},"faces":{"north":{"uv":[1.0,5.0,0.5,6.0],"tintindex":-2,"texture":"#0"},"east":{"uv":[1.5,5.0,1.0,6.0],"tintindex":-2,"texture":"#0"},"south":{"uv":[2.0,5.0,1.5,6.0],"tintindex":-2,"texture":"#0"},"west":{"uv":[0.5,5.0,0.0,6.0],"tintindex":-2,"texture":"#0"},"up":{"uv":[1.0,4.5,0.5,5.0],"tintindex":-2,"texture":"#0"},"down":{"uv":[1.5,4.5,1.0,5.0],"tintindex":-2,"texture":"#0"}}},{"from":[7.916176,7.6019387,7.7807684],"to":[8.04531,7.669904,7.8759203],"faces":{"north":{"uv":[1.25,6.25,0.25,7.0],"tintindex":-2,"texture":"#0"},"east":{"uv":[1.25,6.25,0.25,7.0],"tintindex":-2,"texture":"#0"},"south":{"uv":[1.25,6.25,0.25,7.0],"tintindex":-2,"texture":"#0"},"west":{"uv":[1.25,6.25,0.25,7.0],"tintindex":-2,"texture":"#0"},"up":{"uv":[1.25,6.25,0.25,7.0],"tintindex":-2,"texture":"#0"},"down":{"uv":[1.25,6.25,0.25,7.0],"tintindex":-2,"texture":"#0"}}},{"from":[7.9501586,7.6019387,7.7060065],"to":[7.970548,7.629125,7.773972],"faces":{"north":{"uv":[1.5,3.25,1.25,4.0],"tintindex":-2,"texture":"#0"},"east":{"uv":[1.5,3.25,1.25,4.0],"tintindex":-2,"texture":"#0"},"south":{"uv":[1.5,3.25,1.25,4.0],"tintindex":-2,"texture":"#0"},"west":{"uv":[1.5,3.25,1.25,4.0],"tintindex":-2,"texture":"#0"},"up":{"uv":[1.5,3.25,1.25,4.0],"tintindex":-2,"texture":"#0"},"down":{"uv":[1.5,3.25,1.25,4.0],"tintindex":-2,"texture":"#0"}}},{"from":[7.9093795,7.6019387,7.726396],"to":[7.929769,7.629125,7.7943616],"faces":{"north":{"uv":[1.5,3.25,1.25,4.0],"tintindex":-2,"texture":"#0"},"east":{"uv":[1.5,3.25,1.25,4.0],"tintindex":-2,"texture":"#0"},"south":{"uv":[1.5,3.25,1.25,4.0],"tintindex":-2,"texture":"#0"},"west":{"uv":[1.5,3.25,1.25,4.0],"tintindex":-2,"texture":"#0"},"up":{"uv":[1.5,3.25,1.25,4.0],"tintindex":-2,"texture":"#0"},"down":{"uv":[1.5,3.25,1.25,4.0],"tintindex":-2,"texture":"#0"}}},{"from":[7.9909377,7.6019387,7.6924133],"to":[8.011328,7.629125,7.760379],"faces":{"north":{"uv":[1.5,3.25,1.25,4.0],"tintindex":-2,"texture":"#0"},"east":{"uv":[1.5,3.25,1.25,4.0],"tintindex":-2,"texture":"#0"},"south":{"uv":[1.5,3.25,1.25,4.0],"tintindex":-2,"texture":"#0"},"west":{"uv":[1.5,3.25,1.25,4.0],"tintindex":-2,"texture":"#0"},"up":{"uv":[1.5,3.25,1.25,4.0],"tintindex":-2,"texture":"#0"},"down":{"uv":[1.5,3.25,1.25,4.0],"tintindex":-2,"texture":"#0"}}},{"from":[8.031717,7.6019387,7.7195997],"to":[8.052107,7.629125,7.787565],"faces":{"north":{"uv":[1.5,3.25,1.25,4.0],"tintindex":-2,"texture":"#0"},"east":{"uv":[1.5,3.25,1.25,4.0],"tintindex":-2,"texture":"#0"},"south":{"uv":[1.5,3.25,1.25,4.0],"tintindex":-2,"texture":"#0"},"west":{"uv":[1.5,3.25,1.25,4.0],"tintindex":-2,"texture":"#0"},"up":{"uv":[1.5,3.25,1.25,4.0],"tintindex":-2,"texture":"#0"},"down":{"uv":[1.5,3.25,1.25,4.0],"tintindex":-2,"texture":"#0"}}},{"from":[7.943362,7.581549,7.7399893],"to":[7.977345,7.6495147,7.801158],"rotation":{"angle":22.5,"axis":"x","origin":[7.96715,7.6257267,7.8283443]},"faces":{"north":{"uv":[1.0,6.0,0.5,7.0],"tintindex":-2,"texture":"#0"},"east":{"uv":[7.25,5.25,6.25,6.25],"tintindex":-2,"texture":"#0"},"south":{"uv":[1.0,6.0,0.5,7.0],"tintindex":-2,"texture":"#0"},"west":{"uv":[7.25,5.25,6.25,6.25],"tintindex":-2,"texture":"#0"},"up":{"uv":[1.0,6.0,0.5,7.0],"tintindex":-2,"texture":"#0"},"down":{"uv":[1.0,6.0,0.5,7.0],"tintindex":-2,"texture":"#0"}}},{"from":[7.9025826,7.581549,7.7535825],"to":[7.9365654,7.6495147,7.814751],"rotation":{"angle":22.5,"axis":"x","origin":[7.9263706,7.6257267,7.8419375]},"faces":{"north":{"uv":[1.0,6.0,0.5,7.0],"tintindex":-2,"texture":"#0"},"east":{"uv":[7.25,5.25,6.25,6.25],"tintindex":-2,"texture":"#0"},"south":{"uv":[1.0,6.0,0.5,7.0],"tintindex":-2,"texture":"#0"},"west":{"uv":[7.25,5.25,6.25,6.25],"tintindex":-2,"texture":"#0"},"up":{"uv":[1.0,6.0,0.5,7.0],"tintindex":-2,"texture":"#0"},"down":{"uv":[1.0,6.0,0.5,7.0],"tintindex":-2,"texture":"#0"}}},{"from":[7.9841413,7.581549,7.7195997],"to":[8.018125,7.663108,7.787565],"rotation":{"angle":22.5,"axis":"x","origin":[8.007929,7.63932,7.807955]},"faces":{"north":{"uv":[1.0,6.0,0.5,7.0],"tintindex":-2,"texture":"#0"},"east":{"uv":[7.25,5.25,6.25,6.25],"tintindex":-2,"texture":"#0"},"south":{"uv":[1.0,6.0,0.5,7.0],"tintindex":-2,"texture":"#0"},"west":{"uv":[7.25,5.25,6.25,6.25],"tintindex":-2,"texture":"#0"},"up":{"uv":[1.0,6.0,0.5,7.0],"tintindex":-2,"texture":"#0"},"down":{"uv":[1.0,6.0,0.5,7.0],"tintindex":-2,"texture":"#0"}}},{"from":[8.02492,7.581549,7.7535825],"to":[8.058904,7.6495147,7.814751],"rotation":{"angle":22.5,"axis":"x","origin":[8.048709,7.6257267,7.8419375]},"faces":{"north":{"uv":[1.0,6.0,0.5,7.0],"tintindex":-2,"texture":"#0"},"east":{"uv":[7.25,5.25,6.25,6.25],"tintindex":-2,"texture":"#0"},"south":{"uv":[1.0,6.0,0.5,7.0],"tintindex":-2,"texture":"#0"},"west":{"uv":[7.25,5.25,6.25,6.25],"tintindex":-2,"texture":"#0"},"up":{"uv":[1.0,6.0,0.5,7.0],"tintindex":-2,"texture":"#0"},"down":{"uv":[1.0,6.0,0.5,7.0],"tintindex":-2,"texture":"#0"}}},{"from":[7.943362,7.603115,7.8431907],"to":[8.018125,7.7798257,7.9179525],"rotation":{"angle":22.5,"axis":"x","origin":[7.9977345,7.71186,7.90436]},"faces":{"north":{"uv":[1.0,5.75,0.5,7.0],"tintindex":-2,"texture":"#0"},"east":{"uv":[1.5,5.75,1.0,7.0],"tintindex":-2,"texture":"#0"},"south":{"uv":[2.0,5.75,1.5,7.0],"tintindex":-2,"texture":"#0"},"west":{"uv":[0.5,5.75,0.0,7.0],"tintindex":-2,"texture":"#0"},"up":{"uv":[1.0,4.5,0.5,5.0],"tintindex":-2,"texture":"#0"},"down":{"uv":[1.5,4.5,1.0,5.0],"tintindex":-2,"texture":"#0"}}}],"display":{"fixed":{"scale":[4,4,4]}}}