{"textures":{"0":"bettermodel:item/yoyo_basejojo","particle":"bettermodel:item/yoyo_basejojo"},"elements":[{"from":[7.9546895,7.7734485,8.018125],"to":[8.04531,8.027186,8.08609],"faces":{"north":{"uv":[7.75,1.0,8.25,2.5],"tintindex":-2,"texture":"#0"},"east":{"uv":[7.75,2.5,8.25,4.0],"tintindex":-2,"texture":"#0"},"south":{"uv":[7.75,4.0,8.25,5.5],"tintindex":-2,"texture":"#0"},"west":{"uv":[7.75,5.5,8.25,7.0],"tintindex":-2,"texture":"#0"},"up":{"uv":[9.25,6.75,8.75,6.25],"tintindex":-2,"texture":"#0"},"down":{"uv":[7.25,8.75,6.75,9.25],"tintindex":-2,"texture":"#0"}}}],"display":{"fixed":{"scale":[4,4,4]}}}