{"textures":{"0":"bettermodel:item/yoyo_basejojo","particle":"bettermodel:item/yoyo_basejojo"},"elements":[{"from":[7.95469,7.990939,8.009062],"to":[8.045311,8.036249,8.190304],"faces":{"north":{"uv":[7.25,8.75,7.75,9.0],"tintindex":-2,"texture":"#0"},"east":{"uv":[6.75,8.5,7.75,8.75],"tintindex":-2,"texture":"#0"},"south":{"uv":[7.75,8.75,8.25,9.0],"tintindex":-2,"texture":"#0"},"west":{"uv":[7.75,8.5,8.75,8.75],"tintindex":-2,"texture":"#0"},"up":{"uv":[8.75,6.25,8.25,5.25],"tintindex":-2,"texture":"#0"},"down":{"uv":[0.5,8.5,0.0,9.5],"tintindex":-2,"texture":"#0"}}}],"display":{"fixed":{"scale":[4,4,4]}}}