{"textures":{"0":"bettermodel:item/yoyo_basejojo","particle":"bettermodel:item/yoyo_basejojo"},"elements":[{"from":[7.952424,7.7915726,7.9546895],"to":[8.047576,7.864069,8.04531],"faces":{"north":{"uv":[0.5,8.5,1.0,9.0],"tintindex":-2,"texture":"#0"},"east":{"uv":[1.0,8.5,1.5,9.0],"tintindex":-2,"texture":"#0"},"south":{"uv":[1.5,8.5,2.0,9.0],"tintindex":-2,"texture":"#0"},"west":{"uv":[2.0,8.5,2.5,9.0],"tintindex":-2,"texture":"#0"},"up":{"uv":[3.0,9.0,2.5,8.5],"tintindex":-2,"texture":"#0"},"down":{"uv":[3.5,8.5,3.0,9.0],"tintindex":-2,"texture":"#0"}}}],"display":{"fixed":{"scale":[4,4,4]}}}