{"textures":{"0":"bettermodel:item/yoyo_basejojo","particle":"bettermodel:item/yoyo_basejojo"},"elements":[{"from":[7.8550067,7.7122793,7.893521],"to":[8.054373,7.907114,8.10648],"faces":{"north":{"uv":[0.0,6.5,1.0,7.5],"tintindex":-2,"texture":"#0"},"east":{"uv":[5.0,3.0,6.25,4.0],"tintindex":-2,"texture":"#0"},"south":{"uv":[6.5,0.0,7.5,1.0],"tintindex":-2,"texture":"#0"},"west":{"uv":[0.0,5.5,1.25,6.5],"tintindex":-2,"texture":"#0"},"up":{"uv":[6.75,2.5,5.75,1.25],"tintindex":-2,"texture":"#0"},"down":{"uv":[6.75,4.0,5.75,5.25],"tintindex":-2,"texture":"#0"}}}],"display":{"fixed":{"scale":[4,4,4]}}}