{"textures":{"0":"bettermodel:item/yoyo_basejojo","particle":"bettermodel:item/yoyo_basejojo"},"elements":[{"from":[7.9546895,7.6828275,7.9682827],"to":[8.04531,8.04531,8.040779],"faces":{"north":{"uv":[6.75,5.75,7.25,7.75],"tintindex":-2,"texture":"#0"},"east":{"uv":[7.25,1.0,7.75,3.0],"tintindex":-2,"texture":"#0"},"south":{"uv":[7.25,3.0,7.75,5.0],"tintindex":-2,"texture":"#0"},"west":{"uv":[7.25,5.0,7.75,7.0],"tintindex":-2,"texture":"#0"},"up":{"uv":[9.25,5.75,8.75,5.25],"tintindex":-2,"texture":"#0"},"down":{"uv":[6.25,8.75,5.75,9.25],"tintindex":-2,"texture":"#0"}}}],"display":{"fixed":{"scale":[4,4,4]}}}