{"textures":{"0":"bettermodel:item/yoyo_basejojo","particle":"bettermodel:item/yoyo_basejojo"},"elements":[{"from":[7.9546895,7.6828275,7.924105],"to":[8.04531,8.04531,7.9966016],"faces":{"north":{"uv":[5.25,6.25,5.75,8.25],"tintindex":-2,"texture":"#0"},"east":{"uv":[5.75,6.5,6.25,8.5],"tintindex":-2,"texture":"#0"},"south":{"uv":[6.25,6.5,6.75,8.5],"tintindex":-2,"texture":"#0"},"west":{"uv":[6.75,3.75,7.25,5.75],"tintindex":-2,"texture":"#0"},"up":{"uv":[9.25,4.75,8.75,4.25],"tintindex":-2,"texture":"#0"},"down":{"uv":[9.25,4.75,8.75,5.25],"tintindex":-2,"texture":"#0"}}}],"display":{"fixed":{"scale":[4,4,4]}}}