{"textures":{"4":"modelengine:entity/theeth","particle":"#4"},"elements":[{"from":[12.667219,24.711658,19.11478],"to":[14.917219,28.461658,21.11478],"faces":{"east":{"uv":[4.5,0.0,6.5,3.75],"tintindex":0,"rotation":0,"texture":"#4"},"south":{"uv":[2.25,0.0,4.5,3.75],"tintindex":0,"rotation":0,"texture":"#4"},"north":{"uv":[0.0,0.0,2.25,3.75],"tintindex":0,"rotation":0,"texture":"#4"},"west":{"uv":[4.5,3.75,6.5,7.5],"tintindex":0,"rotation":0,"texture":"#4"},"up":{"uv":[13.25,8.0,11.0,6.0],"tintindex":0,"rotation":0,"texture":"#4"},"down":{"uv":[2.75,5.0,0.5,7.0],"tintindex":0,"rotation":0,"texture":"#4"}}}],"display":{"head":{"rotation":[-56.50717,-20.704813,-6.6486835]},"firstperson_righthand":{"rotation":[-56.50717,-20.704813,-6.6486835]},"thirdperson_lefthand":{"rotation":[-56.50717,20.704813,6.6486835]},"firstperson_lefthand":{"rotation":[-56.50717,20.704813,6.6486835]},"fixed":{"rotation":[-56.50717,-20.704813,-6.6486835]},"ground":{"rotation":[-56.50717,-20.704813,-6.6486835]},"thirdperson_righthand":{"rotation":[-56.50717,-20.704813,-6.6486835]},"gui":{"rotation":[-98.25122,-6.6037946,-150.23338]}}}