{
    "providers": [
        {
            "type": "bitmap",
            "file": "font/coin.png",
            "ascent": 9,
            "height": 12,
            "chars": ["☃"]
        },
        {
            "type": "bitmap",
            "file": "font/orbe.png",
            "ascent": 11,
            "height": 15,
            "chars": ["💀"]
        },
        {
            "type": "bitmap",
            "file": "font/lvl1.png",
            "ascent": 11,
            "height": 15,
            "chars": ["🔰"]
        },
        {
            "type": "bitmap",
            "file": "font/lvl2.png",
            "ascent": 11,
            "height": 15,
            "chars": ["💩"]
        },
        {
            "type": "bitmap",
            "file": "font/lvl3.png",
            "ascent": 11,
            "height": 15,
            "chars": ["🔥"]
        },
        {
            "type": "bitmap",
            "file": "font/lvl4.png",
            "ascent": 11,
            "height": 15,
            "chars": ["⚡"]
        },
        {
            "type": "reference",
            "id": "custom_escape:custom_font"
        }
    ]
}