{"textures":{"0":"bettermodel:item/colquida_chest","1":"bettermodel:item/colquida_skin","2":"bettermodel:item/colquida_pecs","3":"bettermodel:item/colquida_face","4":"bettermodel:item/colquida_theeth","5":"bettermodel:item/colquida_glove","6":"bettermodel:item/colquida_wear","particle":"bettermodel:item/colquida_chest"},"elements":[{"from":[7.935248,7.908577,7.320345],"to":[9.158627,8.22575,8.453103],"faces":{"north":{"uv":[0.5,1.25,2.1875,1.6875],"tintindex":0,"texture":"#1"},"east":{"uv":[0.0,4.25,1.5625,4.6875],"tintindex":0,"texture":"#1"},"south":{"uv":[7.25,8.75,8.9375,9.1875],"tintindex":0,"texture":"#1"},"west":{"uv":[4.75,1.5,6.3125,1.9375],"tintindex":0,"texture":"#1"},"up":{"uv":[2.25,5.5,3.9375,7.0625],"tintindex":0,"texture":"#1"},"down":{"uv":[3.0,2.5,4.6875,4.0625],"tintindex":0,"texture":"#1"}}}],"display":{"fixed":{"scale":[4,4,4],"rotation":[0.0,0.0,-55.0]}}}