{"textures":{"0":"bettermodel:item/colquida_chest","1":"bettermodel:item/colquida_skin","2":"bettermodel:item/colquida_pecs","3":"bettermodel:item/colquida_face","4":"bettermodel:item/colquida_theeth","5":"bettermodel:item/colquida_glove","6":"bettermodel:item/colquida_wear","particle":"bettermodel:item/colquida_chest"},"elements":[{"from":[7.2297244,5.28138,7.433621],"to":[8.770275,6.64069,8.56638],"faces":{"north":{"uv":[0.0,0.0,8.5,7.5],"tintindex":0,"texture":"#5"},"east":{"uv":[0.0,0.0,6.25,7.5],"tintindex":0,"texture":"#5"},"south":{"uv":[0.0,0.0,8.5,7.5],"tintindex":0,"texture":"#5"},"west":{"uv":[0.0,0.0,6.25,7.5],"tintindex":0,"texture":"#5"},"up":{"uv":[0.0,0.0,8.5,6.25],"tintindex":0,"texture":"#5"},"down":{"uv":[0.0,0.0,8.5,6.25],"tintindex":0,"texture":"#5"}}},{"from":[7.3656554,6.6520176,7.0711384],"to":[8.724965,8.011328,8.883552],"faces":{"north":{"uv":[6.0,8.0,4.25,10.0],"tintindex":0,"texture":"#5"},"east":{"uv":[14.25,5.5,10.5,9.5],"tintindex":0,"texture":"#5"},"south":{"uv":[15.75,6.5,12.75,9.0],"tintindex":0,"texture":"#5"},"west":{"uv":[2.75,6.25,0.0,8.75],"tintindex":0,"texture":"#5"},"up":{"uv":[2.25,7.25,7.0,3.25],"tintindex":0,"texture":"#5"},"down":{"uv":[7.5,3.5,12.0,7.75],"tintindex":0,"texture":"#5"}}}],"display":{"fixed":{"scale":[4,4,4]}}}