{"textures":{"0":"bettermodel:item/colquida_chest","1":"bettermodel:item/colquida_skin","2":"bettermodel:item/colquida_pecs","3":"bettermodel:item/colquida_face","4":"bettermodel:item/colquida_theeth","5":"bettermodel:item/colquida_glove","6":"bettermodel:item/colquida_wear","particle":"bettermodel:item/colquida_chest"},"elements":[{"from":[7.048483,6.459449,8.860896],"to":[9.132758,9.313999,8.951517],"faces":{"north":{"uv":[6.25,9.625,9.125,11.375],"tintindex":0,"texture":"#6"},"east":{"uv":[11.25,2.75,11.375,4.5],"tintindex":0,"texture":"#6"},"south":{"uv":[9.125,9.625,12.0,11.375],"tintindex":0,"texture":"#6"},"west":{"uv":[11.25,4.5,11.375,6.25],"tintindex":0,"texture":"#6"},"up":{"uv":[14.125,2.375,11.25,2.25],"tintindex":0,"texture":"#6"},"down":{"uv":[14.125,2.375,11.25,2.5],"tintindex":0,"texture":"#6"}}}],"display":{"fixed":{"scale":[4,4,4],"rotation":[0.0,-89.98021,0.0]}}}