{"textures":{"0":"bettermodel:item/colquida_chest","1":"bettermodel:item/colquida_skin","2":"bettermodel:item/colquida_pecs","3":"bettermodel:item/colquida_face","4":"bettermodel:item/colquida_theeth","5":"bettermodel:item/colquida_glove","6":"bettermodel:item/colquida_wear","particle":"bettermodel:item/colquida_chest"},"elements":[{"from":[7.42909,6.8785696,7.456276],"to":[8.561848,7.6035347,8.543724],"faces":{"north":{"uv":[3.8125,1.5,2.25,2.5],"tintindex":0,"texture":"#1"},"east":{"uv":[2.0,1.25,0.5,2.25],"tintindex":0,"texture":"#1"},"south":{"uv":[8.3125,7.0,6.75,8.0],"tintindex":0,"texture":"#1"},"west":{"uv":[2.25,4.75,0.75,5.75],"tintindex":0,"texture":"#1"},"up":{"uv":[4.8125,6.0,3.25,7.5],"tintindex":0,"texture":"#1"},"down":{"uv":[7.5625,1.0,6.0,2.5],"tintindex":0,"texture":"#1"}}},{"from":[7.5287724,7.422293,7.546897],"to":[8.480289,8.101948,8.453103],"faces":{"north":{"uv":[4.8125,1.25,3.5,2.1875],"tintindex":0,"texture":"#1"},"east":{"uv":[10.0,7.0,8.75,7.9375],"tintindex":0,"texture":"#1"},"south":{"uv":[7.5625,7.5,6.25,8.4375],"tintindex":0,"texture":"#1"},"west":{"uv":[4.25,5.75,3.0,6.6875],"tintindex":0,"texture":"#1"},"up":{"uv":[2.5625,5.5,1.25,6.75],"tintindex":0,"texture":"#1"},"down":{"uv":[2.0625,1.75,0.75,3.0],"tintindex":0,"texture":"#1"}}}],"display":{"fixed":{"scale":[4,4,4]}}}