{"textures":{"0":"bettermodel:item/colquida_chest","1":"bettermodel:item/colquida_skin","2":"bettermodel:item/colquida_pecs","3":"bettermodel:item/colquida_face","4":"bettermodel:item/colquida_theeth","5":"bettermodel:item/colquida_glove","6":"bettermodel:item/colquida_wear","particle":"bettermodel:item/colquida_chest"},"elements":[{"from":[7.2297244,6.991845,7.6375175],"to":[8.770275,7.8980517,8.362483],"faces":{"north":{"uv":[0.0,0.0,8.5,5.0],"tintindex":0,"texture":"#5"},"east":{"uv":[0.0,0.0,4.0,5.0],"tintindex":0,"texture":"#5"},"south":{"uv":[0.0,0.0,8.5,5.0],"tintindex":0,"texture":"#5"},"west":{"uv":[0.0,0.0,4.0,5.0],"tintindex":0,"texture":"#5"},"up":{"uv":[0.0,0.0,8.5,4.0],"tintindex":0,"texture":"#5"},"down":{"uv":[0.0,0.0,8.5,4.0],"tintindex":0,"texture":"#5"}}}],"display":{"fixed":{"scale":[4,4,4]}}}