{"textures":{"0":"bettermodel:item/colquida_chest","1":"bettermodel:item/colquida_skin","2":"bettermodel:item/colquida_pecs","3":"bettermodel:item/colquida_face","4":"bettermodel:item/colquida_theeth","5":"bettermodel:item/colquida_glove","6":"bettermodel:item/colquida_wear","particle":"bettermodel:item/colquida_chest"},"elements":[{"from":[7.2297244,8.838242,11.602171],"to":[7.728138,9.200724,12.055274],"faces":{"north":{"uv":[3.0,3.0,5.75,5.0],"tintindex":0,"texture":"#4"},"east":{"uv":[7.75,10.0,10.25,12.0],"tintindex":0,"texture":"#4"},"south":{"uv":[0.0,10.0,2.75,12.0],"tintindex":0,"texture":"#4"},"west":{"uv":[10.25,10.0,12.75,12.0],"tintindex":0,"texture":"#4"},"up":{"uv":[8.25,10.0,5.5,7.5],"tintindex":0,"texture":"#4"},"down":{"uv":[11.0,7.5,8.25,10.0],"tintindex":0,"texture":"#4"}}}],"display":{"fixed":{"scale":[4,4,4],"rotation":[-90.0,0.0,0.0]}}}