{"textures":{"0":"bettermodel:item/colquida_chest","1":"bettermodel:item/colquida_skin","2":"bettermodel:item/colquida_pecs","3":"bettermodel:item/colquida_face","4":"bettermodel:item/colquida_theeth","5":"bettermodel:item/colquida_glove","6":"bettermodel:item/colquida_wear","particle":"bettermodel:item/colquida_chest"},"elements":[{"from":[7.3656554,7.2297244,7.6828275],"to":[8.04531,8.362483,8.498414],"faces":{"north":{"uv":[0.0,0.0,3.75,6.25],"tintindex":0,"texture":"#5"},"east":{"uv":[0.0,0.0,4.5,6.25],"tintindex":0,"texture":"#5"},"south":{"uv":[0.0,0.0,3.75,6.25],"tintindex":0,"texture":"#5"},"west":{"uv":[0.0,0.0,4.5,6.25],"tintindex":0,"texture":"#5"},"up":{"uv":[0.0,0.0,3.75,4.5],"tintindex":0,"texture":"#5"},"down":{"uv":[0.0,0.0,3.75,4.5],"tintindex":0,"texture":"#5"}}}],"display":{"fixed":{"scale":[4,4,4]}}}