{"textures":{"0":"bettermodel:item/colquida_chest","1":"bettermodel:item/colquida_skin","2":"bettermodel:item/colquida_pecs","3":"bettermodel:item/colquida_face","4":"bettermodel:item/colquida_theeth","5":"bettermodel:item/colquida_glove","6":"bettermodel:item/colquida_wear","particle":"bettermodel:item/colquida_chest"},"elements":[{"from":[6.746314,11.028843,10.014458],"to":[7.154107,11.708498,10.37694],"faces":{"north":{"uv":[0.0,3.75,2.25,7.5],"tintindex":0,"texture":"#4"},"east":{"uv":[6.5,0.0,8.5,3.75],"tintindex":0,"texture":"#4"},"south":{"uv":[2.25,3.75,4.5,7.5],"tintindex":0,"texture":"#4"},"west":{"uv":[6.5,3.75,8.5,7.5],"tintindex":0,"texture":"#4"},"up":{"uv":[13.5,2.0,11.25,0.0],"tintindex":0,"texture":"#4"},"down":{"uv":[4.5,1.0,2.25,3.0],"tintindex":0,"texture":"#4"}}}],"display":{"fixed":{"scale":[4,4,4],"rotation":[-56.50717,20.704815,6.6486845]}}}