{"textures":{"0":"bettermodel:item/colquida_chest","1":"bettermodel:item/colquida_skin","2":"bettermodel:item/colquida_pecs","3":"bettermodel:item/colquida_face","4":"bettermodel:item/colquida_theeth","5":"bettermodel:item/colquida_glove","6":"bettermodel:item/colquida_wear","particle":"bettermodel:item/colquida_chest"},"elements":[{"from":[6.785683,6.862711,9.209785],"to":[8.824648,9.128227,9.300406],"faces":{"north":{"uv":[11.25,4.375,5.625,6.125],"tintindex":0,"texture":"#6"},"east":{"uv":[3.125,10.1875,3.0,11.9375],"tintindex":0,"texture":"#6"},"south":{"uv":[11.25,6.125,5.625,7.875],"tintindex":0,"texture":"#6"},"west":{"uv":[3.0,10.1875,2.875,11.9375],"tintindex":0,"texture":"#6"},"up":{"uv":[11.25,1.875,16.875,1.75],"tintindex":0,"texture":"#6"},"down":{"uv":[11.25,1.875,16.875,2.0],"tintindex":0,"texture":"#6"}}}],"display":{"fixed":{"scale":[4,4,4],"rotation":[-90.0,0.0,0.0]}}}