{"textures":{"0":"bettermodel:item/colquida_chest","1":"bettermodel:item/colquida_skin","2":"bettermodel:item/colquida_pecs","3":"bettermodel:item/colquida_face","4":"bettermodel:item/colquida_theeth","5":"bettermodel:item/colquida_glove","6":"bettermodel:item/colquida_wear","particle":"bettermodel:item/colquida_chest"},"elements":[{"from":[7.29769,6.3801556,7.390576],"to":[8.702311,7.9660172,8.749886],"faces":{"north":{"uv":[14.25,5.5,10.25,9.5],"tintindex":0,"texture":"#5"},"east":{"uv":[10.0,4.0,6.0,8.0],"tintindex":0,"texture":"#5"},"south":{"uv":[11.25,4.5,7.25,8.5],"tintindex":0,"texture":"#5"},"west":{"uv":[4.25,5.25,0.25,9.25],"tintindex":0,"texture":"#5"},"up":{"uv":[16.0,5.5,12.0,9.5],"tintindex":0,"texture":"#5"},"down":{"uv":[5.5,5.0,1.5,9.0],"tintindex":0,"texture":"#5"}}},{"from":[7.3430004,6.3801556,6.66108],"to":[8.657,7.286362,7.386045],"faces":{"north":{"uv":[4.5,4.25,0.5,8.25],"tintindex":0,"texture":"#5"},"east":{"uv":[7.75,3.75,4.5,7.75],"tintindex":0,"texture":"#5"},"south":{"uv":[12.25,4.5,8.25,8.5],"tintindex":0,"texture":"#5"},"west":{"uv":[8.25,4.25,5.0,8.25],"tintindex":0,"texture":"#5"},"up":{"uv":[4.0,4.25,0.0,7.5],"tintindex":0,"texture":"#5"},"down":{"uv":[16.0,5.25,12.0,8.5],"tintindex":0,"texture":"#5"}}}],"display":{"fixed":{"scale":[4,4,4]}}}