{"textures":{"0":"bettermodel:item/colquida_chest","1":"bettermodel:item/colquida_skin","2":"bettermodel:item/colquida_pecs","3":"bettermodel:item/colquida_face","4":"bettermodel:item/colquida_theeth","5":"bettermodel:item/colquida_glove","6":"bettermodel:item/colquida_wear","particle":"bettermodel:item/colquida_chest"},"elements":[{"from":[8.271862,8.838242,11.602171],"to":[8.770275,9.200724,12.055274],"faces":{"north":{"uv":[3.5,2.0,6.25,4.0],"tintindex":0,"texture":"#4"},"east":{"uv":[2.75,10.0,5.25,12.0],"tintindex":0,"texture":"#4"},"south":{"uv":[8.5,2.0,11.25,4.0],"tintindex":0,"texture":"#4"},"west":{"uv":[5.25,10.0,7.75,12.0],"tintindex":0,"texture":"#4"},"up":{"uv":[2.75,10.0,0.0,7.5],"tintindex":0,"texture":"#4"},"down":{"uv":[5.5,7.5,2.75,10.0],"tintindex":0,"texture":"#4"}}}],"display":{"fixed":{"scale":[4,4,4],"rotation":[-90.0,0.0,0.0]}}}