{"textures":{"0":"bettermodel:item/colquida_chest","1":"bettermodel:item/colquida_skin","2":"bettermodel:item/colquida_pecs","3":"bettermodel:item/colquida_face","4":"bettermodel:item/colquida_theeth","5":"bettermodel:item/colquida_glove","6":"bettermodel:item/colquida_wear","particle":"bettermodel:item/colquida_chest"},"elements":[{"from":[6.893351,7.8343453,7.275035],"to":[8.11673,8.151518,8.407793],"faces":{"north":{"uv":[10.9375,7.75,9.25,8.1875],"tintindex":0,"texture":"#1"},"east":{"uv":[7.8125,7.0,6.25,7.4375],"tintindex":0,"texture":"#1"},"south":{"uv":[6.9375,0.5,5.25,0.9375],"tintindex":0,"texture":"#1"},"west":{"uv":[2.5625,2.25,1.0,2.6875],"tintindex":0,"texture":"#1"},"up":{"uv":[2.4375,4.25,0.75,5.8125],"tintindex":0,"texture":"#1"},"down":{"uv":[5.1875,2.25,3.5,3.8125],"tintindex":0,"texture":"#1"}}}],"display":{"fixed":{"scale":[4,4,4],"rotation":[-0.0,0.0,55.0]}}}