{"textures":{"0":"bettermodel:item/colquida_chest","1":"bettermodel:item/colquida_skin","2":"bettermodel:item/colquida_pecs","3":"bettermodel:item/colquida_face","4":"bettermodel:item/colquida_theeth","5":"bettermodel:item/colquida_glove","6":"bettermodel:item/colquida_wear","particle":"bettermodel:item/colquida_chest"},"elements":[{"from":[7.728138,7.7734485,7.6375175],"to":[8.271862,8.317172,8.0],"faces":{"north":{"uv":[2.0,3.0,2.75,3.75],"tintindex":0,"texture":"#3"},"east":{"uv":[1.0,5.25,1.5,6.0],"tintindex":0,"texture":"#3"},"south":{"uv":[3.0,2.5,3.75,3.25],"tintindex":0,"texture":"#3"},"west":{"uv":[1.75,1.5,2.5,2.0],"rotation":90.0,"tintindex":0,"texture":"#3"},"up":{"uv":[1.75,1.25,1.0,0.75],"tintindex":0,"texture":"#3"},"down":{"uv":[1.25,2.75,0.5,3.25],"tintindex":0,"texture":"#3"}}}],"display":{"fixed":{"scale":[4,4,4]}}}