{"textures":{"0":"bettermodel:item/colquida_chest","1":"bettermodel:item/colquida_skin","2":"bettermodel:item/colquida_pecs","3":"bettermodel:item/colquida_face","4":"bettermodel:item/colquida_theeth","5":"bettermodel:item/colquida_glove","6":"bettermodel:item/colquida_wear","particle":"bettermodel:item/colquida_chest"},"elements":[{"from":[6.9623933,6.400545,7.175352],"to":[9.046669,9.255096,7.2659726],"faces":{"north":{"uv":[0.0,10.1875,2.875,11.9375],"tintindex":0,"texture":"#6"},"east":{"uv":[11.375,4.5,11.5,6.25],"tintindex":0,"texture":"#6"},"south":{"uv":[11.25,0.0,14.125,1.75],"tintindex":0,"texture":"#6"},"west":{"uv":[6.25,11.375,6.375,13.125],"tintindex":0,"texture":"#6"},"up":{"uv":[14.125,2.625,11.25,2.5],"tintindex":0,"texture":"#6"},"down":{"uv":[14.125,2.625,11.25,2.75],"tintindex":0,"texture":"#6"}}}],"display":{"fixed":{"scale":[4,4,4],"rotation":[0.0,-89.98021,0.0]}}}