{"textures":{"0":"bettermodel:item/colquida_chest","1":"bettermodel:item/colquida_skin","2":"bettermodel:item/colquida_pecs","3":"bettermodel:item/colquida_face","4":"bettermodel:item/colquida_theeth","5":"bettermodel:item/colquida_glove","6":"bettermodel:item/colquida_wear","particle":"bettermodel:item/colquida_chest"},"elements":[{"from":[7.003173,11.715446,7.184414],"to":[8.996827,13.165378,8.815586],"faces":{"north":{"uv":[1.75,6.25,4.5,8.25],"tintindex":0,"texture":"#3"},"east":{"uv":[7.0,0.75,9.25,2.75],"tintindex":0,"texture":"#3"},"south":{"uv":[0.75,4.5,3.5,6.5],"tintindex":0,"texture":"#3"},"west":{"uv":[2.75,1.0,5.0,3.0],"tintindex":0,"texture":"#3"},"up":{"uv":[8.0,7.25,10.75,9.5],"tintindex":0,"texture":"#3"},"down":{"uv":[5.5,6.75,8.25,9.0],"tintindex":0,"texture":"#3"}}}],"display":{"fixed":{"scale":[4,4,4]}}}