{"textures":{"0":"bettermodel:item/colquida_chest","1":"bettermodel:item/colquida_skin","2":"bettermodel:item/colquida_pecs","3":"bettermodel:item/colquida_face","4":"bettermodel:item/colquida_theeth","5":"bettermodel:item/colquida_glove","6":"bettermodel:item/colquida_wear","particle":"bettermodel:item/colquida_chest"},"elements":[{"from":[7.2297244,5.3720007,7.433621],"to":[8.770275,6.731311,8.56638],"faces":{"north":{"uv":[0.0,0.0,8.5,7.5],"tintindex":0,"texture":"#5"},"east":{"uv":[0.0,0.0,6.25,7.5],"tintindex":0,"texture":"#5"},"south":{"uv":[0.0,0.0,8.5,7.5],"tintindex":0,"texture":"#5"},"west":{"uv":[0.0,0.0,6.25,7.5],"tintindex":0,"texture":"#5"},"up":{"uv":[0.0,0.0,8.5,6.25],"tintindex":0,"texture":"#5"},"down":{"uv":[0.0,0.0,8.5,6.25],"tintindex":0,"texture":"#5"}}},{"from":[7.275035,6.7426386,7.0711384],"to":[8.634345,8.101948,8.883552],"faces":{"north":{"uv":[3.75,7.0,6.75,9.75],"tintindex":0,"texture":"#5"},"east":{"uv":[0.75,5.75,3.75,8.5],"tintindex":0,"texture":"#5"},"south":{"uv":[12.0,5.5,15.5,8.75],"tintindex":0,"texture":"#5"},"west":{"uv":[8.75,6.25,11.0,9.25],"tintindex":0,"texture":"#5"},"up":{"uv":[12.0,4.25,8.0,0.75],"tintindex":0,"texture":"#5"},"down":{"uv":[15.5,5.75,12.75,8.75],"tintindex":0,"texture":"#5"}}}],"display":{"fixed":{"scale":[4,4,4]}}}