{"textures":{"0":"bettermodel:item/graywolf_grayscalewolf","particle":"bettermodel:item/graywolf_grayscalewolf"},"elements":[{"from":[7.8753967,7.701463,7.96964],"to":[7.977345,7.9801216,8.14635],"rotation":{"angle":-22.5,"axis":"x","origin":[7.916176,7.647091,8.132757]},"faces":{"north":{"uv":[7.0,3.5,6.0,5.0],"tintindex":0,"texture":"#0"},"east":{"uv":[7.0,3.5,6.0,4.75],"tintindex":0,"texture":"#0"},"south":{"uv":[7.0,3.5,6.0,5.0],"tintindex":0,"texture":"#0"},"west":{"uv":[7.0,3.5,6.0,4.75],"tintindex":0,"texture":"#0"},"up":{"uv":[10.5,7.5,9.5,8.5],"tintindex":0,"texture":"#0"},"down":{"uv":[7.25,3.5,6.25,5.0],"tintindex":0,"texture":"#0"}}},{"from":[7.8686,7.8600845,7.8366203],"to":[8.038514,8.138743,8.03372],"rotation":{"angle":22.5,"axis":"x","origin":[7.9093795,7.832898,7.921577]},"faces":{"north":{"uv":[7.0,3.5,6.0,5.0],"tintindex":0,"texture":"#0"},"east":{"uv":[7.0,3.5,6.0,5.0],"tintindex":0,"texture":"#0"},"south":{"uv":[7.0,3.5,6.0,5.0],"tintindex":0,"texture":"#0"},"west":{"uv":[7.0,3.5,6.0,4.75],"tintindex":0,"texture":"#0"},"up":{"uv":[10.5,7.5,9.5,8.5],"tintindex":0,"texture":"#0"},"down":{"uv":[7.25,3.5,6.25,5.0],"tintindex":0,"texture":"#0"}}}],"display":{"fixed":{"scale":[4,4,4]}}}