{"textures":{"0":"bettermodel:item/graywolf_grayscalewolf","particle":"bettermodel:item/graywolf_grayscalewolf"},"elements":[{"from":[7.929474,7.972035,7.826261],"to":[8.070526,8.02561,8.088215],"faces":{"north":{"uv":[9.5,1.25,10.5,1.75],"tintindex":0,"texture":"#0"},"east":{"uv":[9.25,1.25,11.0,1.75],"tintindex":0,"texture":"#0"},"south":{"uv":[9.5,1.25,10.5,1.75],"tintindex":0,"texture":"#0"},"west":{"uv":[9.25,1.25,11.0,1.75],"tintindex":0,"texture":"#0"},"up":{"uv":[5.25,1.5,6.5,0.0],"tintindex":0,"texture":"#0"},"down":{"uv":[6.25,5.5,7.25,7.25],"tintindex":0,"texture":"#0"}}},{"from":[8.04184,8.012946,7.8676114],"to":[8.062759,8.068731,7.8955045],"rotation":{"angle":-22.5,"axis":"x","origin":[8.055786,8.047812,7.881558]},"faces":{"north":{"uv":[1.75,2.0,2.0,2.5],"tintindex":0,"texture":"#0"},"east":{"uv":[1.75,2.0,2.0,2.5],"tintindex":0,"texture":"#0"},"south":{"uv":[1.75,2.0,2.0,2.5],"tintindex":0,"texture":"#0"},"west":{"uv":[1.75,2.0,2.0,2.5],"tintindex":0,"texture":"#0"},"up":{"uv":[1.75,2.0,2.0,2.5],"tintindex":0,"texture":"#0"},"down":{"uv":[1.75,2.0,2.0,2.5],"tintindex":0,"texture":"#0"}}},{"from":[7.9372406,8.012946,7.8676114],"to":[7.9581604,8.068731,7.8955045],"rotation":{"angle":-22.5,"axis":"x","origin":[7.951187,8.047812,7.881558]},"faces":{"north":{"uv":[1.75,2.0,2.0,2.5],"tintindex":0,"texture":"#0"},"east":{"uv":[1.75,2.0,2.0,2.5],"tintindex":0,"texture":"#0"},"south":{"uv":[1.75,2.0,2.0,2.5],"tintindex":0,"texture":"#0"},"west":{"uv":[1.75,2.0,2.0,2.5],"tintindex":0,"texture":"#0"},"up":{"uv":[1.75,2.0,2.0,2.5],"tintindex":0,"texture":"#0"},"down":{"uv":[1.75,2.0,2.0,2.5],"tintindex":0,"texture":"#0"}}},{"from":[7.9651337,8.012946,7.8397183],"to":[7.9860535,8.082678,7.8676114],"rotation":{"angle":-22.5,"axis":"x","origin":[7.97908,8.047812,7.853665]},"faces":{"north":{"uv":[1.75,2.0,2.0,2.5],"tintindex":0,"texture":"#0"},"east":{"uv":[1.75,2.0,2.0,2.5],"tintindex":0,"texture":"#0"},"south":{"uv":[1.75,2.0,2.0,2.5],"tintindex":0,"texture":"#0"},"west":{"uv":[1.75,2.0,2.0,2.5],"tintindex":0,"texture":"#0"},"up":{"uv":[1.75,2.0,2.0,2.5],"tintindex":0,"texture":"#0"},"down":{"uv":[1.75,2.0,2.0,2.5],"tintindex":0,"texture":"#0"}}},{"from":[8.013947,8.012946,7.8397183],"to":[8.034866,8.082678,7.8676114],"rotation":{"angle":-22.5,"axis":"x","origin":[8.027893,8.047812,7.853665]},"faces":{"north":{"uv":[1.75,2.0,2.0,2.5],"tintindex":0,"texture":"#0"},"east":{"uv":[1.75,2.0,2.0,2.5],"tintindex":0,"texture":"#0"},"south":{"uv":[1.75,2.0,2.0,2.5],"tintindex":0,"texture":"#0"},"west":{"uv":[1.75,2.0,2.0,2.5],"tintindex":0,"texture":"#0"},"up":{"uv":[1.75,2.0,2.0,2.5],"tintindex":0,"texture":"#0"},"down":{"uv":[1.75,2.0,2.0,2.5],"tintindex":0,"texture":"#0"}}},{"from":[7.9930267,8.012946,7.8397183],"to":[8.006973,8.054786,7.8676114],"rotation":{"angle":-22.5,"axis":"x","origin":[8.0,8.047812,7.853665]},"faces":{"north":{"uv":[1.75,2.0,2.0,2.5],"tintindex":0,"texture":"#0"},"east":{"uv":[1.75,2.0,2.0,2.5],"tintindex":0,"texture":"#0"},"south":{"uv":[1.75,2.0,2.0,2.5],"tintindex":0,"texture":"#0"},"west":{"uv":[1.75,2.0,2.0,2.5],"tintindex":0,"texture":"#0"},"up":{"uv":[1.75,2.0,2.0,2.5],"tintindex":0,"texture":"#0"},"down":{"uv":[1.75,2.0,2.0,2.5],"tintindex":0,"texture":"#0"}}},{"from":[8.048813,8.012946,7.9164243],"to":[8.069733,8.054786,7.9443173],"rotation":{"angle":-22.5,"axis":"x","origin":[8.062759,8.047812,7.930371]},"faces":{"north":{"uv":[1.75,2.0,2.0,2.5],"tintindex":0,"texture":"#0"},"east":{"uv":[1.75,2.0,2.0,2.5],"tintindex":0,"texture":"#0"},"south":{"uv":[1.75,2.0,2.0,2.5],"tintindex":0,"texture":"#0"},"west":{"uv":[1.75,2.0,2.0,2.5],"tintindex":0,"texture":"#0"},"up":{"uv":[1.75,2.0,2.0,2.5],"tintindex":0,"texture":"#0"},"down":{"uv":[1.75,2.0,2.0,2.5],"tintindex":0,"texture":"#0"}}},{"from":[8.048813,8.012946,7.965237],"to":[8.069733,8.054786,7.99313],"rotation":{"angle":-22.5,"axis":"x","origin":[8.062759,8.047812,7.9791837]},"faces":{"north":{"uv":[1.75,2.0,2.0,2.5],"tintindex":0,"texture":"#0"},"east":{"uv":[1.75,2.0,2.0,2.5],"tintindex":0,"texture":"#0"},"south":{"uv":[1.75,2.0,2.0,2.5],"tintindex":0,"texture":"#0"},"west":{"uv":[1.75,2.0,2.0,2.5],"tintindex":0,"texture":"#0"},"up":{"uv":[1.75,2.0,2.0,2.5],"tintindex":0,"texture":"#0"},"down":{"uv":[1.75,2.0,2.0,2.5],"tintindex":0,"texture":"#0"}}},{"from":[7.9302673,8.012946,7.9164243],"to":[7.951187,8.054786,7.9443173],"rotation":{"angle":-22.5,"axis":"x","origin":[7.944214,8.047812,7.930371]},"faces":{"north":{"uv":[1.75,2.0,2.0,2.5],"tintindex":0,"texture":"#0"},"east":{"uv":[1.75,2.0,2.0,2.5],"tintindex":0,"texture":"#0"},"south":{"uv":[1.75,2.0,2.0,2.5],"tintindex":0,"texture":"#0"},"west":{"uv":[1.75,2.0,2.0,2.5],"tintindex":0,"texture":"#0"},"up":{"uv":[1.75,2.0,2.0,2.5],"tintindex":0,"texture":"#0"},"down":{"uv":[1.75,2.0,2.0,2.5],"tintindex":0,"texture":"#0"}}},{"from":[7.9302673,8.012946,7.965237],"to":[7.951187,8.054786,7.99313],"rotation":{"angle":-22.5,"axis":"x","origin":[7.944214,8.047812,7.9791837]},"faces":{"north":{"uv":[1.75,2.0,2.0,2.5],"tintindex":0,"texture":"#0"},"east":{"uv":[1.75,2.0,2.0,2.5],"tintindex":0,"texture":"#0"},"south":{"uv":[1.75,2.0,2.0,2.5],"tintindex":0,"texture":"#0"},"west":{"uv":[1.75,2.0,2.0,2.5],"tintindex":0,"texture":"#0"},"up":{"uv":[1.75,2.0,2.0,2.5],"tintindex":0,"texture":"#0"},"down":{"uv":[1.75,2.0,2.0,2.5],"tintindex":0,"texture":"#0"}}}],"display":{"fixed":{"scale":[4,4,4]}}}