{"textures":{"0":"bettermodel:item/king_kinghair","1":"bettermodel:item/king_kingbody","2":"bettermodel:item/king_kingleg","3":"bettermodel:item/king_kingskin","4":"bettermodel:item/king_kingface","5":"bettermodel:item/king_kingcrown","particle":"bettermodel:item/king_kinghair"},"elements":[{"from":[8.664241,9.094602,7.8500137],"to":[8.754861,9.321154,7.9406343],"faces":{"north":{"uv":[0.0,0.0,2.0,5.0],"tintindex":0,"texture":"#0"},"east":{"uv":[0.0,0.0,2.0,5.0],"tintindex":0,"texture":"#0"},"south":{"uv":[0.0,0.0,2.0,5.0],"tintindex":0,"texture":"#0"},"west":{"uv":[0.0,0.0,2.0,5.0],"tintindex":0,"texture":"#0"},"up":{"uv":[0.0,0.0,2.0,2.0],"tintindex":0,"texture":"#0"},"down":{"uv":[0.0,0.0,2.0,2.0],"tintindex":0,"texture":"#0"}}},{"from":[8.657235,9.099266,8.167074],"to":[8.747856,9.371128,8.257695],"faces":{"north":{"uv":[0.0,0.0,2.0,6.0],"tintindex":0,"texture":"#0"},"east":{"uv":[0.0,0.0,2.0,6.0],"tintindex":0,"texture":"#0"},"south":{"uv":[0.0,0.0,2.0,6.0],"tintindex":0,"texture":"#0"},"west":{"uv":[0.0,0.0,2.0,6.0],"tintindex":0,"texture":"#0"},"up":{"uv":[0.0,0.0,2.0,2.0],"tintindex":0,"texture":"#0"},"down":{"uv":[0.0,0.0,2.0,2.0],"tintindex":0,"texture":"#0"}}}],"display":{"fixed":{"scale":[4,4,4],"rotation":[0.327825,1.4847485,21.204252]}}}