{"textures":{"0":"bettermodel:item/king_kinghair","1":"bettermodel:item/king_kingbody","2":"bettermodel:item/king_kingleg","3":"bettermodel:item/king_kingskin","4":"bettermodel:item/king_kingface","5":"bettermodel:item/king_kingcrown","particle":"bettermodel:item/king_kinghair"},"elements":[{"from":[8.634345,8.271862,7.8187585],"to":[8.906206,9.087448,8.181241],"faces":{"north":{"uv":[4.0,0.0,5.5,4.5],"tintindex":0,"texture":"#3"},"east":{"uv":[0.0,0.0,2.0,4.5],"tintindex":0,"texture":"#3"},"south":{"uv":[0.0,4.5,1.5,9.0],"tintindex":0,"texture":"#3"},"west":{"uv":[2.0,0.0,4.0,4.5],"tintindex":0,"texture":"#3"},"up":{"uv":[3.0,6.5,1.5,4.5],"tintindex":0,"texture":"#3"},"down":{"uv":[4.5,4.5,3.0,6.5],"tintindex":0,"texture":"#3"}}},{"from":[8.489351,8.679655,7.7734485],"to":[8.951517,9.178068,8.226552],"faces":{"north":{"uv":[0.0,0.0,1.275,1.375],"tintindex":0,"texture":"#1"},"east":{"uv":[0.0,0.0,1.25,1.375],"tintindex":0,"texture":"#1"},"south":{"uv":[0.0,0.0,1.275,1.375],"tintindex":0,"texture":"#1"},"west":{"uv":[0.0,0.0,1.25,1.375],"tintindex":0,"texture":"#1"},"up":{"uv":[0.0,0.0,1.275,1.25],"tintindex":0,"texture":"#1"},"down":{"uv":[0.0,0.0,1.275,1.25],"tintindex":0,"texture":"#1"}}}],"display":{"fixed":{"scale":[4,4,4]}}}