{"textures":{"0":"bettermodel:item/king_kinghair","1":"bettermodel:item/king_kingbody","2":"bettermodel:item/king_kingleg","3":"bettermodel:item/king_kingskin","4":"bettermodel:item/king_kingface","5":"bettermodel:item/king_kingcrown","particle":"bettermodel:item/king_kinghair"},"elements":[{"from":[8.660711,9.0805235,7.705129],"to":[8.751332,9.3070755,7.79575],"faces":{"north":{"uv":[0.0,0.0,2.0,5.0],"tintindex":0,"texture":"#0"},"east":{"uv":[0.0,0.0,2.0,5.0],"tintindex":0,"texture":"#0"},"south":{"uv":[0.0,0.0,2.0,5.0],"tintindex":0,"texture":"#0"},"west":{"uv":[0.0,0.0,2.0,5.0],"tintindex":0,"texture":"#0"},"up":{"uv":[0.0,0.0,2.0,2.0],"tintindex":0,"texture":"#0"},"down":{"uv":[0.0,0.0,2.0,2.0],"tintindex":0,"texture":"#0"}}}],"display":{"fixed":{"scale":[4,4,4],"rotation":[5.82983,-12.485181,21.735975]}}}