{"textures":{"0":"bettermodel:item/mapacho_ears","1":"bettermodel:item/mapacho_mainhead","2":"bettermodel:item/mapacho_nose","3":"bettermodel:item/mapacho_legs","4":"bettermodel:item/mapacho_body","5":"bettermodel:item/mapacho_tail","particle":"bettermodel:item/mapacho_ears"},"elements":[{"from":[7.959236,7.9210553,7.9081573],"to":[8.036263,8.102297,7.985185],"faces":{"north":{"uv":[6.5,2.5,7.5,4.5],"tintindex":0,"texture":"#1"},"east":{"uv":[7.0,5.0,8.0,7.0],"tintindex":0,"texture":"#1"},"south":{"uv":[0.0,7.5,1.0,9.5],"tintindex":0,"texture":"#1"},"west":{"uv":[7.5,0.0,8.5,2.0],"tintindex":0,"texture":"#1"},"up":{"uv":[9.5,6.5,8.5,5.5],"tintindex":0,"texture":"#1"},"down":{"uv":[10.0,0.0,9.0,1.0],"tintindex":0,"texture":"#1"}}}],"display":{"fixed":{"scale":[4,4,4],"rotation":[-6.029408E-6,-55.500004,-90.0]}}}