{"textures":{"0":"bettermodel:item/mapacho_ears","1":"bettermodel:item/mapacho_mainhead","2":"bettermodel:item/mapacho_nose","3":"bettermodel:item/mapacho_legs","4":"bettermodel:item/mapacho_body","5":"bettermodel:item/mapacho_tail","particle":"bettermodel:item/mapacho_ears"},"elements":[{"from":[8.026949,7.965234,7.9635],"to":[8.054135,8.033199,8.031466],"faces":{"north":{"uv":[4.0,11.0,5.0,13.0],"tintindex":0,"texture":"#0"},"east":{"uv":[0.0,4.0,2.0,6.0],"tintindex":0,"texture":"#0"},"south":{"uv":[7.0,11.0,8.0,13.0],"tintindex":0,"texture":"#0"},"west":{"uv":[4.0,0.0,6.0,2.0],"tintindex":0,"texture":"#0"},"up":{"uv":[12.0,10.0,11.0,8.0],"tintindex":0,"texture":"#0"},"down":{"uv":[10.0,11.0,9.0,13.0],"tintindex":0,"texture":"#0"}}}],"display":{"fixed":{"scale":[4,4,4],"rotation":[-0.0,0.0,28.000004]}}}