{"textures":{"0":"bettermodel:item/mapacho_ears","1":"bettermodel:item/mapacho_mainhead","2":"bettermodel:item/mapacho_nose","3":"bettermodel:item/mapacho_legs","4":"bettermodel:item/mapacho_body","5":"bettermodel:item/mapacho_tail","particle":"bettermodel:item/mapacho_ears"},"elements":[{"from":[7.9796104,7.986407,7.9841413],"to":[8.02039,8.013593,8.015859],"faces":{"north":{"uv":[0.0,0.0,1.0,1.0],"tintindex":0,"texture":"#2"},"east":{"uv":[0.0,2.0,1.0,3.0],"tintindex":0,"texture":"#2"},"south":{"uv":[2.0,0.0,3.0,1.0],"tintindex":0,"texture":"#2"},"west":{"uv":[2.0,2.0,3.0,3.0],"tintindex":0,"texture":"#2"},"up":{"uv":[1.0,5.0,0.0,4.0],"tintindex":0,"texture":"#2"},"down":{"uv":[5.0,0.0,4.0,1.0],"tintindex":0,"texture":"#2"}}}],"display":{"fixed":{"scale":[4,4,4]}}}