{"textures":{"0":"bettermodel:item/minero_golem1","1":"bettermodel:item/minero_head","2":"bettermodel:item/minero_belly","3":"bettermodel:item/minero_actualbelly","4":"bettermodel:item/minero_helm","5":"bettermodel:item/minero_backpack","particle":"bettermodel:item/minero_golem1"},"elements":[{"from":[7.886724,7.8187585,7.864069],"to":[8.113276,7.9546895,8.090621],"faces":{"north":{"uv":[5.0,0.0,10.0,3.0],"tintindex":0,"texture":"#1"},"east":{"uv":[5.0,3.0,10.0,6.0],"tintindex":0,"texture":"#1"},"south":{"uv":[5.0,6.0,10.0,9.0],"tintindex":0,"texture":"#1"},"west":{"uv":[5.0,9.0,10.0,12.0],"tintindex":0,"texture":"#1"},"up":{"uv":[5.0,5.0,0.0,0.0],"tintindex":0,"texture":"#1"},"down":{"uv":[5.0,5.0,0.0,10.0],"tintindex":0,"texture":"#1"}}},{"from":[7.864069,7.9093795,7.841414],"to":[8.135931,7.9546895,8.113276],"faces":{"north":{"uv":[5.5,3.0,8.5,3.5],"tintindex":0,"texture":"#4"},"east":{"uv":[5.5,3.5,8.5,4.0],"tintindex":0,"texture":"#4"},"south":{"uv":[5.5,4.0,8.5,4.5],"tintindex":0,"texture":"#4"},"west":{"uv":[5.5,4.5,8.5,5.0],"tintindex":0,"texture":"#4"},"up":{"uv":[3.0,3.0,0.0,0.0],"tintindex":0,"texture":"#4"},"down":{"uv":[3.0,3.0,0.0,6.0],"tintindex":0,"texture":"#4"}}},{"from":[7.886724,7.9546895,7.864069],"to":[8.113276,8.04531,8.090621],"faces":{"north":{"uv":[3.0,5.0,5.5,6.0],"tintindex":0,"texture":"#4"},"east":{"uv":[5.5,0.0,8.0,1.0],"tintindex":0,"texture":"#4"},"south":{"uv":[5.5,1.0,8.0,2.0],"tintindex":0,"texture":"#4"},"west":{"uv":[5.5,2.0,8.0,3.0],"tintindex":0,"texture":"#4"},"up":{"uv":[5.5,2.5,3.0,0.0],"tintindex":0,"texture":"#4"},"down":{"uv":[5.5,2.5,3.0,5.0],"tintindex":0,"texture":"#4"}}},{"from":[7.977345,7.9546895,7.8187585],"to":[8.0226555,8.04531,7.864069],"faces":{"north":{"uv":[5.5,5.0,6.0,6.0],"tintindex":0,"texture":"#4"},"east":{"uv":[0.0,6.0,0.5,7.0],"tintindex":0,"texture":"#4"},"south":{"uv":[0.5,6.0,1.0,7.0],"tintindex":0,"texture":"#4"},"west":{"uv":[1.0,6.0,1.5,7.0],"tintindex":0,"texture":"#4"},"up":{"uv":[2.0,6.5,1.5,6.0],"tintindex":0,"texture":"#4"},"down":{"uv":[2.5,6.0,2.0,6.5],"tintindex":0,"texture":"#4"}}}],"display":{"fixed":{"scale":[4,4,4]}}}