{"textures":{"0":"bettermodel:item/minero_golem1","1":"bettermodel:item/minero_head","2":"bettermodel:item/minero_belly","3":"bettermodel:item/minero_actualbelly","4":"bettermodel:item/minero_helm","5":"bettermodel:item/minero_backpack","particle":"bettermodel:item/minero_golem1"},"elements":[{"from":[7.886724,7.8187585,8.0],"to":[8.113276,8.0,8.181241],"faces":{"north":{"uv":[0.0,0.0,5.0,4.0],"tintindex":0,"texture":"#5"},"east":{"uv":[0.0,8.0,4.0,12.0],"tintindex":0,"texture":"#5"},"south":{"uv":[0.0,4.0,5.0,8.0],"tintindex":0,"texture":"#5"},"west":{"uv":[4.0,8.0,8.0,12.0],"tintindex":0,"texture":"#5"},"up":{"uv":[10.0,4.0,5.0,0.0],"tintindex":0,"texture":"#5"},"down":{"uv":[10.0,4.0,5.0,8.0],"tintindex":0,"texture":"#5"}}}],"display":{"fixed":{"scale":[4,4,4]}}}