{"textures":{"0":"bettermodel:item/minero_golem1","1":"bettermodel:item/minero_head","2":"bettermodel:item/minero_belly","3":"bettermodel:item/minero_actualbelly","4":"bettermodel:item/minero_helm","5":"bettermodel:item/minero_backpack","particle":"bettermodel:item/minero_golem1"},"elements":[{"from":[7.9546895,7.9093795,7.941097],"to":[8.058904,8.0,8.058904],"faces":{"north":{"uv":[13.0,6.0,15.0,8.0],"tintindex":0,"texture":"#0"},"east":{"uv":[11.0,10.0,14.0,12.0],"tintindex":0,"texture":"#0"},"south":{"uv":[13.0,8.0,15.0,10.0],"tintindex":0,"texture":"#0"},"west":{"uv":[0.0,12.0,3.0,14.0],"tintindex":0,"texture":"#0"},"up":{"uv":[5.0,9.0,3.0,6.0],"tintindex":0,"texture":"#0"},"down":{"uv":[7.0,12.0,5.0,15.0],"tintindex":0,"texture":"#0"}}}],"display":{"fixed":{"scale":[4,4,4]}}}