{"textures":{"0":"bettermodel:item/mossgolem_gloves","1":"bettermodel:item/mossgolem_texture","2":"bettermodel:item/mossgolem_boots","3":"bettermodel:item/mossgolem_sock","4":"bettermodel:item/mossgolem_rock","5":"bettermodel:item/mossgolem_topgrassplusrock","6":"bettermodel:item/mossgolem_rockface","7":"bettermodel:item/mossgolem_glasses","particle":"bettermodel:item/mossgolem_gloves"},"elements":[{"from":[4.420484,5.1001387,3.87676],"to":[11.579515,10.899861,12.1232395],"faces":{"north":{"uv":[0.0,9.75,4.6875,13.75],"tintindex":0,"texture":"#4"},"east":{"uv":[0.0,5.71875,5.4375,9.71875],"tintindex":0,"texture":"#4"},"south":{"uv":[4.96875,9.75,9.90625,13.75],"tintindex":0,"texture":"#4"},"west":{"uv":[5.71875,5.71875,11.40625,9.71875],"tintindex":0,"texture":"#4"},"up":{"uv":[4.9375,5.6875,0.0,0.0],"tintindex":0,"texture":"#4"},"down":{"uv":[9.90625,0.0,4.96875,5.6875],"tintindex":0,"texture":"#4"}}}],"display":{"fixed":{"scale":[4,4,4]}}}