{"textures":{"0":"bettermodel:item/mossgolem_gloves","1":"bettermodel:item/mossgolem_texture","2":"bettermodel:item/mossgolem_boots","3":"bettermodel:item/mossgolem_sock","4":"bettermodel:item/mossgolem_rock","5":"bettermodel:item/mossgolem_topgrassplusrock","6":"bettermodel:item/mossgolem_rockface","7":"bettermodel:item/mossgolem_glasses","particle":"bettermodel:item/mossgolem_gloves"},"elements":[{"from":[6.889897,5.2360697,6.9805174],"to":[9.064793,7.6828275,9.064793],"faces":{"north":{"uv":[0.0,0.0,3.0,3.375],"tintindex":0,"texture":"#3"},"east":{"uv":[0.0,3.4375,2.875,6.8125],"tintindex":0,"texture":"#3"},"south":{"uv":[3.0625,0.0,6.0625,3.375],"tintindex":0,"texture":"#3"},"west":{"uv":[2.9375,3.4375,5.8125,6.8125],"tintindex":0,"texture":"#3"},"up":{"uv":[8.875,6.3125,5.875,3.4375],"tintindex":0,"texture":"#3"},"down":{"uv":[9.125,0.0,6.125,2.875],"tintindex":0,"texture":"#3"}}},{"from":[7.2523794,7.6828275,7.2523794],"to":[8.792931,8.860896,8.702311],"faces":{"north":{"uv":[0.0,0.0,2.0,2.0],"tintindex":0,"texture":"#1"},"east":{"uv":[0.0,0.0,2.0,2.0],"tintindex":0,"texture":"#1"},"south":{"uv":[0.0,0.0,2.0,2.0],"tintindex":0,"texture":"#1"},"west":{"uv":[0.0,0.0,2.0,2.0],"tintindex":0,"texture":"#1"},"up":{"uv":[0.0,0.0,2.0,2.0],"tintindex":0,"texture":"#1"},"down":{"uv":[0.0,0.0,2.0,2.0],"tintindex":0,"texture":"#1"}}}],"display":{"fixed":{"scale":[4,4,4]}}}