{"textures":{"0":"bettermodel:item/mossgolem_gloves","1":"bettermodel:item/mossgolem_texture","2":"bettermodel:item/mossgolem_boots","3":"bettermodel:item/mossgolem_sock","4":"bettermodel:item/mossgolem_rock","5":"bettermodel:item/mossgolem_topgrassplusrock","6":"bettermodel:item/mossgolem_rockface","7":"bettermodel:item/mossgolem_glasses","particle":"bettermodel:item/mossgolem_gloves"},"elements":[{"from":[6.0743113,6.1196213,7.025828],"to":[7.433621,9.517896,8.974173],"faces":{"north":{"uv":[6.453125,7.015625,7.0625,8.28125],"tintindex":0,"texture":"#0"},"east":{"uv":[1.78125,6.671875,2.453125,7.9375],"tintindex":0,"texture":"#0"},"south":{"uv":[4.171875,7.0625,4.78125,8.328125],"tintindex":0,"texture":"#0"},"west":{"uv":[5.765625,7.015625,6.4375,8.28125],"tintindex":0,"texture":"#0"},"up":{"uv":[7.140625,4.046875,6.53125,3.375],"tintindex":0,"texture":"#0"},"down":{"uv":[5.40625,7.0625,4.796875,7.734375],"tintindex":0,"texture":"#0"}}}],"display":{"fixed":{"scale":[4,4,4]}}}