{"textures":{"0":"bettermodel:item/mossgolem_gloves","1":"bettermodel:item/mossgolem_texture","2":"bettermodel:item/mossgolem_boots","3":"bettermodel:item/mossgolem_sock","4":"bettermodel:item/mossgolem_rock","5":"bettermodel:item/mossgolem_topgrassplusrock","6":"bettermodel:item/mossgolem_rockface","7":"bettermodel:item/mossgolem_glasses","particle":"bettermodel:item/mossgolem_gloves"},"elements":[{"from":[8.56638,6.1196213,7.025828],"to":[9.925689,9.517896,8.974173],"faces":{"north":{"uv":[0.8125,5.390625,1.28125,6.5625],"tintindex":0,"texture":"#0"},"east":{"uv":[0.140625,5.390625,0.8125,6.5625],"tintindex":0,"texture":"#0"},"south":{"uv":[1.953125,5.390625,2.421875,6.5625],"tintindex":0,"texture":"#0"},"west":{"uv":[1.28125,5.390625,1.953125,6.5625],"tintindex":0,"texture":"#0"},"up":{"uv":[1.28125,5.390625,0.8125,4.71875],"tintindex":0,"texture":"#0"},"down":{"uv":[1.75,4.71875,1.28125,5.390625],"tintindex":0,"texture":"#0"}}}],"display":{"fixed":{"scale":[4,4,4]}}}