{"textures":{"0":"bettermodel:item/sakura_basebody","1":"bettermodel:item/sakura_hair1","2":"bettermodel:item/sakura_hair2","3":"bettermodel:item/sakura_hair3","4":"bettermodel:item/sakura_hair4","5":"bettermodel:item/sakura_heads","6":"bettermodel:item/sakura_legss","7":"bettermodel:item/sakura_earss","8":"bettermodel:item/sakura_butt","9":"bettermodel:item/sakura_butthair","10":"bettermodel:item/sakura_tails","particle":"bettermodel:item/sakura_basebody"},"elements":[{"from":[7.877662,7.8618035,7.8663344],"to":[8.122338,8.138197,8.133665],"faces":{"north":{"uv":[3.0,0.0,5.5,3.0],"tintindex":0,"texture":"#5"},"east":{"uv":[0.0,0.0,3.0,3.0],"tintindex":0,"texture":"#5"},"south":{"uv":[3.0,3.0,5.5,6.0],"tintindex":0,"texture":"#5"},"west":{"uv":[0.0,3.0,3.0,6.0],"tintindex":0,"texture":"#5"},"up":{"uv":[8.0,3.0,5.5,0.0],"tintindex":0,"texture":"#5"},"down":{"uv":[8.0,3.0,5.5,6.0],"tintindex":0,"texture":"#5"}}}],"display":{"fixed":{"scale":[4,4,4]}}}