{"textures":{"0":"bettermodel:item/sakura_basebody","1":"bettermodel:item/sakura_hair1","2":"bettermodel:item/sakura_hair2","3":"bettermodel:item/sakura_hair3","4":"bettermodel:item/sakura_hair4","5":"bettermodel:item/sakura_heads","6":"bettermodel:item/sakura_legss","7":"bettermodel:item/sakura_earss","8":"bettermodel:item/sakura_butt","9":"bettermodel:item/sakura_butthair","10":"bettermodel:item/sakura_tails","particle":"bettermodel:item/sakura_basebody"},"elements":[{"from":[7.642331,7.809583,7.877662],"to":[7.959503,8.176597,8.190304],"faces":{"north":{"uv":[2.5,3.5,4.25,5.5],"tintindex":0,"texture":"#0"},"east":{"uv":[0.0,4.0,1.75,6.0],"tintindex":0,"texture":"#0"},"south":{"uv":[4.25,3.5,6.0,5.5],"tintindex":0,"texture":"#0"},"west":{"uv":[5.0,0.0,6.75,2.0],"tintindex":0,"texture":"#0"},"up":{"uv":[7.0,9.0,5.25,7.25],"tintindex":0,"texture":"#0"},"down":{"uv":[8.75,7.25,7.0,9.0],"tintindex":0,"texture":"#0"}}}],"display":{"fixed":{"scale":[4,4,4],"rotation":[0.0,0.0,-20.0]}}}