{"textures":{"0":"bettermodel:item/sakura_basebody","1":"bettermodel:item/sakura_hair1","2":"bettermodel:item/sakura_hair2","3":"bettermodel:item/sakura_hair3","4":"bettermodel:item/sakura_hair4","5":"bettermodel:item/sakura_heads","6":"bettermodel:item/sakura_legss","7":"bettermodel:item/sakura_earss","8":"bettermodel:item/sakura_butt","9":"bettermodel:item/sakura_butthair","10":"bettermodel:item/sakura_tails","particle":"bettermodel:item/sakura_basebody"},"elements":[{"from":[7.9546895,7.7734485,7.981876],"to":[8.04531,8.135931,8.0679655],"faces":{"north":{"uv":[0.0,0.0,1.0,4.0],"tintindex":0,"texture":"#6"},"east":{"uv":[1.0,0.0,2.0,4.0],"tintindex":0,"texture":"#6"},"south":{"uv":[2.0,0.0,3.0,4.0],"tintindex":0,"texture":"#6"},"west":{"uv":[3.0,0.0,4.0,4.0],"tintindex":0,"texture":"#6"},"up":{"uv":[1.0,9.0,0.0,8.0],"tintindex":0,"texture":"#6"},"down":{"uv":[9.0,0.0,8.0,1.0],"tintindex":0,"texture":"#6"}}}],"display":{"fixed":{"scale":[4,4,4]}}}