{"textures":{"0":"bettermodel:item/sakura_basebody","1":"bettermodel:item/sakura_hair1","2":"bettermodel:item/sakura_hair2","3":"bettermodel:item/sakura_hair3","4":"bettermodel:item/sakura_hair4","5":"bettermodel:item/sakura_heads","6":"bettermodel:item/sakura_legss","7":"bettermodel:item/sakura_earss","8":"bettermodel:item/sakura_butt","9":"bettermodel:item/sakura_butthair","10":"bettermodel:item/sakura_tails","particle":"bettermodel:item/sakura_basebody"},"elements":[{"from":[7.886724,7.8368826,7.886724],"to":[8.317172,8.199366,8.181241],"faces":{"north":{"uv":[0.0,0.0,2.5,2.0],"tintindex":0,"texture":"#0"},"east":{"uv":[1.75,5.5,3.5,7.5],"tintindex":0,"texture":"#0"},"south":{"uv":[0.0,2.0,2.5,4.0],"tintindex":0,"texture":"#0"},"west":{"uv":[3.5,5.5,5.25,7.5],"tintindex":0,"texture":"#0"},"up":{"uv":[5.0,1.75,2.5,0.0],"tintindex":0,"texture":"#0"},"down":{"uv":[5.0,1.75,2.5,3.5],"tintindex":0,"texture":"#0"}}},{"from":[7.6012692,7.728138,8.180109],"to":[8.317172,7.941097,8.180109],"faces":{"north":{"uv":[0.0,0.0,16.0,5.0],"tintindex":0,"texture":"#1"},"east":{"uv":[0.0,0.0,0.0,5.0],"tintindex":0,"texture":"#1"},"south":{"uv":[0.0,5.0,16.0,10.0],"tintindex":0,"texture":"#1"},"west":{"uv":[0.0,0.0,0.0,5.0],"tintindex":0,"texture":"#1"},"up":{"uv":[16.0,0.0,0.0,0.0],"tintindex":0,"texture":"#1"},"down":{"uv":[16.0,0.0,0.0,0.0],"tintindex":0,"texture":"#1"}}},{"from":[7.6012692,7.728138,7.887857],"to":[8.317172,7.9501586,7.887857],"faces":{"north":{"uv":[0.0,0.0,16.0,5.0],"tintindex":0,"texture":"#2"},"east":{"uv":[0.0,0.0,0.0,5.0],"tintindex":0,"texture":"#2"},"south":{"uv":[0.0,5.0,16.0,10.0],"tintindex":0,"texture":"#2"},"west":{"uv":[0.0,0.0,0.0,5.0],"tintindex":0,"texture":"#2"},"up":{"uv":[16.0,0.0,0.0,0.0],"tintindex":0,"texture":"#2"},"down":{"uv":[16.0,0.0,0.0,0.0],"tintindex":0,"texture":"#2"}}},{"from":[8.317172,7.746262,7.8912554],"to":[8.317172,7.8368826,8.181241],"faces":{"north":{"uv":[0.0,0.0,0.0,2.0],"tintindex":0,"texture":"#3"},"east":{"uv":[0.0,0.0,6.0,2.0],"tintindex":0,"texture":"#3"},"south":{"uv":[0.0,0.0,0.0,2.0],"tintindex":0,"texture":"#3"},"west":{"uv":[0.0,2.0,6.0,4.0],"tintindex":0,"texture":"#3"},"up":{"uv":[0.0,6.0,0.0,0.0],"tintindex":0,"texture":"#3"},"down":{"uv":[0.0,0.0,0.0,6.0],"tintindex":0,"texture":"#3"}}},{"from":[7.6001363,7.8096967,7.8912554],"to":[7.6001363,7.9456277,8.181241],"faces":{"north":{"uv":[0.0,0.0,0.0,3.0],"tintindex":0,"texture":"#4"},"east":{"uv":[0.0,0.0,6.0,3.0],"tintindex":0,"texture":"#4"},"south":{"uv":[0.0,0.0,0.0,3.0],"tintindex":0,"texture":"#4"},"west":{"uv":[0.0,3.0,6.0,6.0],"tintindex":0,"texture":"#4"},"up":{"uv":[0.0,6.0,0.0,0.0],"tintindex":0,"texture":"#4"},"down":{"uv":[0.0,0.0,0.0,6.0],"tintindex":0,"texture":"#4"}}}],"display":{"fixed":{"scale":[4,4,4]}}}