{"textures":{"0":"bettermodel:item/sakura_basebody","1":"bettermodel:item/sakura_hair1","2":"bettermodel:item/sakura_hair2","3":"bettermodel:item/sakura_hair3","4":"bettermodel:item/sakura_hair4","5":"bettermodel:item/sakura_heads","6":"bettermodel:item/sakura_legss","7":"bettermodel:item/sakura_earss","8":"bettermodel:item/sakura_butt","9":"bettermodel:item/sakura_butthair","10":"bettermodel:item/sakura_tails","particle":"bettermodel:item/sakura_basebody"},"elements":[{"from":[7.8527412,7.8482103,7.834617],"to":[8.147259,8.15179,8.165382],"faces":{"north":{"uv":[5.25,5.5,7.0,7.25],"tintindex":0,"texture":"#0"},"east":{"uv":[0.0,6.0,1.75,7.75],"tintindex":0,"texture":"#0"},"south":{"uv":[6.0,2.0,7.75,3.75],"tintindex":0,"texture":"#0"},"west":{"uv":[6.0,3.75,7.75,5.5],"tintindex":0,"texture":"#0"},"up":{"uv":[8.5,1.75,6.75,0.0],"tintindex":0,"texture":"#0"},"down":{"uv":[8.75,5.5,7.0,7.25],"tintindex":0,"texture":"#0"}}}],"display":{"fixed":{"scale":[4,4,4],"rotation":[0.0,0.0,-14.999999]}}}