{"textures":{"0":"bettermodel:item/sakura_basebody","1":"bettermodel:item/sakura_hair1","2":"bettermodel:item/sakura_hair2","3":"bettermodel:item/sakura_hair3","4":"bettermodel:item/sakura_hair4","5":"bettermodel:item/sakura_heads","6":"bettermodel:item/sakura_legss","7":"bettermodel:item/sakura_earss","8":"bettermodel:item/sakura_butt","9":"bettermodel:item/sakura_butthair","10":"bettermodel:item/sakura_tails","particle":"bettermodel:item/sakura_basebody"},"elements":[{"from":[8.0,7.925238,7.9207067],"to":[8.181241,8.074762,8.070231],"faces":{"north":{"uv":[8.0,8.0,12.0,11.0],"tintindex":0,"texture":"#10"},"east":{"uv":[0.0,12.0,3.0,15.0],"tintindex":0,"texture":"#10"},"south":{"uv":[10.0,0.0,14.0,3.0],"tintindex":0,"texture":"#10"},"west":{"uv":[3.0,12.0,6.0,15.0],"tintindex":0,"texture":"#10"},"up":{"uv":[14.0,6.0,10.0,3.0],"tintindex":0,"texture":"#10"},"down":{"uv":[12.0,11.0,8.0,14.0],"tintindex":0,"texture":"#10"}}}],"display":{"fixed":{"scale":[4,4,4]}}}