{"textures":{"0":"bettermodel:item/souls_soulwood","1":"bettermodel:item/souls_soulstone","2":"bettermodel:item/souls_soulmetal","3":"bettermodel:item/souls_soulbars","4":"bettermodel:item/souls_soulfire","particle":"bettermodel:item/souls_soulwood"},"elements":[{"from":[8.090621,9.087448,7.9546895],"to":[8.090621,9.313999,8.0],"faces":{"north":{"uv":[0.0,0.0,0.0,3.0],"tintindex":0,"texture":"#4"},"east":{"uv":[2.5,6.0,3.0,9.0],"tintindex":0,"texture":"#4"},"south":{"uv":[0.0,0.0,0.0,3.0],"tintindex":0,"texture":"#4"},"west":{"uv":[3.0,6.0,3.5,9.0],"tintindex":0,"texture":"#4"},"up":{"uv":[0.0,0.5,0.0,0.0],"tintindex":0,"texture":"#4"},"down":{"uv":[0.0,0.0,0.0,0.5],"tintindex":0,"texture":"#4"}}}],"display":{"fixed":{"scale":[4,4,4],"rotation":[-0.0,89.98021,-0.0]}}}