{"textures":{"0":"bettermodel:item/souls_soulwood","1":"bettermodel:item/souls_soulstone","2":"bettermodel:item/souls_soulmetal","3":"bettermodel:item/souls_soulbars","4":"bettermodel:item/souls_soulfire","particle":"bettermodel:item/souls_soulwood"},"elements":[{"from":[7.8187585,8.996827,7.8187585],"to":[8.181241,9.042137,8.181241],"faces":{"north":{"uv":[5.5,2.0,9.5,2.5],"tintindex":0,"texture":"#2"},"east":{"uv":[5.5,2.5,9.5,3.0],"tintindex":0,"texture":"#2"},"south":{"uv":[5.5,3.0,9.5,3.5],"tintindex":0,"texture":"#2"},"west":{"uv":[5.5,3.5,9.5,4.0],"tintindex":0,"texture":"#2"},"up":{"uv":[4.0,4.0,0.0,0.0],"tintindex":0,"texture":"#2"},"down":{"uv":[4.0,4.0,0.0,8.0],"tintindex":0,"texture":"#2"}}},{"from":[8.135931,9.178068,7.8187585],"to":[8.181241,9.223379,8.181241],"faces":{"north":{"uv":[6.5,6.0,7.0,6.5],"tintindex":0,"texture":"#2"},"east":{"uv":[4.0,0.0,8.0,0.5],"tintindex":0,"texture":"#2"},"south":{"uv":[6.5,6.5,7.0,7.0],"tintindex":0,"texture":"#2"},"west":{"uv":[4.0,0.5,8.0,1.0],"tintindex":0,"texture":"#2"},"up":{"uv":[4.5,5.0,4.0,1.0],"tintindex":0,"texture":"#2"},"down":{"uv":[5.0,1.0,4.5,5.0],"tintindex":0,"texture":"#2"}}},{"from":[8.181241,9.042137,7.8187585],"to":[8.181241,9.178068,8.181241],"faces":{"north":{"uv":[2.0,0.0,0.0,2.0],"tintindex":0,"texture":"#3"},"east":{"uv":[8.0,3.0,0.0,6.0],"tintindex":0,"texture":"#3"},"south":{"uv":[2.0,0.0,0.0,2.0],"tintindex":0,"texture":"#3"},"west":{"uv":[2.0,0.0,0.0,2.0],"tintindex":0,"texture":"#3"},"up":{"uv":[2.0,0.0,0.0,2.0],"tintindex":0,"texture":"#3"},"down":{"uv":[2.0,0.0,0.0,2.0],"tintindex":0,"texture":"#3"}}},{"from":[7.8187585,9.178068,7.8187585],"to":[7.864069,9.223379,8.181241],"faces":{"north":{"uv":[7.0,6.5,7.5,7.0],"tintindex":0,"texture":"#2"},"east":{"uv":[5.0,1.0,9.0,1.5],"tintindex":0,"texture":"#2"},"south":{"uv":[7.0,7.0,7.5,7.5],"tintindex":0,"texture":"#2"},"west":{"uv":[5.0,1.5,9.0,2.0],"tintindex":0,"texture":"#2"},"up":{"uv":[5.5,6.0,5.0,2.0],"tintindex":0,"texture":"#2"},"down":{"uv":[4.5,5.0,4.0,9.0],"tintindex":0,"texture":"#2"}}},{"from":[7.8187585,9.042137,7.8187585],"to":[7.8187585,9.178068,8.181241],"faces":{"north":{"uv":[0.0,0.0,0.0,3.0],"tintindex":0,"texture":"#3"},"east":{"uv":[0.0,0.0,8.0,3.0],"tintindex":0,"texture":"#3"},"south":{"uv":[0.0,0.0,0.0,3.0],"tintindex":0,"texture":"#3"},"west":{"uv":[0.0,3.0,8.0,6.0],"tintindex":0,"texture":"#3"},"up":{"uv":[0.0,8.0,0.0,0.0],"tintindex":0,"texture":"#3"},"down":{"uv":[0.0,0.0,0.0,8.0],"tintindex":0,"texture":"#3"}}}],"display":{"fixed":{"scale":[4,4,4]}}}