{"textures":{"0":"bettermodel:item/souls_soulwood","1":"bettermodel:item/souls_soulstone","2":"bettermodel:item/souls_soulmetal","3":"bettermodel:item/souls_soulbars","4":"bettermodel:item/souls_soulfire","particle":"bettermodel:item/souls_soulwood"},"elements":[{"from":[7.977345,8.761186,7.65352],"to":[8.0226555,8.965082,7.707893],"faces":{"north":{"uv":[0.5,0.0,0.0,2.1],"tintindex":0,"texture":"#1"},"east":{"uv":[0.6,0.0,0.0,2.1],"tintindex":0,"texture":"#1"},"south":{"uv":[0.5,0.0,0.0,2.1],"tintindex":0,"texture":"#1"},"west":{"uv":[0.6,0.0,0.0,2.1],"tintindex":0,"texture":"#1"},"up":{"uv":[0.5,0.0,0.0,0.6],"tintindex":0,"texture":"#1"},"down":{"uv":[0.5,0.0,0.0,0.6],"tintindex":0,"texture":"#1"}}}],"display":{"fixed":{"scale":[4,4,4],"rotation":[90.00001,-67.49999,90.00001]}}}