{"textures":{"0":"bettermodel:item/spectralwolf_spectralwolf","particle":"bettermodel:item/spectralwolf_spectralwolf"},"elements":[{"from":[7.970548,7.7915726,7.841414],"to":[8.058904,8.029451,7.943362],"rotation":{"angle":22.5,"axis":"x","origin":[7.9977345,7.7304034,7.916176]},"faces":{"north":{"uv":[0.5,5.0,1.0,6.0],"tintindex":0,"texture":"#0"},"east":{"uv":[0.0,5.0,0.5,6.0],"tintindex":0,"texture":"#0"},"south":{"uv":[1.5,5.0,2.0,6.0],"tintindex":0,"texture":"#0"},"west":{"uv":[1.0,5.0,1.5,6.0],"tintindex":0,"texture":"#0"},"up":{"uv":[0.5,4.5,1.0,5.0],"tintindex":0,"texture":"#0"},"down":{"uv":[1.0,4.5,1.5,5.0],"tintindex":0,"texture":"#0"}}},{"from":[7.9501586,7.620482,7.792585],"to":[8.079293,7.6884475,7.8877363],"faces":{"north":{"uv":[0.25,6.25,1.25,7.0],"tintindex":0,"texture":"#0"},"east":{"uv":[0.25,6.25,1.25,7.0],"tintindex":0,"texture":"#0"},"south":{"uv":[0.25,6.25,1.25,7.0],"tintindex":0,"texture":"#0"},"west":{"uv":[0.25,6.25,1.25,7.0],"tintindex":0,"texture":"#0"},"up":{"uv":[0.25,6.25,1.25,7.0],"tintindex":0,"texture":"#0"},"down":{"uv":[0.25,6.25,1.25,7.0],"tintindex":0,"texture":"#0"}}},{"from":[8.02492,7.620482,7.7178226],"to":[8.04531,7.6476684,7.785788],"faces":{"north":{"uv":[1.25,3.25,1.5,4.0],"tintindex":0,"texture":"#0"},"east":{"uv":[1.25,3.25,1.5,4.0],"tintindex":0,"texture":"#0"},"south":{"uv":[1.25,3.25,1.5,4.0],"tintindex":0,"texture":"#0"},"west":{"uv":[1.25,3.25,1.5,4.0],"tintindex":0,"texture":"#0"},"up":{"uv":[1.25,3.25,1.5,4.0],"tintindex":0,"texture":"#0"},"down":{"uv":[1.25,3.25,1.5,4.0],"tintindex":0,"texture":"#0"}}},{"from":[8.0657,7.620482,7.738212],"to":[8.08609,7.6476684,7.8061776],"faces":{"north":{"uv":[1.25,3.25,1.5,4.0],"tintindex":0,"texture":"#0"},"east":{"uv":[1.25,3.25,1.5,4.0],"tintindex":0,"texture":"#0"},"south":{"uv":[1.25,3.25,1.5,4.0],"tintindex":0,"texture":"#0"},"west":{"uv":[1.25,3.25,1.5,4.0],"tintindex":0,"texture":"#0"},"up":{"uv":[1.25,3.25,1.5,4.0],"tintindex":0,"texture":"#0"},"down":{"uv":[1.25,3.25,1.5,4.0],"tintindex":0,"texture":"#0"}}},{"from":[7.9841413,7.620482,7.7042294],"to":[8.004531,7.6476684,7.772195],"faces":{"north":{"uv":[1.25,3.25,1.5,4.0],"tintindex":0,"texture":"#0"},"east":{"uv":[1.25,3.25,1.5,4.0],"tintindex":0,"texture":"#0"},"south":{"uv":[1.25,3.25,1.5,4.0],"tintindex":0,"texture":"#0"},"west":{"uv":[1.25,3.25,1.5,4.0],"tintindex":0,"texture":"#0"},"up":{"uv":[1.25,3.25,1.5,4.0],"tintindex":0,"texture":"#0"},"down":{"uv":[1.25,3.25,1.5,4.0],"tintindex":0,"texture":"#0"}}},{"from":[7.943362,7.620482,7.7314157],"to":[7.963752,7.6476684,7.7993813],"faces":{"north":{"uv":[1.25,3.25,1.5,4.0],"tintindex":0,"texture":"#0"},"east":{"uv":[1.25,3.25,1.5,4.0],"tintindex":0,"texture":"#0"},"south":{"uv":[1.25,3.25,1.5,4.0],"tintindex":0,"texture":"#0"},"west":{"uv":[1.25,3.25,1.5,4.0],"tintindex":0,"texture":"#0"},"up":{"uv":[1.25,3.25,1.5,4.0],"tintindex":0,"texture":"#0"},"down":{"uv":[1.25,3.25,1.5,4.0],"tintindex":0,"texture":"#0"}}},{"from":[8.018125,7.6000924,7.7518053],"to":[8.052107,7.668058,7.8129745],"rotation":{"angle":22.5,"axis":"x","origin":[8.028319,7.64427,7.8401604]},"faces":{"north":{"uv":[0.5,6.0,1.0,7.0],"tintindex":0,"texture":"#0"},"east":{"uv":[6.25,5.25,7.25,6.25],"tintindex":0,"texture":"#0"},"south":{"uv":[0.5,6.0,1.0,7.0],"tintindex":0,"texture":"#0"},"west":{"uv":[6.25,5.25,7.25,6.25],"tintindex":0,"texture":"#0"},"up":{"uv":[0.5,6.0,1.0,7.0],"tintindex":0,"texture":"#0"},"down":{"uv":[0.5,6.0,1.0,7.0],"tintindex":0,"texture":"#0"}}},{"from":[8.058904,7.6000924,7.7653985],"to":[8.092886,7.668058,7.8265676],"rotation":{"angle":22.5,"axis":"x","origin":[8.069098,7.64427,7.8537536]},"faces":{"north":{"uv":[0.5,6.0,1.0,7.0],"tintindex":0,"texture":"#0"},"east":{"uv":[6.25,5.25,7.25,6.25],"tintindex":0,"texture":"#0"},"south":{"uv":[0.5,6.0,1.0,7.0],"tintindex":0,"texture":"#0"},"west":{"uv":[6.25,5.25,7.25,6.25],"tintindex":0,"texture":"#0"},"up":{"uv":[0.5,6.0,1.0,7.0],"tintindex":0,"texture":"#0"},"down":{"uv":[0.5,6.0,1.0,7.0],"tintindex":0,"texture":"#0"}}},{"from":[7.977345,7.6000924,7.7314157],"to":[8.011328,7.681651,7.7993813],"rotation":{"angle":22.5,"axis":"x","origin":[7.98754,7.657863,7.819771]},"faces":{"north":{"uv":[0.5,6.0,1.0,7.0],"tintindex":0,"texture":"#0"},"east":{"uv":[6.25,5.25,7.25,6.25],"tintindex":0,"texture":"#0"},"south":{"uv":[0.5,6.0,1.0,7.0],"tintindex":0,"texture":"#0"},"west":{"uv":[6.25,5.25,7.25,6.25],"tintindex":0,"texture":"#0"},"up":{"uv":[0.5,6.0,1.0,7.0],"tintindex":0,"texture":"#0"},"down":{"uv":[0.5,6.0,1.0,7.0],"tintindex":0,"texture":"#0"}}},{"from":[7.9365654,7.6000924,7.7653985],"to":[7.970548,7.668058,7.8265676],"rotation":{"angle":22.5,"axis":"x","origin":[7.94676,7.64427,7.8537536]},"faces":{"north":{"uv":[0.5,6.0,1.0,7.0],"tintindex":0,"texture":"#0"},"east":{"uv":[6.25,5.25,7.25,6.25],"tintindex":0,"texture":"#0"},"south":{"uv":[0.5,6.0,1.0,7.0],"tintindex":0,"texture":"#0"},"west":{"uv":[6.25,5.25,7.25,6.25],"tintindex":0,"texture":"#0"},"up":{"uv":[0.5,6.0,1.0,7.0],"tintindex":0,"texture":"#0"},"down":{"uv":[0.5,6.0,1.0,7.0],"tintindex":0,"texture":"#0"}}},{"from":[7.977345,7.621659,7.855007],"to":[8.052107,7.798369,7.929769],"rotation":{"angle":22.5,"axis":"x","origin":[7.9977345,7.7304034,7.916176]},"faces":{"north":{"uv":[0.5,5.75,1.0,7.0],"tintindex":0,"texture":"#0"},"east":{"uv":[0.0,5.75,0.5,7.0],"tintindex":0,"texture":"#0"},"south":{"uv":[1.5,5.75,2.0,7.0],"tintindex":0,"texture":"#0"},"west":{"uv":[1.0,5.75,1.5,7.0],"tintindex":0,"texture":"#0"},"up":{"uv":[0.5,4.5,1.0,5.0],"tintindex":0,"texture":"#0"},"down":{"uv":[1.0,4.5,1.5,5.0],"tintindex":0,"texture":"#0"}}}],"display":{"fixed":{"scale":[4,4,4]}}}