{"textures":{"0":"bettermodel:item/spectralwolf_spectralwolf","particle":"bettermodel:item/spectralwolf_spectralwolf"},"elements":[{"from":[7.9841413,7.776225,7.965109],"to":[8.10648,8.048087,8.128226],"rotation":{"angle":-22.5,"axis":"x","origin":[8.058904,7.6810737,8.155412]},"faces":{"north":{"uv":[6.75,3.5,6.0,4.75],"tintindex":0,"texture":"#0"},"east":{"uv":[7.0,3.5,6.0,4.75],"tintindex":0,"texture":"#0"},"south":{"uv":[6.75,3.5,6.0,4.75],"tintindex":0,"texture":"#0"},"west":{"uv":[7.0,3.5,6.0,4.75],"tintindex":0,"texture":"#0"},"up":{"uv":[10.5,7.5,9.5,8.5],"tintindex":0,"texture":"#0"},"down":{"uv":[7.25,3.5,6.25,5.0],"tintindex":0,"texture":"#0"}}},{"from":[7.9365654,7.9076605,7.852479],"to":[8.113276,8.091167,8.076765],"rotation":{"angle":22.5,"axis":"x","origin":[8.099683,7.962033,7.9374356]},"faces":{"north":{"uv":[6.0,3.5,7.0,5.0],"tintindex":0,"texture":"#0"},"east":{"uv":[6.0,3.5,7.25,4.75],"tintindex":0,"texture":"#0"},"south":{"uv":[6.0,3.5,7.0,5.0],"tintindex":0,"texture":"#0"},"west":{"uv":[6.0,3.5,7.25,4.75],"tintindex":0,"texture":"#0"},"up":{"uv":[9.5,7.5,10.5,8.5],"tintindex":0,"texture":"#0"},"down":{"uv":[6.25,3.5,7.25,5.0],"tintindex":0,"texture":"#0"}}}],"display":{"fixed":{"scale":[4,4,4]}}}