{"textures":{"0":"bettermodel:item/spectralwolf_spectralwolf","particle":"bettermodel:item/spectralwolf_spectralwolf"},"elements":[{"from":[7.853874,7.805166,7.5718174],"to":[8.139329,8.097417,7.714545],"rotation":{"angle":-22.5,"axis":"x","origin":[8.0237875,7.9614863,7.4902587]},"faces":{"north":{"uv":[7.5,3.5,9.0,5.0],"tintindex":0,"texture":"#0"},"east":{"uv":[5.5,1.5,6.25,3.25],"tintindex":0,"texture":"#0"},"south":{"uv":[7.0,3.5,7.75,5.0],"tintindex":0,"texture":"#0"},"west":{"uv":[13.5,1.5,14.25,3.25],"tintindex":0,"texture":"#0"},"up":{"uv":[7.0,3.5,7.75,5.0],"tintindex":0,"texture":"#0"},"down":{"uv":[6.0,5.0,7.5,6.0],"tintindex":0,"texture":"#0"}}},{"from":[7.8153605,7.8618035,7.3951073],"to":[8.177843,8.224286,7.4879932],"rotation":{"angle":-45.0,"axis":"z","origin":[8.007929,8.04531,7.327142]},"faces":{"north":{"uv":[6.0,5.0,7.25,6.25],"tintindex":0,"texture":"#0"},"east":{"uv":[6.0,5.0,7.25,6.25],"tintindex":0,"texture":"#0"},"south":{"uv":[6.0,5.0,7.25,6.25],"tintindex":0,"texture":"#0"},"west":{"uv":[6.0,5.0,7.25,6.25],"tintindex":0,"texture":"#0"},"up":{"uv":[6.0,5.0,7.25,6.25],"tintindex":0,"texture":"#0"},"down":{"uv":[6.0,5.0,7.25,6.25],"tintindex":0,"texture":"#0"}}},{"from":[7.989805,7.8391485,7.5854106],"to":[8.152923,8.002266,7.7009516],"rotation":{"angle":-45.0,"axis":"z","origin":[8.010195,8.002266,7.517445]},"faces":{"north":{"uv":[6.0,5.0,7.25,6.25],"tintindex":0,"texture":"#0"},"east":{"uv":[6.0,5.0,7.25,6.25],"tintindex":0,"texture":"#0"},"south":{"uv":[6.0,5.0,7.25,6.25],"tintindex":0,"texture":"#0"},"west":{"uv":[6.0,5.0,7.25,6.25],"tintindex":0,"texture":"#0"},"up":{"uv":[6.0,5.0,7.25,6.25],"tintindex":0,"texture":"#0"},"down":{"uv":[6.0,5.0,7.25,6.25],"tintindex":0,"texture":"#0"}}},{"from":[7.989805,7.8187585,7.469869],"to":[8.173312,8.002266,7.6261897],"rotation":{"angle":-45.0,"axis":"z","origin":[8.010195,8.002266,7.4019036]},"faces":{"north":{"uv":[6.0,5.0,7.25,6.25],"tintindex":0,"texture":"#0"},"east":{"uv":[6.0,5.0,7.25,6.25],"tintindex":0,"texture":"#0"},"south":{"uv":[6.0,5.0,7.25,6.25],"tintindex":0,"texture":"#0"},"west":{"uv":[6.0,5.0,7.25,6.25],"tintindex":0,"texture":"#0"},"up":{"uv":[6.0,5.0,7.25,6.25],"tintindex":0,"texture":"#0"},"down":{"uv":[6.0,5.0,7.25,6.25],"tintindex":0,"texture":"#0"}}},{"from":[7.8572726,8.061169,7.2818313],"to":[8.135931,8.253737,7.5854106],"rotation":{"angle":22.5,"axis":"x","origin":[8.016992,8.090621,7.3135486]},"faces":{"north":{"uv":[7.5,3.5,9.0,5.0],"tintindex":0,"texture":"#0"},"east":{"uv":[6.75,7.5,4.5,9.0],"tintindex":0,"texture":"#0"},"south":{"uv":[7.5,3.5,9.0,5.0],"tintindex":0,"texture":"#0"},"west":{"uv":[10.25,7.5,8.0,9.0],"tintindex":0,"texture":"#0"},"up":{"uv":[9.0,7.25,10.5,5.0],"tintindex":0,"texture":"#0"},"down":{"uv":[6.0,5.0,7.5,7.25],"tintindex":0,"texture":"#0"}}},{"from":[7.853874,7.9139104,7.327142],"to":[8.193702,8.256003,7.4132314],"rotation":{"angle":-45.0,"axis":"z","origin":[8.003398,8.117806,7.2591763]},"faces":{"north":{"uv":[6.0,5.0,7.25,6.25],"tintindex":0,"texture":"#0"},"east":{"uv":[6.0,5.0,7.25,6.25],"tintindex":0,"texture":"#0"},"south":{"uv":[6.0,5.0,7.25,6.25],"tintindex":0,"texture":"#0"},"west":{"uv":[6.0,5.0,7.25,6.25],"tintindex":0,"texture":"#0"},"up":{"uv":[6.0,5.0,7.25,6.25],"tintindex":0,"texture":"#0"},"down":{"uv":[6.0,5.0,7.25,6.25],"tintindex":0,"texture":"#0"}}},{"from":[7.967865,8.185743,7.327142],"to":[8.158168,8.296753,7.4087],"rotation":{"angle":-22.5,"axis":"z","origin":[8.103796,8.22992,7.367921]},"faces":{"north":{"uv":[6.0,5.0,7.25,6.25],"tintindex":0,"texture":"#0"},"east":{"uv":[6.0,5.0,7.25,6.25],"tintindex":0,"texture":"#0"},"south":{"uv":[6.0,5.0,7.25,6.25],"tintindex":0,"texture":"#0"},"west":{"uv":[6.0,5.0,7.25,6.25],"tintindex":0,"texture":"#0"},"up":{"uv":[6.0,5.0,7.25,6.25],"tintindex":0,"texture":"#0"},"down":{"uv":[6.0,5.0,7.25,6.25],"tintindex":0,"texture":"#0"}}},{"from":[7.83277,8.185743,7.327142],"to":[8.023073,8.296753,7.4087],"rotation":{"angle":22.5,"axis":"z","origin":[7.887142,8.22992,7.367921]},"faces":{"north":{"uv":[7.25,5.0,6.0,6.25],"tintindex":0,"texture":"#0"},"east":{"uv":[7.25,5.0,6.0,6.25],"tintindex":0,"texture":"#0"},"south":{"uv":[7.25,5.0,6.0,6.25],"tintindex":0,"texture":"#0"},"west":{"uv":[7.25,5.0,6.0,6.25],"tintindex":0,"texture":"#0"},"up":{"uv":[7.25,5.0,6.0,6.25],"tintindex":0,"texture":"#0"},"down":{"uv":[7.25,5.0,6.0,6.25],"tintindex":0,"texture":"#0"}}},{"from":[7.9633336,8.185743,7.250114],"to":[8.158168,8.296753,7.3316727],"rotation":{"angle":-22.5,"axis":"z","origin":[8.103796,8.22992,7.367921]},"faces":{"north":{"uv":[6.0,5.0,7.25,6.25],"tintindex":0,"texture":"#0"},"east":{"uv":[6.0,5.0,7.25,6.25],"tintindex":0,"texture":"#0"},"south":{"uv":[6.0,5.0,7.25,6.25],"tintindex":0,"texture":"#0"},"west":{"uv":[6.0,5.0,7.25,6.25],"tintindex":0,"texture":"#0"},"up":{"uv":[6.0,5.0,7.25,6.25],"tintindex":0,"texture":"#0"},"down":{"uv":[6.0,5.0,7.25,6.25],"tintindex":0,"texture":"#0"}}},{"from":[7.83277,8.185743,7.250114],"to":[8.027604,8.296753,7.3316727],"rotation":{"angle":22.5,"axis":"z","origin":[7.887142,8.22992,7.367921]},"faces":{"north":{"uv":[7.25,5.0,6.0,6.25],"tintindex":0,"texture":"#0"},"east":{"uv":[7.25,5.0,6.0,6.25],"tintindex":0,"texture":"#0"},"south":{"uv":[7.25,5.0,6.0,6.25],"tintindex":0,"texture":"#0"},"west":{"uv":[7.25,5.0,6.0,6.25],"tintindex":0,"texture":"#0"},"up":{"uv":[7.25,5.0,6.0,6.25],"tintindex":0,"texture":"#0"},"down":{"uv":[7.25,5.0,6.0,6.25],"tintindex":0,"texture":"#0"}}},{"from":[8.008644,8.149495,7.4087],"to":[8.198948,8.260505,7.4902587],"rotation":{"angle":-45.0,"axis":"z","origin":[8.103796,8.22992,7.367921]},"faces":{"north":{"uv":[6.0,5.0,7.25,6.25],"tintindex":0,"texture":"#0"},"east":{"uv":[6.0,5.0,7.25,6.25],"tintindex":0,"texture":"#0"},"south":{"uv":[6.0,5.0,7.25,6.25],"tintindex":0,"texture":"#0"},"west":{"uv":[6.0,5.0,7.25,6.25],"tintindex":0,"texture":"#0"},"up":{"uv":[6.0,5.0,7.25,6.25],"tintindex":0,"texture":"#0"},"down":{"uv":[6.0,5.0,7.25,6.25],"tintindex":0,"texture":"#0"}}},{"from":[7.7919903,8.149495,7.4087],"to":[7.982294,8.260505,7.4902587],"rotation":{"angle":45.0,"axis":"z","origin":[7.887142,8.22992,7.367921]},"faces":{"north":{"uv":[7.25,5.0,6.0,6.25],"tintindex":0,"texture":"#0"},"east":{"uv":[7.25,5.0,6.0,6.25],"tintindex":0,"texture":"#0"},"south":{"uv":[7.25,5.0,6.0,6.25],"tintindex":0,"texture":"#0"},"west":{"uv":[7.25,5.0,6.0,6.25],"tintindex":0,"texture":"#0"},"up":{"uv":[7.25,5.0,6.0,6.25],"tintindex":0,"texture":"#0"},"down":{"uv":[7.25,5.0,6.0,6.25],"tintindex":0,"texture":"#0"}}},{"from":[7.865202,7.9546895,7.245583],"to":[8.20956,8.301313,7.327142],"rotation":{"angle":-45.0,"axis":"z","origin":[8.001133,8.172179,7.1776175]},"faces":{"north":{"uv":[6.0,5.0,7.25,6.25],"tintindex":0,"texture":"#0"},"east":{"uv":[6.0,5.0,7.25,6.25],"tintindex":0,"texture":"#0"},"south":{"uv":[6.0,5.0,7.25,6.25],"tintindex":0,"texture":"#0"},"west":{"uv":[6.0,5.0,7.25,6.25],"tintindex":0,"texture":"#0"},"up":{"uv":[6.0,5.0,7.25,6.25],"tintindex":0,"texture":"#0"},"down":{"uv":[6.0,5.0,7.25,6.25],"tintindex":0,"texture":"#0"}}},{"from":[7.865202,8.058904,7.1640244],"to":[8.069098,8.260534,7.245583],"rotation":{"angle":-45.0,"axis":"z","origin":[8.005664,8.1314,7.1776175]},"faces":{"north":{"uv":[6.0,5.0,7.25,6.25],"tintindex":0,"texture":"#0"},"east":{"uv":[6.0,5.0,7.25,6.25],"tintindex":0,"texture":"#0"},"south":{"uv":[6.0,5.0,7.25,6.25],"tintindex":0,"texture":"#0"},"west":{"uv":[6.0,5.0,7.25,6.25],"tintindex":0,"texture":"#0"},"up":{"uv":[6.0,5.0,7.25,6.25],"tintindex":0,"texture":"#0"},"down":{"uv":[6.0,5.0,7.25,6.25],"tintindex":0,"texture":"#0"}}},{"from":[7.8380156,8.0,7.4087],"to":[8.100816,8.274128,7.4902587],"rotation":{"angle":-45.0,"axis":"z","origin":[8.001133,8.113276,7.3407345]},"faces":{"north":{"uv":[6.0,5.0,7.25,6.25],"tintindex":0,"texture":"#0"},"east":{"uv":[6.0,5.0,7.25,6.25],"tintindex":0,"texture":"#0"},"south":{"uv":[6.0,5.0,7.25,6.25],"tintindex":0,"texture":"#0"},"west":{"uv":[6.0,5.0,7.25,6.25],"tintindex":0,"texture":"#0"},"up":{"uv":[6.0,5.0,7.25,6.25],"tintindex":0,"texture":"#0"},"down":{"uv":[6.0,5.0,7.25,6.25],"tintindex":0,"texture":"#0"}}},{"from":[7.8606706,7.995469,7.4540105],"to":[8.100816,8.246942,7.535569],"rotation":{"angle":-45.0,"axis":"z","origin":[8.001133,8.108745,7.386045]},"faces":{"north":{"uv":[6.0,5.0,7.25,6.25],"tintindex":0,"texture":"#0"},"east":{"uv":[6.0,5.0,7.25,6.25],"tintindex":0,"texture":"#0"},"south":{"uv":[6.0,5.0,7.25,6.25],"tintindex":0,"texture":"#0"},"west":{"uv":[6.0,5.0,7.25,6.25],"tintindex":0,"texture":"#0"},"up":{"uv":[6.0,5.0,7.25,6.25],"tintindex":0,"texture":"#0"},"down":{"uv":[6.0,5.0,7.25,6.25],"tintindex":0,"texture":"#0"}}},{"from":[7.8606706,7.9501586,7.508383],"to":[8.100816,8.201631,7.5899415],"rotation":{"angle":-45.0,"axis":"z","origin":[8.001133,8.063435,7.4404173]},"faces":{"north":{"uv":[6.0,5.0,7.25,6.25],"tintindex":0,"texture":"#0"},"east":{"uv":[6.0,5.0,7.25,6.25],"tintindex":0,"texture":"#0"},"south":{"uv":[6.0,5.0,7.25,6.25],"tintindex":0,"texture":"#0"},"west":{"uv":[6.0,5.0,7.25,6.25],"tintindex":0,"texture":"#0"},"up":{"uv":[6.0,5.0,7.25,6.25],"tintindex":0,"texture":"#0"},"down":{"uv":[6.0,5.0,7.25,6.25],"tintindex":0,"texture":"#0"}}},{"from":[7.8912554,7.8957863,7.7372003],"to":[8.101948,8.190304,8.104214],"faces":{"north":{"uv":[6.0,3.5,7.5,5.0],"tintindex":0,"texture":"#0"},"east":{"uv":[10.5,7.5,8.25,9.0],"tintindex":0,"texture":"#0"},"south":{"uv":[7.5,3.5,9.0,5.0],"tintindex":0,"texture":"#0"},"west":{"uv":[6.5,7.5,4.25,9.0],"tintindex":0,"texture":"#0"},"up":{"uv":[9.0,5.0,10.5,7.25],"tintindex":0,"texture":"#0"},"down":{"uv":[6.0,7.25,7.5,5.0],"tintindex":0,"texture":"#0"}}},{"from":[7.8572726,7.855007,7.4970555],"to":[8.135931,8.206162,7.816493],"faces":{"north":{"uv":[7.0,0.0,9.0,1.75],"tintindex":0,"texture":"#0"},"east":{"uv":[5.5,1.5,7.0,3.25],"tintindex":0,"texture":"#0"},"south":{"uv":[9.0,0.0,11.0,1.75],"tintindex":0,"texture":"#0"},"west":{"uv":[12.75,1.5,14.25,3.25],"tintindex":0,"texture":"#0"},"up":{"uv":[10.75,1.75,12.75,3.25],"tintindex":0,"texture":"#0"},"down":{"uv":[7.0,3.25,9.0,1.75],"tintindex":0,"texture":"#0"}}}],"display":{"fixed":{"scale":[4,4,4]}}}