{"textures":{"0":"bettermodel:item/spectralwolf_spectralwolf","particle":"bettermodel:item/spectralwolf_spectralwolf"},"elements":[{"from":[8.018125,7.701463,7.965109],"to":[8.120072,7.9801216,8.141819],"rotation":{"angle":-22.5,"axis":"x","origin":[8.079293,7.647091,8.128226]},"faces":{"north":{"uv":[6.0,3.5,7.0,5.0],"tintindex":0,"texture":"#0"},"east":{"uv":[6.0,3.5,7.0,4.75],"tintindex":0,"texture":"#0"},"south":{"uv":[6.0,3.5,7.0,5.0],"tintindex":0,"texture":"#0"},"west":{"uv":[6.0,3.5,7.0,4.75],"tintindex":0,"texture":"#0"},"up":{"uv":[9.5,7.5,10.5,8.5],"tintindex":0,"texture":"#0"},"down":{"uv":[6.25,3.5,7.25,5.0],"tintindex":0,"texture":"#0"}}},{"from":[7.956955,7.8600845,7.8320894],"to":[8.126869,8.138743,8.029189],"rotation":{"angle":22.5,"axis":"x","origin":[8.08609,7.832898,7.917046]},"faces":{"north":{"uv":[6.0,3.5,7.0,5.0],"tintindex":0,"texture":"#0"},"east":{"uv":[6.0,3.5,7.0,4.75],"tintindex":0,"texture":"#0"},"south":{"uv":[6.0,3.5,7.0,5.0],"tintindex":0,"texture":"#0"},"west":{"uv":[6.0,3.5,7.0,5.0],"tintindex":0,"texture":"#0"},"up":{"uv":[9.5,7.5,10.5,8.5],"tintindex":0,"texture":"#0"},"down":{"uv":[6.25,3.5,7.25,5.0],"tintindex":0,"texture":"#0"}}}],"display":{"fixed":{"scale":[4,4,4]}}}