{"textures":{"0":"bettermodel:item/spectralwolf_spectralwolf","particle":"bettermodel:item/spectralwolf_spectralwolf"},"elements":[{"from":[7.8864613,7.661868,7.9315314],"to":[8.086823,8.052973,8.137127],"faces":{"north":{"uv":[2.5,5.0,3.5,7.0],"tintindex":0,"texture":"#0"},"east":{"uv":[2.5,5.0,3.5,7.0],"tintindex":0,"texture":"#0"},"south":{"uv":[2.5,5.0,3.5,7.0],"tintindex":0,"texture":"#0"},"west":{"uv":[2.5,5.0,3.5,7.0],"tintindex":0,"texture":"#0"},"up":{"uv":[2.75,4.5,3.25,5.0],"tintindex":0,"texture":"#0"},"down":{"uv":[3.25,4.5,3.75,5.0],"tintindex":0,"texture":"#0"}}},{"from":[7.9064975,7.442278,7.916321],"to":[8.066788,7.773623,8.087077],"rotation":{"angle":-22.5,"axis":"x","origin":[8.046751,7.8033795,8.032622]},"faces":{"north":{"uv":[2.5,5.0,3.5,7.0],"tintindex":0,"texture":"#0"},"east":{"uv":[2.5,5.0,3.5,7.0],"tintindex":0,"texture":"#0"},"south":{"uv":[2.5,5.0,3.5,7.0],"tintindex":0,"texture":"#0"},"west":{"uv":[2.5,5.0,3.5,7.0],"tintindex":0,"texture":"#0"},"up":{"uv":[2.75,4.5,3.25,5.0],"tintindex":0,"texture":"#0"},"down":{"uv":[3.25,4.5,3.75,5.0],"tintindex":0,"texture":"#0"}}},{"from":[7.9164658,7.3924365,7.966162],"to":[8.051835,7.7487025,8.121966],"rotation":{"angle":-22.5,"axis":"x","origin":[8.046751,7.8033795,8.032622]},"faces":{"north":{"uv":[2.5,5.0,3.5,7.0],"tintindex":0,"texture":"#0"},"east":{"uv":[2.5,5.0,3.5,7.0],"tintindex":0,"texture":"#0"},"south":{"uv":[2.5,5.0,3.5,7.0],"tintindex":0,"texture":"#0"},"west":{"uv":[2.5,5.0,3.5,7.0],"tintindex":0,"texture":"#0"},"up":{"uv":[2.75,4.5,3.25,5.0],"tintindex":0,"texture":"#0"},"down":{"uv":[3.25,4.5,3.75,5.0],"tintindex":0,"texture":"#0"}}}],"display":{"fixed":{"scale":[4,4,4]}}}