{"textures":{"0":"bettermodel:item/toledo_face","particle":"bettermodel:item/toledo_face"},"elements":[{"from":[7.7734485,8.317172,7.7734485],"to":[8.226552,8.634345,8.135931],"faces":{"north":{"uv":[5.0,0.0,10.0,3.5],"tintindex":0,"texture":"#0"},"east":{"uv":[9.5,7.0,13.5,10.5],"tintindex":0,"texture":"#0"},"south":{"uv":[5.0,3.5,10.0,7.0],"tintindex":0,"texture":"#0"},"west":{"uv":[10.0,0.0,14.0,3.5],"tintindex":0,"texture":"#0"},"up":{"uv":[5.0,4.0,0.0,0.0],"tintindex":0,"texture":"#0"},"down":{"uv":[5.0,4.0,0.0,8.0],"tintindex":0,"texture":"#0"}}},{"from":[7.7961035,8.226552,7.7961035],"to":[8.2038965,8.317172,8.1314],"faces":{"north":{"uv":[10.0,3.5,14.5,4.5],"tintindex":0,"texture":"#0"},"east":{"uv":[10.0,5.5,13.5,6.5],"tintindex":0,"texture":"#0"},"south":{"uv":[10.0,4.5,14.5,5.5],"tintindex":0,"texture":"#0"},"west":{"uv":[4.5,10.5,8.0,11.5],"tintindex":0,"texture":"#0"},"up":{"uv":[9.5,10.5,5.0,7.0],"tintindex":0,"texture":"#0"},"down":{"uv":[4.5,8.0,0.0,11.5],"tintindex":0,"texture":"#0"}}},{"from":[7.8187585,8.285455,7.7779794],"to":[8.181241,8.317172,7.8142276],"faces":{"north":{"uv":[10.0,6.5,14.0,7.0],"tintindex":0,"texture":"#0"},"east":{"uv":[4.5,8.0,5.0,8.5],"tintindex":0,"texture":"#0"},"south":{"uv":[8.0,10.5,12.0,11.0],"tintindex":0,"texture":"#0"},"west":{"uv":[4.5,8.5,5.0,9.0],"tintindex":0,"texture":"#0"},"up":{"uv":[12.0,11.5,8.0,11.0],"tintindex":0,"texture":"#0"},"down":{"uv":[4.0,11.5,0.0,12.0],"tintindex":0,"texture":"#0"}}}],"display":{"fixed":{"scale":[4,4,4]}}}