{"textures":{"0":"bettermodel:item/yoyo_basejojo","particle":"bettermodel:item/yoyo_basejojo"},"elements":[{"from":[8.0,7.9660172,7.9660172],"to":[8.181241,8.033982,8.033982],"faces":{"north":{"uv":[8.25,2.25,9.25,2.75],"tintindex":0,"texture":"#0"},"east":{"uv":[5.75,2.5,6.25,3.0],"tintindex":0,"texture":"#0"},"south":{"uv":[8.25,2.75,9.25,3.25],"tintindex":0,"texture":"#0"},"west":{"uv":[8.25,6.25,8.75,6.75],"tintindex":0,"texture":"#0"},"up":{"uv":[9.25,3.75,8.25,3.25],"tintindex":0,"texture":"#0"},"down":{"uv":[9.25,3.75,8.25,4.25],"tintindex":0,"texture":"#0"}}}],"display":{"fixed":{"scale":[4,4,4]}}}