{"textures":{"0":"bettermodel:item/yoyo_basejojo","particle":"bettermodel:item/yoyo_basejojo"},"elements":[{"from":[7.9546895,7.9139104,7.959221],"to":[8.181241,7.995469,8.040779],"faces":{"north":{"uv":[6.75,8.0,8.0,8.5],"tintindex":0,"texture":"#0"},"east":{"uv":[2.0,4.25,2.5,4.75],"tintindex":0,"texture":"#0"},"south":{"uv":[8.0,7.0,9.25,7.5],"tintindex":0,"texture":"#0"},"west":{"uv":[4.5,3.0,5.0,3.5],"tintindex":0,"texture":"#0"},"up":{"uv":[9.25,8.0,8.0,7.5],"tintindex":0,"texture":"#0"},"down":{"uv":[9.25,8.0,8.0,8.5],"tintindex":0,"texture":"#0"}}}],"display":{"fixed":{"scale":[4,4,4]}}}