{"textures":{"0":"bettermodel:item/yoyo_basejojo","particle":"bettermodel:item/yoyo_basejojo"},"elements":[{"from":[7.9546895,7.995469,7.8096967],"to":[8.04531,8.040779,7.9909377],"faces":{"north":{"uv":[6.25,3.75,6.75,4.0],"tintindex":0,"texture":"#0"},"east":{"uv":[8.25,6.75,9.25,7.0],"tintindex":0,"texture":"#0"},"south":{"uv":[6.75,7.75,7.25,8.0],"tintindex":0,"texture":"#0"},"west":{"uv":[5.75,8.5,6.75,8.75],"tintindex":0,"texture":"#0"},"up":{"uv":[8.75,5.25,8.25,4.25],"tintindex":0,"texture":"#0"},"down":{"uv":[5.75,8.25,5.25,9.25],"tintindex":0,"texture":"#0"}}}],"display":{"fixed":{"scale":[4,4,4]}}}