{"textures":{"0":"bettermodel:item/yoyo_basejojo","particle":"bettermodel:item/yoyo_basejojo"},"elements":[{"from":[7.644598,7.8193865,7.9320345],"to":[8.00708,8.122966,8.135931],"faces":{"north":{"uv":[2.5,0.0,4.5,1.75],"tintindex":0,"texture":"#0"},"east":{"uv":[4.5,1.25,5.75,3.0],"tintindex":0,"texture":"#0"},"south":{"uv":[2.5,1.75,4.5,3.5],"tintindex":0,"texture":"#0"},"west":{"uv":[2.0,4.75,3.25,6.5],"tintindex":0,"texture":"#0"},"up":{"uv":[2.0,5.5,0.0,4.25],"tintindex":0,"texture":"#0"},"down":{"uv":[6.5,0.0,4.5,1.25],"tintindex":0,"texture":"#0"}}}],"display":{"fixed":{"scale":[4,4,4],"rotation":[0.0,0.0,-9.999999]}}}