{"textures":{"0":"bettermodel:item/yoyo_basejojo","particle":"bettermodel:item/yoyo_basejojo"},"elements":[{"from":[7.954749,7.8401074,7.911645],"to":[8.113336,8.048535,8.088355],"faces":{"north":{"uv":[5.75,5.25,6.75,6.5],"tintindex":0,"texture":"#0"},"east":{"uv":[6.25,2.5,7.25,3.75],"tintindex":0,"texture":"#0"},"south":{"uv":[3.25,6.25,4.25,7.5],"tintindex":0,"texture":"#0"},"west":{"uv":[4.25,6.25,5.25,7.5],"tintindex":0,"texture":"#0"},"up":{"uv":[2.0,7.5,1.0,6.5],"tintindex":0,"texture":"#0"},"down":{"uv":[3.0,6.5,2.0,7.5],"tintindex":0,"texture":"#0"}}}],"display":{"fixed":{"scale":[4,4,4],"rotation":[-0.0,0.0,17.5]}}}