{"textures":{"0":"bettermodel:item/yoyo_basejojo","particle":"bettermodel:item/yoyo_basejojo"},"elements":[{"from":[7.864069,8.321703,7.904848],"to":[8.0,8.514273,8.049841],"faces":{"north":{"uv":[1.25,5.5,2.0,6.5],"tintindex":0,"texture":"#0"},"east":{"uv":[7.25,7.0,8.0,8.0],"tintindex":0,"texture":"#0"},"south":{"uv":[0.0,7.5,0.75,8.5],"tintindex":0,"texture":"#0"},"west":{"uv":[7.5,0.0,8.25,1.0],"tintindex":0,"texture":"#0"},"up":{"uv":[5.75,4.75,5.0,4.0],"tintindex":0,"texture":"#0"},"down":{"uv":[9.0,0.0,8.25,0.75],"tintindex":0,"texture":"#0"}}},{"from":[7.864069,8.321703,8.049841],"to":[8.0,8.514273,8.163117],"faces":{"north":{"uv":[0.75,7.5,1.5,8.5],"tintindex":0,"texture":"#0"},"east":{"uv":[1.5,7.5,2.25,8.5],"tintindex":0,"texture":"#0"},"south":{"uv":[2.25,7.5,3.0,8.5],"tintindex":0,"texture":"#0"},"west":{"uv":[3.0,7.5,3.75,8.5],"tintindex":0,"texture":"#0"},"up":{"uv":[9.0,1.5,8.25,0.75],"tintindex":0,"texture":"#0"},"down":{"uv":[9.0,1.5,8.25,2.25],"tintindex":0,"texture":"#0"}}}],"display":{"fixed":{"scale":[4,4,4]}}}