{"textures":{"0":"bettermodel:item/yoyo_basejojo","particle":"bettermodel:item/yoyo_basejojo"},"elements":[{"from":[7.9275036,7.7734485,7.9365654],"to":[8.018125,8.027186,8.004531],"faces":{"north":{"uv":[6.75,1.0,7.25,2.5],"tintindex":0,"texture":"#0"},"east":{"uv":[3.75,7.5,4.25,9.0],"tintindex":0,"texture":"#0"},"south":{"uv":[4.25,7.5,4.75,9.0],"tintindex":0,"texture":"#0"},"west":{"uv":[4.75,7.5,5.25,9.0],"tintindex":0,"texture":"#0"},"up":{"uv":[9.25,6.25,8.75,5.75],"tintindex":0,"texture":"#0"},"down":{"uv":[6.75,8.75,6.25,9.25],"tintindex":0,"texture":"#0"}}}],"display":{"fixed":{"scale":[4,4,4]}}}