{"textures":{"0":"bettermodel:item/yoyo_basejojo","particle":"bettermodel:item/yoyo_basejojo"},"elements":[{"from":[7.886724,7.841414,7.9184413],"to":[8.317172,8.126869,8.149524],"faces":{"north":{"uv":[0.0,0.0,2.5,1.5],"tintindex":0,"texture":"#0"},"east":{"uv":[3.25,4.75,4.5,6.25],"tintindex":0,"texture":"#0"},"south":{"uv":[0.0,1.5,2.5,3.0],"tintindex":0,"texture":"#0"},"west":{"uv":[4.5,4.75,5.75,6.25],"tintindex":0,"texture":"#0"},"up":{"uv":[2.5,4.25,0.0,3.0],"tintindex":0,"texture":"#0"},"down":{"uv":[5.0,3.5,2.5,4.75],"tintindex":0,"texture":"#0"}}}],"display":{"fixed":{"scale":[4,4,4]}}}