{"textures":{"0":"bettermodel:item/player_limb/one_pixel","particle":"bettermodel:item/player_limb/one_pixel"},"elements":[{"from":[11.0,11.0,6.0],"to":[12.0,12.0,6.0],"faces":{"north":{"uv":[0,0,16,16],"tintindex":0,"texture":"#0"}}},{"from":[11.0,10.0,6.0],"to":[12.0,11.0,6.0],"faces":{"north":{"uv":[0,0,16,16],"tintindex":1,"texture":"#0"}}},{"from":[11.0,9.0,6.0],"to":[12.0,10.0,6.0],"faces":{"north":{"uv":[0,0,16,16],"tintindex":2,"texture":"#0"}}},{"from":[11.0,8.0,6.0],"to":[12.0,9.0,6.0],"faces":{"north":{"uv":[0,0,16,16],"tintindex":3,"texture":"#0"}}},{"from":[10.0,11.0,6.0],"to":[11.0,12.0,6.0],"faces":{"north":{"uv":[0,0,16,16],"tintindex":4,"texture":"#0"}}},{"from":[10.0,10.0,6.0],"to":[11.0,11.0,6.0],"faces":{"north":{"uv":[0,0,16,16],"tintindex":5,"texture":"#0"}}},{"from":[10.0,9.0,6.0],"to":[11.0,10.0,6.0],"faces":{"north":{"uv":[0,0,16,16],"tintindex":6,"texture":"#0"}}},{"from":[10.0,8.0,6.0],"to":[11.0,9.0,6.0],"faces":{"north":{"uv":[0,0,16,16],"tintindex":7,"texture":"#0"}}},{"from":[9.0,11.0,6.0],"to":[10.0,12.0,6.0],"faces":{"north":{"uv":[0,0,16,16],"tintindex":8,"texture":"#0"}}},{"from":[9.0,10.0,6.0],"to":[10.0,11.0,6.0],"faces":{"north":{"uv":[0,0,16,16],"tintindex":9,"texture":"#0"}}},{"from":[9.0,9.0,6.0],"to":[10.0,10.0,6.0],"faces":{"north":{"uv":[0,0,16,16],"tintindex":10,"texture":"#0"}}},{"from":[9.0,8.0,6.0],"to":[10.0,9.0,6.0],"faces":{"north":{"uv":[0,0,16,16],"tintindex":11,"texture":"#0"}}},{"from":[8.0,11.0,6.0],"to":[9.0,12.0,6.0],"faces":{"north":{"uv":[0,0,16,16],"tintindex":12,"texture":"#0"}}},{"from":[8.0,10.0,6.0],"to":[9.0,11.0,6.0],"faces":{"north":{"uv":[0,0,16,16],"tintindex":13,"texture":"#0"}}},{"from":[8.0,9.0,6.0],"to":[9.0,10.0,6.0],"faces":{"north":{"uv":[0,0,16,16],"tintindex":14,"texture":"#0"}}},{"from":[8.0,8.0,6.0],"to":[9.0,9.0,6.0],"faces":{"north":{"uv":[0,0,16,16],"tintindex":15,"texture":"#0"}}},{"from":[7.0,11.0,6.0],"to":[8.0,12.0,6.0],"faces":{"north":{"uv":[0,0,16,16],"tintindex":16,"texture":"#0"}}},{"from":[7.0,10.0,6.0],"to":[8.0,11.0,6.0],"faces":{"north":{"uv":[0,0,16,16],"tintindex":17,"texture":"#0"}}},{"from":[7.0,9.0,6.0],"to":[8.0,10.0,6.0],"faces":{"north":{"uv":[0,0,16,16],"tintindex":18,"texture":"#0"}}},{"from":[7.0,8.0,6.0],"to":[8.0,9.0,6.0],"faces":{"north":{"uv":[0,0,16,16],"tintindex":19,"texture":"#0"}}},{"from":[6.0,11.0,6.0],"to":[7.0,12.0,6.0],"faces":{"north":{"uv":[0,0,16,16],"tintindex":20,"texture":"#0"}}},{"from":[6.0,10.0,6.0],"to":[7.0,11.0,6.0],"faces":{"north":{"uv":[0,0,16,16],"tintindex":21,"texture":"#0"}}},{"from":[6.0,9.0,6.0],"to":[7.0,10.0,6.0],"faces":{"north":{"uv":[0,0,16,16],"tintindex":22,"texture":"#0"}}},{"from":[6.0,8.0,6.0],"to":[7.0,9.0,6.0],"faces":{"north":{"uv":[0,0,16,16],"tintindex":23,"texture":"#0"}}},{"from":[5.0,11.0,6.0],"to":[6.0,12.0,6.0],"faces":{"north":{"uv":[0,0,16,16],"tintindex":24,"texture":"#0"}}},{"from":[5.0,10.0,6.0],"to":[6.0,11.0,6.0],"faces":{"north":{"uv":[0,0,16,16],"tintindex":25,"texture":"#0"}}},{"from":[5.0,9.0,6.0],"to":[6.0,10.0,6.0],"faces":{"north":{"uv":[0,0,16,16],"tintindex":26,"texture":"#0"}}},{"from":[5.0,8.0,6.0],"to":[6.0,9.0,6.0],"faces":{"north":{"uv":[0,0,16,16],"tintindex":27,"texture":"#0"}}},{"from":[4.0,11.0,6.0],"to":[5.0,12.0,6.0],"faces":{"north":{"uv":[0,0,16,16],"tintindex":28,"texture":"#0"}}},{"from":[4.0,10.0,6.0],"to":[5.0,11.0,6.0],"faces":{"north":{"uv":[0,0,16,16],"tintindex":29,"texture":"#0"}}},{"from":[4.0,9.0,6.0],"to":[5.0,10.0,6.0],"faces":{"north":{"uv":[0,0,16,16],"tintindex":30,"texture":"#0"}}},{"from":[4.0,8.0,6.0],"to":[5.0,9.0,6.0],"faces":{"north":{"uv":[0,0,16,16],"tintindex":31,"texture":"#0"}}},{"from":[4.0,11.0,10.0],"to":[5.0,12.0,10.0],"faces":{"south":{"uv":[0,0,16,16],"tintindex":32,"texture":"#0"}}},{"from":[4.0,10.0,10.0],"to":[5.0,11.0,10.0],"faces":{"south":{"uv":[0,0,16,16],"tintindex":33,"texture":"#0"}}},{"from":[4.0,9.0,10.0],"to":[5.0,10.0,10.0],"faces":{"south":{"uv":[0,0,16,16],"tintindex":34,"texture":"#0"}}},{"from":[4.0,8.0,10.0],"to":[5.0,9.0,10.0],"faces":{"south":{"uv":[0,0,16,16],"tintindex":35,"texture":"#0"}}},{"from":[5.0,11.0,10.0],"to":[6.0,12.0,10.0],"faces":{"south":{"uv":[0,0,16,16],"tintindex":36,"texture":"#0"}}},{"from":[5.0,10.0,10.0],"to":[6.0,11.0,10.0],"faces":{"south":{"uv":[0,0,16,16],"tintindex":37,"texture":"#0"}}},{"from":[5.0,9.0,10.0],"to":[6.0,10.0,10.0],"faces":{"south":{"uv":[0,0,16,16],"tintindex":38,"texture":"#0"}}},{"from":[5.0,8.0,10.0],"to":[6.0,9.0,10.0],"faces":{"south":{"uv":[0,0,16,16],"tintindex":39,"texture":"#0"}}},{"from":[6.0,11.0,10.0],"to":[7.0,12.0,10.0],"faces":{"south":{"uv":[0,0,16,16],"tintindex":40,"texture":"#0"}}},{"from":[6.0,10.0,10.0],"to":[7.0,11.0,10.0],"faces":{"south":{"uv":[0,0,16,16],"tintindex":41,"texture":"#0"}}},{"from":[6.0,9.0,10.0],"to":[7.0,10.0,10.0],"faces":{"south":{"uv":[0,0,16,16],"tintindex":42,"texture":"#0"}}},{"from":[6.0,8.0,10.0],"to":[7.0,9.0,10.0],"faces":{"south":{"uv":[0,0,16,16],"tintindex":43,"texture":"#0"}}},{"from":[7.0,11.0,10.0],"to":[8.0,12.0,10.0],"faces":{"south":{"uv":[0,0,16,16],"tintindex":44,"texture":"#0"}}},{"from":[7.0,10.0,10.0],"to":[8.0,11.0,10.0],"faces":{"south":{"uv":[0,0,16,16],"tintindex":45,"texture":"#0"}}},{"from":[7.0,9.0,10.0],"to":[8.0,10.0,10.0],"faces":{"south":{"uv":[0,0,16,16],"tintindex":46,"texture":"#0"}}},{"from":[7.0,8.0,10.0],"to":[8.0,9.0,10.0],"faces":{"south":{"uv":[0,0,16,16],"tintindex":47,"texture":"#0"}}},{"from":[8.0,11.0,10.0],"to":[9.0,12.0,10.0],"faces":{"south":{"uv":[0,0,16,16],"tintindex":48,"texture":"#0"}}},{"from":[8.0,10.0,10.0],"to":[9.0,11.0,10.0],"faces":{"south":{"uv":[0,0,16,16],"tintindex":49,"texture":"#0"}}},{"from":[8.0,9.0,10.0],"to":[9.0,10.0,10.0],"faces":{"south":{"uv":[0,0,16,16],"tintindex":50,"texture":"#0"}}},{"from":[8.0,8.0,10.0],"to":[9.0,9.0,10.0],"faces":{"south":{"uv":[0,0,16,16],"tintindex":51,"texture":"#0"}}},{"from":[9.0,11.0,10.0],"to":[10.0,12.0,10.0],"faces":{"south":{"uv":[0,0,16,16],"tintindex":52,"texture":"#0"}}},{"from":[9.0,10.0,10.0],"to":[10.0,11.0,10.0],"faces":{"south":{"uv":[0,0,16,16],"tintindex":53,"texture":"#0"}}},{"from":[9.0,9.0,10.0],"to":[10.0,10.0,10.0],"faces":{"south":{"uv":[0,0,16,16],"tintindex":54,"texture":"#0"}}},{"from":[9.0,8.0,10.0],"to":[10.0,9.0,10.0],"faces":{"south":{"uv":[0,0,16,16],"tintindex":55,"texture":"#0"}}},{"from":[10.0,11.0,10.0],"to":[11.0,12.0,10.0],"faces":{"south":{"uv":[0,0,16,16],"tintindex":56,"texture":"#0"}}},{"from":[10.0,10.0,10.0],"to":[11.0,11.0,10.0],"faces":{"south":{"uv":[0,0,16,16],"tintindex":57,"texture":"#0"}}},{"from":[10.0,9.0,10.0],"to":[11.0,10.0,10.0],"faces":{"south":{"uv":[0,0,16,16],"tintindex":58,"texture":"#0"}}},{"from":[10.0,8.0,10.0],"to":[11.0,9.0,10.0],"faces":{"south":{"uv":[0,0,16,16],"tintindex":59,"texture":"#0"}}},{"from":[11.0,11.0,10.0],"to":[12.0,12.0,10.0],"faces":{"south":{"uv":[0,0,16,16],"tintindex":60,"texture":"#0"}}},{"from":[11.0,10.0,10.0],"to":[12.0,11.0,10.0],"faces":{"south":{"uv":[0,0,16,16],"tintindex":61,"texture":"#0"}}},{"from":[11.0,9.0,10.0],"to":[12.0,10.0,10.0],"faces":{"south":{"uv":[0,0,16,16],"tintindex":62,"texture":"#0"}}},{"from":[11.0,8.0,10.0],"to":[12.0,9.0,10.0],"faces":{"south":{"uv":[0,0,16,16],"tintindex":63,"texture":"#0"}}},{"from":[12.0,11.0,9.0],"to":[12.0,12.0,10.0],"faces":{"east":{"uv":[0,0,16,16],"tintindex":64,"texture":"#0"}}},{"from":[12.0,10.0,9.0],"to":[12.0,11.0,10.0],"faces":{"east":{"uv":[0,0,16,16],"tintindex":65,"texture":"#0"}}},{"from":[12.0,9.0,9.0],"to":[12.0,10.0,10.0],"faces":{"east":{"uv":[0,0,16,16],"tintindex":66,"texture":"#0"}}},{"from":[12.0,8.0,9.0],"to":[12.0,9.0,10.0],"faces":{"east":{"uv":[0,0,16,16],"tintindex":67,"texture":"#0"}}},{"from":[12.0,11.0,8.0],"to":[12.0,12.0,9.0],"faces":{"east":{"uv":[0,0,16,16],"tintindex":68,"texture":"#0"}}},{"from":[12.0,10.0,8.0],"to":[12.0,11.0,9.0],"faces":{"east":{"uv":[0,0,16,16],"tintindex":69,"texture":"#0"}}},{"from":[12.0,9.0,8.0],"to":[12.0,10.0,9.0],"faces":{"east":{"uv":[0,0,16,16],"tintindex":70,"texture":"#0"}}},{"from":[12.0,8.0,8.0],"to":[12.0,9.0,9.0],"faces":{"east":{"uv":[0,0,16,16],"tintindex":71,"texture":"#0"}}},{"from":[12.0,11.0,7.0],"to":[12.0,12.0,8.0],"faces":{"east":{"uv":[0,0,16,16],"tintindex":72,"texture":"#0"}}},{"from":[12.0,10.0,7.0],"to":[12.0,11.0,8.0],"faces":{"east":{"uv":[0,0,16,16],"tintindex":73,"texture":"#0"}}},{"from":[12.0,9.0,7.0],"to":[12.0,10.0,8.0],"faces":{"east":{"uv":[0,0,16,16],"tintindex":74,"texture":"#0"}}},{"from":[12.0,8.0,7.0],"to":[12.0,9.0,8.0],"faces":{"east":{"uv":[0,0,16,16],"tintindex":75,"texture":"#0"}}},{"from":[12.0,11.0,6.0],"to":[12.0,12.0,7.0],"faces":{"east":{"uv":[0,0,16,16],"tintindex":76,"texture":"#0"}}},{"from":[12.0,10.0,6.0],"to":[12.0,11.0,7.0],"faces":{"east":{"uv":[0,0,16,16],"tintindex":77,"texture":"#0"}}},{"from":[12.0,9.0,6.0],"to":[12.0,10.0,7.0],"faces":{"east":{"uv":[0,0,16,16],"tintindex":78,"texture":"#0"}}},{"from":[12.0,8.0,6.0],"to":[12.0,9.0,7.0],"faces":{"east":{"uv":[0,0,16,16],"tintindex":79,"texture":"#0"}}},{"from":[4.0,11.0,6.0],"to":[4.0,12.0,7.0],"faces":{"west":{"uv":[0,0,16,16],"tintindex":80,"texture":"#0"}}},{"from":[4.0,10.0,6.0],"to":[4.0,11.0,7.0],"faces":{"west":{"uv":[0,0,16,16],"tintindex":81,"texture":"#0"}}},{"from":[4.0,9.0,6.0],"to":[4.0,10.0,7.0],"faces":{"west":{"uv":[0,0,16,16],"tintindex":82,"texture":"#0"}}},{"from":[4.0,8.0,6.0],"to":[4.0,9.0,7.0],"faces":{"west":{"uv":[0,0,16,16],"tintindex":83,"texture":"#0"}}},{"from":[4.0,11.0,7.0],"to":[4.0,12.0,8.0],"faces":{"west":{"uv":[0,0,16,16],"tintindex":84,"texture":"#0"}}},{"from":[4.0,10.0,7.0],"to":[4.0,11.0,8.0],"faces":{"west":{"uv":[0,0,16,16],"tintindex":85,"texture":"#0"}}},{"from":[4.0,9.0,7.0],"to":[4.0,10.0,8.0],"faces":{"west":{"uv":[0,0,16,16],"tintindex":86,"texture":"#0"}}},{"from":[4.0,8.0,7.0],"to":[4.0,9.0,8.0],"faces":{"west":{"uv":[0,0,16,16],"tintindex":87,"texture":"#0"}}},{"from":[4.0,11.0,8.0],"to":[4.0,12.0,9.0],"faces":{"west":{"uv":[0,0,16,16],"tintindex":88,"texture":"#0"}}},{"from":[4.0,10.0,8.0],"to":[4.0,11.0,9.0],"faces":{"west":{"uv":[0,0,16,16],"tintindex":89,"texture":"#0"}}},{"from":[4.0,9.0,8.0],"to":[4.0,10.0,9.0],"faces":{"west":{"uv":[0,0,16,16],"tintindex":90,"texture":"#0"}}},{"from":[4.0,8.0,8.0],"to":[4.0,9.0,9.0],"faces":{"west":{"uv":[0,0,16,16],"tintindex":91,"texture":"#0"}}},{"from":[4.0,11.0,9.0],"to":[4.0,12.0,10.0],"faces":{"west":{"uv":[0,0,16,16],"tintindex":92,"texture":"#0"}}},{"from":[4.0,10.0,9.0],"to":[4.0,11.0,10.0],"faces":{"west":{"uv":[0,0,16,16],"tintindex":93,"texture":"#0"}}},{"from":[4.0,9.0,9.0],"to":[4.0,10.0,10.0],"faces":{"west":{"uv":[0,0,16,16],"tintindex":94,"texture":"#0"}}},{"from":[4.0,8.0,9.0],"to":[4.0,9.0,10.0],"faces":{"west":{"uv":[0,0,16,16],"tintindex":95,"texture":"#0"}}},{"from":[11.0,12.0,9.0],"to":[12.0,12.0,10.0],"faces":{"up":{"uv":[0,0,16,16],"tintindex":96,"texture":"#0"}}},{"from":[11.0,12.0,8.0],"to":[12.0,12.0,9.0],"faces":{"up":{"uv":[0,0,16,16],"tintindex":97,"texture":"#0"}}},{"from":[11.0,12.0,7.0],"to":[12.0,12.0,8.0],"faces":{"up":{"uv":[0,0,16,16],"tintindex":98,"texture":"#0"}}},{"from":[11.0,12.0,6.0],"to":[12.0,12.0,7.0],"faces":{"up":{"uv":[0,0,16,16],"tintindex":99,"texture":"#0"}}},{"from":[10.0,12.0,9.0],"to":[11.0,12.0,10.0],"faces":{"up":{"uv":[0,0,16,16],"tintindex":100,"texture":"#0"}}},{"from":[10.0,12.0,8.0],"to":[11.0,12.0,9.0],"faces":{"up":{"uv":[0,0,16,16],"tintindex":101,"texture":"#0"}}},{"from":[10.0,12.0,7.0],"to":[11.0,12.0,8.0],"faces":{"up":{"uv":[0,0,16,16],"tintindex":102,"texture":"#0"}}},{"from":[10.0,12.0,6.0],"to":[11.0,12.0,7.0],"faces":{"up":{"uv":[0,0,16,16],"tintindex":103,"texture":"#0"}}},{"from":[9.0,12.0,9.0],"to":[10.0,12.0,10.0],"faces":{"up":{"uv":[0,0,16,16],"tintindex":104,"texture":"#0"}}},{"from":[9.0,12.0,8.0],"to":[10.0,12.0,9.0],"faces":{"up":{"uv":[0,0,16,16],"tintindex":105,"texture":"#0"}}},{"from":[9.0,12.0,7.0],"to":[10.0,12.0,8.0],"faces":{"up":{"uv":[0,0,16,16],"tintindex":106,"texture":"#0"}}},{"from":[9.0,12.0,6.0],"to":[10.0,12.0,7.0],"faces":{"up":{"uv":[0,0,16,16],"tintindex":107,"texture":"#0"}}},{"from":[8.0,12.0,9.0],"to":[9.0,12.0,10.0],"faces":{"up":{"uv":[0,0,16,16],"tintindex":108,"texture":"#0"}}},{"from":[8.0,12.0,8.0],"to":[9.0,12.0,9.0],"faces":{"up":{"uv":[0,0,16,16],"tintindex":109,"texture":"#0"}}},{"from":[8.0,12.0,7.0],"to":[9.0,12.0,8.0],"faces":{"up":{"uv":[0,0,16,16],"tintindex":110,"texture":"#0"}}},{"from":[8.0,12.0,6.0],"to":[9.0,12.0,7.0],"faces":{"up":{"uv":[0,0,16,16],"tintindex":111,"texture":"#0"}}},{"from":[7.0,12.0,9.0],"to":[8.0,12.0,10.0],"faces":{"up":{"uv":[0,0,16,16],"tintindex":112,"texture":"#0"}}},{"from":[7.0,12.0,8.0],"to":[8.0,12.0,9.0],"faces":{"up":{"uv":[0,0,16,16],"tintindex":113,"texture":"#0"}}},{"from":[7.0,12.0,7.0],"to":[8.0,12.0,8.0],"faces":{"up":{"uv":[0,0,16,16],"tintindex":114,"texture":"#0"}}},{"from":[7.0,12.0,6.0],"to":[8.0,12.0,7.0],"faces":{"up":{"uv":[0,0,16,16],"tintindex":115,"texture":"#0"}}},{"from":[6.0,12.0,9.0],"to":[7.0,12.0,10.0],"faces":{"up":{"uv":[0,0,16,16],"tintindex":116,"texture":"#0"}}},{"from":[6.0,12.0,8.0],"to":[7.0,12.0,9.0],"faces":{"up":{"uv":[0,0,16,16],"tintindex":117,"texture":"#0"}}},{"from":[6.0,12.0,7.0],"to":[7.0,12.0,8.0],"faces":{"up":{"uv":[0,0,16,16],"tintindex":118,"texture":"#0"}}},{"from":[6.0,12.0,6.0],"to":[7.0,12.0,7.0],"faces":{"up":{"uv":[0,0,16,16],"tintindex":119,"texture":"#0"}}},{"from":[5.0,12.0,9.0],"to":[6.0,12.0,10.0],"faces":{"up":{"uv":[0,0,16,16],"tintindex":120,"texture":"#0"}}},{"from":[5.0,12.0,8.0],"to":[6.0,12.0,9.0],"faces":{"up":{"uv":[0,0,16,16],"tintindex":121,"texture":"#0"}}},{"from":[5.0,12.0,7.0],"to":[6.0,12.0,8.0],"faces":{"up":{"uv":[0,0,16,16],"tintindex":122,"texture":"#0"}}},{"from":[5.0,12.0,6.0],"to":[6.0,12.0,7.0],"faces":{"up":{"uv":[0,0,16,16],"tintindex":123,"texture":"#0"}}},{"from":[4.0,12.0,9.0],"to":[5.0,12.0,10.0],"faces":{"up":{"uv":[0,0,16,16],"tintindex":124,"texture":"#0"}}},{"from":[4.0,12.0,8.0],"to":[5.0,12.0,9.0],"faces":{"up":{"uv":[0,0,16,16],"tintindex":125,"texture":"#0"}}},{"from":[4.0,12.0,7.0],"to":[5.0,12.0,8.0],"faces":{"up":{"uv":[0,0,16,16],"tintindex":126,"texture":"#0"}}},{"from":[4.0,12.0,6.0],"to":[5.0,12.0,7.0],"faces":{"up":{"uv":[0,0,16,16],"tintindex":127,"texture":"#0"}}}]}