{"textures":{"0":"bettermodel:item/player_limb/one_pixel","particle":"bettermodel:item/player_limb/one_pixel"},"elements":[{"from":[11.0,15.0,4.0],"to":[12.0,16.0,4.0],"faces":{"north":{"uv":[0,0,16,16],"tintindex":0,"texture":"#0"}}},{"from":[11.0,14.0,4.0],"to":[12.0,15.0,4.0],"faces":{"north":{"uv":[0,0,16,16],"tintindex":1,"texture":"#0"}}},{"from":[11.0,13.0,4.0],"to":[12.0,14.0,4.0],"faces":{"north":{"uv":[0,0,16,16],"tintindex":2,"texture":"#0"}}},{"from":[11.0,12.0,4.0],"to":[12.0,13.0,4.0],"faces":{"north":{"uv":[0,0,16,16],"tintindex":3,"texture":"#0"}}},{"from":[11.0,11.0,4.0],"to":[12.0,12.0,4.0],"faces":{"north":{"uv":[0,0,16,16],"tintindex":4,"texture":"#0"}}},{"from":[11.0,10.0,4.0],"to":[12.0,11.0,4.0],"faces":{"north":{"uv":[0,0,16,16],"tintindex":5,"texture":"#0"}}},{"from":[11.0,9.0,4.0],"to":[12.0,10.0,4.0],"faces":{"north":{"uv":[0,0,16,16],"tintindex":6,"texture":"#0"}}},{"from":[11.0,8.0,4.0],"to":[12.0,9.0,4.0],"faces":{"north":{"uv":[0,0,16,16],"tintindex":7,"texture":"#0"}}},{"from":[10.0,15.0,4.0],"to":[11.0,16.0,4.0],"faces":{"north":{"uv":[0,0,16,16],"tintindex":8,"texture":"#0"}}},{"from":[10.0,14.0,4.0],"to":[11.0,15.0,4.0],"faces":{"north":{"uv":[0,0,16,16],"tintindex":9,"texture":"#0"}}},{"from":[10.0,13.0,4.0],"to":[11.0,14.0,4.0],"faces":{"north":{"uv":[0,0,16,16],"tintindex":10,"texture":"#0"}}},{"from":[10.0,12.0,4.0],"to":[11.0,13.0,4.0],"faces":{"north":{"uv":[0,0,16,16],"tintindex":11,"texture":"#0"}}},{"from":[10.0,11.0,4.0],"to":[11.0,12.0,4.0],"faces":{"north":{"uv":[0,0,16,16],"tintindex":12,"texture":"#0"}}},{"from":[10.0,10.0,4.0],"to":[11.0,11.0,4.0],"faces":{"north":{"uv":[0,0,16,16],"tintindex":13,"texture":"#0"}}},{"from":[10.0,9.0,4.0],"to":[11.0,10.0,4.0],"faces":{"north":{"uv":[0,0,16,16],"tintindex":14,"texture":"#0"}}},{"from":[10.0,8.0,4.0],"to":[11.0,9.0,4.0],"faces":{"north":{"uv":[0,0,16,16],"tintindex":15,"texture":"#0"}}},{"from":[9.0,15.0,4.0],"to":[10.0,16.0,4.0],"faces":{"north":{"uv":[0,0,16,16],"tintindex":16,"texture":"#0"}}},{"from":[9.0,14.0,4.0],"to":[10.0,15.0,4.0],"faces":{"north":{"uv":[0,0,16,16],"tintindex":17,"texture":"#0"}}},{"from":[9.0,13.0,4.0],"to":[10.0,14.0,4.0],"faces":{"north":{"uv":[0,0,16,16],"tintindex":18,"texture":"#0"}}},{"from":[9.0,12.0,4.0],"to":[10.0,13.0,4.0],"faces":{"north":{"uv":[0,0,16,16],"tintindex":19,"texture":"#0"}}},{"from":[9.0,11.0,4.0],"to":[10.0,12.0,4.0],"faces":{"north":{"uv":[0,0,16,16],"tintindex":20,"texture":"#0"}}},{"from":[9.0,10.0,4.0],"to":[10.0,11.0,4.0],"faces":{"north":{"uv":[0,0,16,16],"tintindex":21,"texture":"#0"}}},{"from":[9.0,9.0,4.0],"to":[10.0,10.0,4.0],"faces":{"north":{"uv":[0,0,16,16],"tintindex":22,"texture":"#0"}}},{"from":[9.0,8.0,4.0],"to":[10.0,9.0,4.0],"faces":{"north":{"uv":[0,0,16,16],"tintindex":23,"texture":"#0"}}},{"from":[8.0,15.0,4.0],"to":[9.0,16.0,4.0],"faces":{"north":{"uv":[0,0,16,16],"tintindex":24,"texture":"#0"}}},{"from":[8.0,14.0,4.0],"to":[9.0,15.0,4.0],"faces":{"north":{"uv":[0,0,16,16],"tintindex":25,"texture":"#0"}}},{"from":[8.0,13.0,4.0],"to":[9.0,14.0,4.0],"faces":{"north":{"uv":[0,0,16,16],"tintindex":26,"texture":"#0"}}},{"from":[8.0,12.0,4.0],"to":[9.0,13.0,4.0],"faces":{"north":{"uv":[0,0,16,16],"tintindex":27,"texture":"#0"}}},{"from":[8.0,11.0,4.0],"to":[9.0,12.0,4.0],"faces":{"north":{"uv":[0,0,16,16],"tintindex":28,"texture":"#0"}}},{"from":[8.0,10.0,4.0],"to":[9.0,11.0,4.0],"faces":{"north":{"uv":[0,0,16,16],"tintindex":29,"texture":"#0"}}},{"from":[8.0,9.0,4.0],"to":[9.0,10.0,4.0],"faces":{"north":{"uv":[0,0,16,16],"tintindex":30,"texture":"#0"}}},{"from":[8.0,8.0,4.0],"to":[9.0,9.0,4.0],"faces":{"north":{"uv":[0,0,16,16],"tintindex":31,"texture":"#0"}}},{"from":[7.0,15.0,4.0],"to":[8.0,16.0,4.0],"faces":{"north":{"uv":[0,0,16,16],"tintindex":32,"texture":"#0"}}},{"from":[7.0,14.0,4.0],"to":[8.0,15.0,4.0],"faces":{"north":{"uv":[0,0,16,16],"tintindex":33,"texture":"#0"}}},{"from":[7.0,13.0,4.0],"to":[8.0,14.0,4.0],"faces":{"north":{"uv":[0,0,16,16],"tintindex":34,"texture":"#0"}}},{"from":[7.0,12.0,4.0],"to":[8.0,13.0,4.0],"faces":{"north":{"uv":[0,0,16,16],"tintindex":35,"texture":"#0"}}},{"from":[7.0,11.0,4.0],"to":[8.0,12.0,4.0],"faces":{"north":{"uv":[0,0,16,16],"tintindex":36,"texture":"#0"}}},{"from":[7.0,10.0,4.0],"to":[8.0,11.0,4.0],"faces":{"north":{"uv":[0,0,16,16],"tintindex":37,"texture":"#0"}}},{"from":[7.0,9.0,4.0],"to":[8.0,10.0,4.0],"faces":{"north":{"uv":[0,0,16,16],"tintindex":38,"texture":"#0"}}},{"from":[7.0,8.0,4.0],"to":[8.0,9.0,4.0],"faces":{"north":{"uv":[0,0,16,16],"tintindex":39,"texture":"#0"}}},{"from":[6.0,15.0,4.0],"to":[7.0,16.0,4.0],"faces":{"north":{"uv":[0,0,16,16],"tintindex":40,"texture":"#0"}}},{"from":[6.0,14.0,4.0],"to":[7.0,15.0,4.0],"faces":{"north":{"uv":[0,0,16,16],"tintindex":41,"texture":"#0"}}},{"from":[6.0,13.0,4.0],"to":[7.0,14.0,4.0],"faces":{"north":{"uv":[0,0,16,16],"tintindex":42,"texture":"#0"}}},{"from":[6.0,12.0,4.0],"to":[7.0,13.0,4.0],"faces":{"north":{"uv":[0,0,16,16],"tintindex":43,"texture":"#0"}}},{"from":[6.0,11.0,4.0],"to":[7.0,12.0,4.0],"faces":{"north":{"uv":[0,0,16,16],"tintindex":44,"texture":"#0"}}},{"from":[6.0,10.0,4.0],"to":[7.0,11.0,4.0],"faces":{"north":{"uv":[0,0,16,16],"tintindex":45,"texture":"#0"}}},{"from":[6.0,9.0,4.0],"to":[7.0,10.0,4.0],"faces":{"north":{"uv":[0,0,16,16],"tintindex":46,"texture":"#0"}}},{"from":[6.0,8.0,4.0],"to":[7.0,9.0,4.0],"faces":{"north":{"uv":[0,0,16,16],"tintindex":47,"texture":"#0"}}},{"from":[5.0,15.0,4.0],"to":[6.0,16.0,4.0],"faces":{"north":{"uv":[0,0,16,16],"tintindex":48,"texture":"#0"}}},{"from":[5.0,14.0,4.0],"to":[6.0,15.0,4.0],"faces":{"north":{"uv":[0,0,16,16],"tintindex":49,"texture":"#0"}}},{"from":[5.0,13.0,4.0],"to":[6.0,14.0,4.0],"faces":{"north":{"uv":[0,0,16,16],"tintindex":50,"texture":"#0"}}},{"from":[5.0,12.0,4.0],"to":[6.0,13.0,4.0],"faces":{"north":{"uv":[0,0,16,16],"tintindex":51,"texture":"#0"}}},{"from":[5.0,11.0,4.0],"to":[6.0,12.0,4.0],"faces":{"north":{"uv":[0,0,16,16],"tintindex":52,"texture":"#0"}}},{"from":[5.0,10.0,4.0],"to":[6.0,11.0,4.0],"faces":{"north":{"uv":[0,0,16,16],"tintindex":53,"texture":"#0"}}},{"from":[5.0,9.0,4.0],"to":[6.0,10.0,4.0],"faces":{"north":{"uv":[0,0,16,16],"tintindex":54,"texture":"#0"}}},{"from":[5.0,8.0,4.0],"to":[6.0,9.0,4.0],"faces":{"north":{"uv":[0,0,16,16],"tintindex":55,"texture":"#0"}}},{"from":[4.0,15.0,4.0],"to":[5.0,16.0,4.0],"faces":{"north":{"uv":[0,0,16,16],"tintindex":56,"texture":"#0"}}},{"from":[4.0,14.0,4.0],"to":[5.0,15.0,4.0],"faces":{"north":{"uv":[0,0,16,16],"tintindex":57,"texture":"#0"}}},{"from":[4.0,13.0,4.0],"to":[5.0,14.0,4.0],"faces":{"north":{"uv":[0,0,16,16],"tintindex":58,"texture":"#0"}}},{"from":[4.0,12.0,4.0],"to":[5.0,13.0,4.0],"faces":{"north":{"uv":[0,0,16,16],"tintindex":59,"texture":"#0"}}},{"from":[4.0,11.0,4.0],"to":[5.0,12.0,4.0],"faces":{"north":{"uv":[0,0,16,16],"tintindex":60,"texture":"#0"}}},{"from":[4.0,10.0,4.0],"to":[5.0,11.0,4.0],"faces":{"north":{"uv":[0,0,16,16],"tintindex":61,"texture":"#0"}}},{"from":[4.0,9.0,4.0],"to":[5.0,10.0,4.0],"faces":{"north":{"uv":[0,0,16,16],"tintindex":62,"texture":"#0"}}},{"from":[4.0,8.0,4.0],"to":[5.0,9.0,4.0],"faces":{"north":{"uv":[0,0,16,16],"tintindex":63,"texture":"#0"}}},{"from":[4.0,15.0,12.0],"to":[5.0,16.0,12.0],"faces":{"south":{"uv":[0,0,16,16],"tintindex":64,"texture":"#0"}}},{"from":[4.0,14.0,12.0],"to":[5.0,15.0,12.0],"faces":{"south":{"uv":[0,0,16,16],"tintindex":65,"texture":"#0"}}},{"from":[4.0,13.0,12.0],"to":[5.0,14.0,12.0],"faces":{"south":{"uv":[0,0,16,16],"tintindex":66,"texture":"#0"}}},{"from":[4.0,12.0,12.0],"to":[5.0,13.0,12.0],"faces":{"south":{"uv":[0,0,16,16],"tintindex":67,"texture":"#0"}}},{"from":[4.0,11.0,12.0],"to":[5.0,12.0,12.0],"faces":{"south":{"uv":[0,0,16,16],"tintindex":68,"texture":"#0"}}},{"from":[4.0,10.0,12.0],"to":[5.0,11.0,12.0],"faces":{"south":{"uv":[0,0,16,16],"tintindex":69,"texture":"#0"}}},{"from":[4.0,9.0,12.0],"to":[5.0,10.0,12.0],"faces":{"south":{"uv":[0,0,16,16],"tintindex":70,"texture":"#0"}}},{"from":[4.0,8.0,12.0],"to":[5.0,9.0,12.0],"faces":{"south":{"uv":[0,0,16,16],"tintindex":71,"texture":"#0"}}},{"from":[5.0,15.0,12.0],"to":[6.0,16.0,12.0],"faces":{"south":{"uv":[0,0,16,16],"tintindex":72,"texture":"#0"}}},{"from":[5.0,14.0,12.0],"to":[6.0,15.0,12.0],"faces":{"south":{"uv":[0,0,16,16],"tintindex":73,"texture":"#0"}}},{"from":[5.0,13.0,12.0],"to":[6.0,14.0,12.0],"faces":{"south":{"uv":[0,0,16,16],"tintindex":74,"texture":"#0"}}},{"from":[5.0,12.0,12.0],"to":[6.0,13.0,12.0],"faces":{"south":{"uv":[0,0,16,16],"tintindex":75,"texture":"#0"}}},{"from":[5.0,11.0,12.0],"to":[6.0,12.0,12.0],"faces":{"south":{"uv":[0,0,16,16],"tintindex":76,"texture":"#0"}}},{"from":[5.0,10.0,12.0],"to":[6.0,11.0,12.0],"faces":{"south":{"uv":[0,0,16,16],"tintindex":77,"texture":"#0"}}},{"from":[5.0,9.0,12.0],"to":[6.0,10.0,12.0],"faces":{"south":{"uv":[0,0,16,16],"tintindex":78,"texture":"#0"}}},{"from":[5.0,8.0,12.0],"to":[6.0,9.0,12.0],"faces":{"south":{"uv":[0,0,16,16],"tintindex":79,"texture":"#0"}}},{"from":[6.0,15.0,12.0],"to":[7.0,16.0,12.0],"faces":{"south":{"uv":[0,0,16,16],"tintindex":80,"texture":"#0"}}},{"from":[6.0,14.0,12.0],"to":[7.0,15.0,12.0],"faces":{"south":{"uv":[0,0,16,16],"tintindex":81,"texture":"#0"}}},{"from":[6.0,13.0,12.0],"to":[7.0,14.0,12.0],"faces":{"south":{"uv":[0,0,16,16],"tintindex":82,"texture":"#0"}}},{"from":[6.0,12.0,12.0],"to":[7.0,13.0,12.0],"faces":{"south":{"uv":[0,0,16,16],"tintindex":83,"texture":"#0"}}},{"from":[6.0,11.0,12.0],"to":[7.0,12.0,12.0],"faces":{"south":{"uv":[0,0,16,16],"tintindex":84,"texture":"#0"}}},{"from":[6.0,10.0,12.0],"to":[7.0,11.0,12.0],"faces":{"south":{"uv":[0,0,16,16],"tintindex":85,"texture":"#0"}}},{"from":[6.0,9.0,12.0],"to":[7.0,10.0,12.0],"faces":{"south":{"uv":[0,0,16,16],"tintindex":86,"texture":"#0"}}},{"from":[6.0,8.0,12.0],"to":[7.0,9.0,12.0],"faces":{"south":{"uv":[0,0,16,16],"tintindex":87,"texture":"#0"}}},{"from":[7.0,15.0,12.0],"to":[8.0,16.0,12.0],"faces":{"south":{"uv":[0,0,16,16],"tintindex":88,"texture":"#0"}}},{"from":[7.0,14.0,12.0],"to":[8.0,15.0,12.0],"faces":{"south":{"uv":[0,0,16,16],"tintindex":89,"texture":"#0"}}},{"from":[7.0,13.0,12.0],"to":[8.0,14.0,12.0],"faces":{"south":{"uv":[0,0,16,16],"tintindex":90,"texture":"#0"}}},{"from":[7.0,12.0,12.0],"to":[8.0,13.0,12.0],"faces":{"south":{"uv":[0,0,16,16],"tintindex":91,"texture":"#0"}}},{"from":[7.0,11.0,12.0],"to":[8.0,12.0,12.0],"faces":{"south":{"uv":[0,0,16,16],"tintindex":92,"texture":"#0"}}},{"from":[7.0,10.0,12.0],"to":[8.0,11.0,12.0],"faces":{"south":{"uv":[0,0,16,16],"tintindex":93,"texture":"#0"}}},{"from":[7.0,9.0,12.0],"to":[8.0,10.0,12.0],"faces":{"south":{"uv":[0,0,16,16],"tintindex":94,"texture":"#0"}}},{"from":[7.0,8.0,12.0],"to":[8.0,9.0,12.0],"faces":{"south":{"uv":[0,0,16,16],"tintindex":95,"texture":"#0"}}},{"from":[8.0,15.0,12.0],"to":[9.0,16.0,12.0],"faces":{"south":{"uv":[0,0,16,16],"tintindex":96,"texture":"#0"}}},{"from":[8.0,14.0,12.0],"to":[9.0,15.0,12.0],"faces":{"south":{"uv":[0,0,16,16],"tintindex":97,"texture":"#0"}}},{"from":[8.0,13.0,12.0],"to":[9.0,14.0,12.0],"faces":{"south":{"uv":[0,0,16,16],"tintindex":98,"texture":"#0"}}},{"from":[8.0,12.0,12.0],"to":[9.0,13.0,12.0],"faces":{"south":{"uv":[0,0,16,16],"tintindex":99,"texture":"#0"}}},{"from":[8.0,11.0,12.0],"to":[9.0,12.0,12.0],"faces":{"south":{"uv":[0,0,16,16],"tintindex":100,"texture":"#0"}}},{"from":[8.0,10.0,12.0],"to":[9.0,11.0,12.0],"faces":{"south":{"uv":[0,0,16,16],"tintindex":101,"texture":"#0"}}},{"from":[8.0,9.0,12.0],"to":[9.0,10.0,12.0],"faces":{"south":{"uv":[0,0,16,16],"tintindex":102,"texture":"#0"}}},{"from":[8.0,8.0,12.0],"to":[9.0,9.0,12.0],"faces":{"south":{"uv":[0,0,16,16],"tintindex":103,"texture":"#0"}}},{"from":[9.0,15.0,12.0],"to":[10.0,16.0,12.0],"faces":{"south":{"uv":[0,0,16,16],"tintindex":104,"texture":"#0"}}},{"from":[9.0,14.0,12.0],"to":[10.0,15.0,12.0],"faces":{"south":{"uv":[0,0,16,16],"tintindex":105,"texture":"#0"}}},{"from":[9.0,13.0,12.0],"to":[10.0,14.0,12.0],"faces":{"south":{"uv":[0,0,16,16],"tintindex":106,"texture":"#0"}}},{"from":[9.0,12.0,12.0],"to":[10.0,13.0,12.0],"faces":{"south":{"uv":[0,0,16,16],"tintindex":107,"texture":"#0"}}},{"from":[9.0,11.0,12.0],"to":[10.0,12.0,12.0],"faces":{"south":{"uv":[0,0,16,16],"tintindex":108,"texture":"#0"}}},{"from":[9.0,10.0,12.0],"to":[10.0,11.0,12.0],"faces":{"south":{"uv":[0,0,16,16],"tintindex":109,"texture":"#0"}}},{"from":[9.0,9.0,12.0],"to":[10.0,10.0,12.0],"faces":{"south":{"uv":[0,0,16,16],"tintindex":110,"texture":"#0"}}},{"from":[9.0,8.0,12.0],"to":[10.0,9.0,12.0],"faces":{"south":{"uv":[0,0,16,16],"tintindex":111,"texture":"#0"}}},{"from":[10.0,15.0,12.0],"to":[11.0,16.0,12.0],"faces":{"south":{"uv":[0,0,16,16],"tintindex":112,"texture":"#0"}}},{"from":[10.0,14.0,12.0],"to":[11.0,15.0,12.0],"faces":{"south":{"uv":[0,0,16,16],"tintindex":113,"texture":"#0"}}},{"from":[10.0,13.0,12.0],"to":[11.0,14.0,12.0],"faces":{"south":{"uv":[0,0,16,16],"tintindex":114,"texture":"#0"}}},{"from":[10.0,12.0,12.0],"to":[11.0,13.0,12.0],"faces":{"south":{"uv":[0,0,16,16],"tintindex":115,"texture":"#0"}}},{"from":[10.0,11.0,12.0],"to":[11.0,12.0,12.0],"faces":{"south":{"uv":[0,0,16,16],"tintindex":116,"texture":"#0"}}},{"from":[10.0,10.0,12.0],"to":[11.0,11.0,12.0],"faces":{"south":{"uv":[0,0,16,16],"tintindex":117,"texture":"#0"}}},{"from":[10.0,9.0,12.0],"to":[11.0,10.0,12.0],"faces":{"south":{"uv":[0,0,16,16],"tintindex":118,"texture":"#0"}}},{"from":[10.0,8.0,12.0],"to":[11.0,9.0,12.0],"faces":{"south":{"uv":[0,0,16,16],"tintindex":119,"texture":"#0"}}},{"from":[11.0,15.0,12.0],"to":[12.0,16.0,12.0],"faces":{"south":{"uv":[0,0,16,16],"tintindex":120,"texture":"#0"}}},{"from":[11.0,14.0,12.0],"to":[12.0,15.0,12.0],"faces":{"south":{"uv":[0,0,16,16],"tintindex":121,"texture":"#0"}}},{"from":[11.0,13.0,12.0],"to":[12.0,14.0,12.0],"faces":{"south":{"uv":[0,0,16,16],"tintindex":122,"texture":"#0"}}},{"from":[11.0,12.0,12.0],"to":[12.0,13.0,12.0],"faces":{"south":{"uv":[0,0,16,16],"tintindex":123,"texture":"#0"}}},{"from":[11.0,11.0,12.0],"to":[12.0,12.0,12.0],"faces":{"south":{"uv":[0,0,16,16],"tintindex":124,"texture":"#0"}}},{"from":[11.0,10.0,12.0],"to":[12.0,11.0,12.0],"faces":{"south":{"uv":[0,0,16,16],"tintindex":125,"texture":"#0"}}},{"from":[11.0,9.0,12.0],"to":[12.0,10.0,12.0],"faces":{"south":{"uv":[0,0,16,16],"tintindex":126,"texture":"#0"}}},{"from":[11.0,8.0,12.0],"to":[12.0,9.0,12.0],"faces":{"south":{"uv":[0,0,16,16],"tintindex":127,"texture":"#0"}}},{"from":[12.0,15.0,11.0],"to":[12.0,16.0,12.0],"faces":{"east":{"uv":[0,0,16,16],"tintindex":128,"texture":"#0"}}},{"from":[12.0,14.0,11.0],"to":[12.0,15.0,12.0],"faces":{"east":{"uv":[0,0,16,16],"tintindex":129,"texture":"#0"}}},{"from":[12.0,13.0,11.0],"to":[12.0,14.0,12.0],"faces":{"east":{"uv":[0,0,16,16],"tintindex":130,"texture":"#0"}}},{"from":[12.0,12.0,11.0],"to":[12.0,13.0,12.0],"faces":{"east":{"uv":[0,0,16,16],"tintindex":131,"texture":"#0"}}},{"from":[12.0,11.0,11.0],"to":[12.0,12.0,12.0],"faces":{"east":{"uv":[0,0,16,16],"tintindex":132,"texture":"#0"}}},{"from":[12.0,10.0,11.0],"to":[12.0,11.0,12.0],"faces":{"east":{"uv":[0,0,16,16],"tintindex":133,"texture":"#0"}}},{"from":[12.0,9.0,11.0],"to":[12.0,10.0,12.0],"faces":{"east":{"uv":[0,0,16,16],"tintindex":134,"texture":"#0"}}},{"from":[12.0,8.0,11.0],"to":[12.0,9.0,12.0],"faces":{"east":{"uv":[0,0,16,16],"tintindex":135,"texture":"#0"}}},{"from":[12.0,15.0,10.0],"to":[12.0,16.0,11.0],"faces":{"east":{"uv":[0,0,16,16],"tintindex":136,"texture":"#0"}}},{"from":[12.0,14.0,10.0],"to":[12.0,15.0,11.0],"faces":{"east":{"uv":[0,0,16,16],"tintindex":137,"texture":"#0"}}},{"from":[12.0,13.0,10.0],"to":[12.0,14.0,11.0],"faces":{"east":{"uv":[0,0,16,16],"tintindex":138,"texture":"#0"}}},{"from":[12.0,12.0,10.0],"to":[12.0,13.0,11.0],"faces":{"east":{"uv":[0,0,16,16],"tintindex":139,"texture":"#0"}}},{"from":[12.0,11.0,10.0],"to":[12.0,12.0,11.0],"faces":{"east":{"uv":[0,0,16,16],"tintindex":140,"texture":"#0"}}},{"from":[12.0,10.0,10.0],"to":[12.0,11.0,11.0],"faces":{"east":{"uv":[0,0,16,16],"tintindex":141,"texture":"#0"}}},{"from":[12.0,9.0,10.0],"to":[12.0,10.0,11.0],"faces":{"east":{"uv":[0,0,16,16],"tintindex":142,"texture":"#0"}}},{"from":[12.0,8.0,10.0],"to":[12.0,9.0,11.0],"faces":{"east":{"uv":[0,0,16,16],"tintindex":143,"texture":"#0"}}},{"from":[12.0,15.0,9.0],"to":[12.0,16.0,10.0],"faces":{"east":{"uv":[0,0,16,16],"tintindex":144,"texture":"#0"}}},{"from":[12.0,14.0,9.0],"to":[12.0,15.0,10.0],"faces":{"east":{"uv":[0,0,16,16],"tintindex":145,"texture":"#0"}}},{"from":[12.0,13.0,9.0],"to":[12.0,14.0,10.0],"faces":{"east":{"uv":[0,0,16,16],"tintindex":146,"texture":"#0"}}},{"from":[12.0,12.0,9.0],"to":[12.0,13.0,10.0],"faces":{"east":{"uv":[0,0,16,16],"tintindex":147,"texture":"#0"}}},{"from":[12.0,11.0,9.0],"to":[12.0,12.0,10.0],"faces":{"east":{"uv":[0,0,16,16],"tintindex":148,"texture":"#0"}}},{"from":[12.0,10.0,9.0],"to":[12.0,11.0,10.0],"faces":{"east":{"uv":[0,0,16,16],"tintindex":149,"texture":"#0"}}},{"from":[12.0,9.0,9.0],"to":[12.0,10.0,10.0],"faces":{"east":{"uv":[0,0,16,16],"tintindex":150,"texture":"#0"}}},{"from":[12.0,8.0,9.0],"to":[12.0,9.0,10.0],"faces":{"east":{"uv":[0,0,16,16],"tintindex":151,"texture":"#0"}}},{"from":[12.0,15.0,8.0],"to":[12.0,16.0,9.0],"faces":{"east":{"uv":[0,0,16,16],"tintindex":152,"texture":"#0"}}},{"from":[12.0,14.0,8.0],"to":[12.0,15.0,9.0],"faces":{"east":{"uv":[0,0,16,16],"tintindex":153,"texture":"#0"}}},{"from":[12.0,13.0,8.0],"to":[12.0,14.0,9.0],"faces":{"east":{"uv":[0,0,16,16],"tintindex":154,"texture":"#0"}}},{"from":[12.0,12.0,8.0],"to":[12.0,13.0,9.0],"faces":{"east":{"uv":[0,0,16,16],"tintindex":155,"texture":"#0"}}},{"from":[12.0,11.0,8.0],"to":[12.0,12.0,9.0],"faces":{"east":{"uv":[0,0,16,16],"tintindex":156,"texture":"#0"}}},{"from":[12.0,10.0,8.0],"to":[12.0,11.0,9.0],"faces":{"east":{"uv":[0,0,16,16],"tintindex":157,"texture":"#0"}}},{"from":[12.0,9.0,8.0],"to":[12.0,10.0,9.0],"faces":{"east":{"uv":[0,0,16,16],"tintindex":158,"texture":"#0"}}},{"from":[12.0,8.0,8.0],"to":[12.0,9.0,9.0],"faces":{"east":{"uv":[0,0,16,16],"tintindex":159,"texture":"#0"}}},{"from":[12.0,15.0,7.0],"to":[12.0,16.0,8.0],"faces":{"east":{"uv":[0,0,16,16],"tintindex":160,"texture":"#0"}}},{"from":[12.0,14.0,7.0],"to":[12.0,15.0,8.0],"faces":{"east":{"uv":[0,0,16,16],"tintindex":161,"texture":"#0"}}},{"from":[12.0,13.0,7.0],"to":[12.0,14.0,8.0],"faces":{"east":{"uv":[0,0,16,16],"tintindex":162,"texture":"#0"}}},{"from":[12.0,12.0,7.0],"to":[12.0,13.0,8.0],"faces":{"east":{"uv":[0,0,16,16],"tintindex":163,"texture":"#0"}}},{"from":[12.0,11.0,7.0],"to":[12.0,12.0,8.0],"faces":{"east":{"uv":[0,0,16,16],"tintindex":164,"texture":"#0"}}},{"from":[12.0,10.0,7.0],"to":[12.0,11.0,8.0],"faces":{"east":{"uv":[0,0,16,16],"tintindex":165,"texture":"#0"}}},{"from":[12.0,9.0,7.0],"to":[12.0,10.0,8.0],"faces":{"east":{"uv":[0,0,16,16],"tintindex":166,"texture":"#0"}}},{"from":[12.0,8.0,7.0],"to":[12.0,9.0,8.0],"faces":{"east":{"uv":[0,0,16,16],"tintindex":167,"texture":"#0"}}},{"from":[12.0,15.0,6.0],"to":[12.0,16.0,7.0],"faces":{"east":{"uv":[0,0,16,16],"tintindex":168,"texture":"#0"}}},{"from":[12.0,14.0,6.0],"to":[12.0,15.0,7.0],"faces":{"east":{"uv":[0,0,16,16],"tintindex":169,"texture":"#0"}}},{"from":[12.0,13.0,6.0],"to":[12.0,14.0,7.0],"faces":{"east":{"uv":[0,0,16,16],"tintindex":170,"texture":"#0"}}},{"from":[12.0,12.0,6.0],"to":[12.0,13.0,7.0],"faces":{"east":{"uv":[0,0,16,16],"tintindex":171,"texture":"#0"}}},{"from":[12.0,11.0,6.0],"to":[12.0,12.0,7.0],"faces":{"east":{"uv":[0,0,16,16],"tintindex":172,"texture":"#0"}}},{"from":[12.0,10.0,6.0],"to":[12.0,11.0,7.0],"faces":{"east":{"uv":[0,0,16,16],"tintindex":173,"texture":"#0"}}},{"from":[12.0,9.0,6.0],"to":[12.0,10.0,7.0],"faces":{"east":{"uv":[0,0,16,16],"tintindex":174,"texture":"#0"}}},{"from":[12.0,8.0,6.0],"to":[12.0,9.0,7.0],"faces":{"east":{"uv":[0,0,16,16],"tintindex":175,"texture":"#0"}}},{"from":[12.0,15.0,5.0],"to":[12.0,16.0,6.0],"faces":{"east":{"uv":[0,0,16,16],"tintindex":176,"texture":"#0"}}},{"from":[12.0,14.0,5.0],"to":[12.0,15.0,6.0],"faces":{"east":{"uv":[0,0,16,16],"tintindex":177,"texture":"#0"}}},{"from":[12.0,13.0,5.0],"to":[12.0,14.0,6.0],"faces":{"east":{"uv":[0,0,16,16],"tintindex":178,"texture":"#0"}}},{"from":[12.0,12.0,5.0],"to":[12.0,13.0,6.0],"faces":{"east":{"uv":[0,0,16,16],"tintindex":179,"texture":"#0"}}},{"from":[12.0,11.0,5.0],"to":[12.0,12.0,6.0],"faces":{"east":{"uv":[0,0,16,16],"tintindex":180,"texture":"#0"}}},{"from":[12.0,10.0,5.0],"to":[12.0,11.0,6.0],"faces":{"east":{"uv":[0,0,16,16],"tintindex":181,"texture":"#0"}}},{"from":[12.0,9.0,5.0],"to":[12.0,10.0,6.0],"faces":{"east":{"uv":[0,0,16,16],"tintindex":182,"texture":"#0"}}},{"from":[12.0,8.0,5.0],"to":[12.0,9.0,6.0],"faces":{"east":{"uv":[0,0,16,16],"tintindex":183,"texture":"#0"}}},{"from":[12.0,15.0,4.0],"to":[12.0,16.0,5.0],"faces":{"east":{"uv":[0,0,16,16],"tintindex":184,"texture":"#0"}}},{"from":[12.0,14.0,4.0],"to":[12.0,15.0,5.0],"faces":{"east":{"uv":[0,0,16,16],"tintindex":185,"texture":"#0"}}},{"from":[12.0,13.0,4.0],"to":[12.0,14.0,5.0],"faces":{"east":{"uv":[0,0,16,16],"tintindex":186,"texture":"#0"}}},{"from":[12.0,12.0,4.0],"to":[12.0,13.0,5.0],"faces":{"east":{"uv":[0,0,16,16],"tintindex":187,"texture":"#0"}}},{"from":[12.0,11.0,4.0],"to":[12.0,12.0,5.0],"faces":{"east":{"uv":[0,0,16,16],"tintindex":188,"texture":"#0"}}},{"from":[12.0,10.0,4.0],"to":[12.0,11.0,5.0],"faces":{"east":{"uv":[0,0,16,16],"tintindex":189,"texture":"#0"}}},{"from":[12.0,9.0,4.0],"to":[12.0,10.0,5.0],"faces":{"east":{"uv":[0,0,16,16],"tintindex":190,"texture":"#0"}}},{"from":[12.0,8.0,4.0],"to":[12.0,9.0,5.0],"faces":{"east":{"uv":[0,0,16,16],"tintindex":191,"texture":"#0"}}},{"from":[4.0,15.0,4.0],"to":[4.0,16.0,5.0],"faces":{"west":{"uv":[0,0,16,16],"tintindex":192,"texture":"#0"}}},{"from":[4.0,14.0,4.0],"to":[4.0,15.0,5.0],"faces":{"west":{"uv":[0,0,16,16],"tintindex":193,"texture":"#0"}}},{"from":[4.0,13.0,4.0],"to":[4.0,14.0,5.0],"faces":{"west":{"uv":[0,0,16,16],"tintindex":194,"texture":"#0"}}},{"from":[4.0,12.0,4.0],"to":[4.0,13.0,5.0],"faces":{"west":{"uv":[0,0,16,16],"tintindex":195,"texture":"#0"}}},{"from":[4.0,11.0,4.0],"to":[4.0,12.0,5.0],"faces":{"west":{"uv":[0,0,16,16],"tintindex":196,"texture":"#0"}}},{"from":[4.0,10.0,4.0],"to":[4.0,11.0,5.0],"faces":{"west":{"uv":[0,0,16,16],"tintindex":197,"texture":"#0"}}},{"from":[4.0,9.0,4.0],"to":[4.0,10.0,5.0],"faces":{"west":{"uv":[0,0,16,16],"tintindex":198,"texture":"#0"}}},{"from":[4.0,8.0,4.0],"to":[4.0,9.0,5.0],"faces":{"west":{"uv":[0,0,16,16],"tintindex":199,"texture":"#0"}}},{"from":[4.0,15.0,5.0],"to":[4.0,16.0,6.0],"faces":{"west":{"uv":[0,0,16,16],"tintindex":200,"texture":"#0"}}},{"from":[4.0,14.0,5.0],"to":[4.0,15.0,6.0],"faces":{"west":{"uv":[0,0,16,16],"tintindex":201,"texture":"#0"}}},{"from":[4.0,13.0,5.0],"to":[4.0,14.0,6.0],"faces":{"west":{"uv":[0,0,16,16],"tintindex":202,"texture":"#0"}}},{"from":[4.0,12.0,5.0],"to":[4.0,13.0,6.0],"faces":{"west":{"uv":[0,0,16,16],"tintindex":203,"texture":"#0"}}},{"from":[4.0,11.0,5.0],"to":[4.0,12.0,6.0],"faces":{"west":{"uv":[0,0,16,16],"tintindex":204,"texture":"#0"}}},{"from":[4.0,10.0,5.0],"to":[4.0,11.0,6.0],"faces":{"west":{"uv":[0,0,16,16],"tintindex":205,"texture":"#0"}}},{"from":[4.0,9.0,5.0],"to":[4.0,10.0,6.0],"faces":{"west":{"uv":[0,0,16,16],"tintindex":206,"texture":"#0"}}},{"from":[4.0,8.0,5.0],"to":[4.0,9.0,6.0],"faces":{"west":{"uv":[0,0,16,16],"tintindex":207,"texture":"#0"}}},{"from":[4.0,15.0,6.0],"to":[4.0,16.0,7.0],"faces":{"west":{"uv":[0,0,16,16],"tintindex":208,"texture":"#0"}}},{"from":[4.0,14.0,6.0],"to":[4.0,15.0,7.0],"faces":{"west":{"uv":[0,0,16,16],"tintindex":209,"texture":"#0"}}},{"from":[4.0,13.0,6.0],"to":[4.0,14.0,7.0],"faces":{"west":{"uv":[0,0,16,16],"tintindex":210,"texture":"#0"}}},{"from":[4.0,12.0,6.0],"to":[4.0,13.0,7.0],"faces":{"west":{"uv":[0,0,16,16],"tintindex":211,"texture":"#0"}}},{"from":[4.0,11.0,6.0],"to":[4.0,12.0,7.0],"faces":{"west":{"uv":[0,0,16,16],"tintindex":212,"texture":"#0"}}},{"from":[4.0,10.0,6.0],"to":[4.0,11.0,7.0],"faces":{"west":{"uv":[0,0,16,16],"tintindex":213,"texture":"#0"}}},{"from":[4.0,9.0,6.0],"to":[4.0,10.0,7.0],"faces":{"west":{"uv":[0,0,16,16],"tintindex":214,"texture":"#0"}}},{"from":[4.0,8.0,6.0],"to":[4.0,9.0,7.0],"faces":{"west":{"uv":[0,0,16,16],"tintindex":215,"texture":"#0"}}},{"from":[4.0,15.0,7.0],"to":[4.0,16.0,8.0],"faces":{"west":{"uv":[0,0,16,16],"tintindex":216,"texture":"#0"}}},{"from":[4.0,14.0,7.0],"to":[4.0,15.0,8.0],"faces":{"west":{"uv":[0,0,16,16],"tintindex":217,"texture":"#0"}}},{"from":[4.0,13.0,7.0],"to":[4.0,14.0,8.0],"faces":{"west":{"uv":[0,0,16,16],"tintindex":218,"texture":"#0"}}},{"from":[4.0,12.0,7.0],"to":[4.0,13.0,8.0],"faces":{"west":{"uv":[0,0,16,16],"tintindex":219,"texture":"#0"}}},{"from":[4.0,11.0,7.0],"to":[4.0,12.0,8.0],"faces":{"west":{"uv":[0,0,16,16],"tintindex":220,"texture":"#0"}}},{"from":[4.0,10.0,7.0],"to":[4.0,11.0,8.0],"faces":{"west":{"uv":[0,0,16,16],"tintindex":221,"texture":"#0"}}},{"from":[4.0,9.0,7.0],"to":[4.0,10.0,8.0],"faces":{"west":{"uv":[0,0,16,16],"tintindex":222,"texture":"#0"}}},{"from":[4.0,8.0,7.0],"to":[4.0,9.0,8.0],"faces":{"west":{"uv":[0,0,16,16],"tintindex":223,"texture":"#0"}}},{"from":[4.0,15.0,8.0],"to":[4.0,16.0,9.0],"faces":{"west":{"uv":[0,0,16,16],"tintindex":224,"texture":"#0"}}},{"from":[4.0,14.0,8.0],"to":[4.0,15.0,9.0],"faces":{"west":{"uv":[0,0,16,16],"tintindex":225,"texture":"#0"}}},{"from":[4.0,13.0,8.0],"to":[4.0,14.0,9.0],"faces":{"west":{"uv":[0,0,16,16],"tintindex":226,"texture":"#0"}}},{"from":[4.0,12.0,8.0],"to":[4.0,13.0,9.0],"faces":{"west":{"uv":[0,0,16,16],"tintindex":227,"texture":"#0"}}},{"from":[4.0,11.0,8.0],"to":[4.0,12.0,9.0],"faces":{"west":{"uv":[0,0,16,16],"tintindex":228,"texture":"#0"}}},{"from":[4.0,10.0,8.0],"to":[4.0,11.0,9.0],"faces":{"west":{"uv":[0,0,16,16],"tintindex":229,"texture":"#0"}}},{"from":[4.0,9.0,8.0],"to":[4.0,10.0,9.0],"faces":{"west":{"uv":[0,0,16,16],"tintindex":230,"texture":"#0"}}},{"from":[4.0,8.0,8.0],"to":[4.0,9.0,9.0],"faces":{"west":{"uv":[0,0,16,16],"tintindex":231,"texture":"#0"}}},{"from":[4.0,15.0,9.0],"to":[4.0,16.0,10.0],"faces":{"west":{"uv":[0,0,16,16],"tintindex":232,"texture":"#0"}}},{"from":[4.0,14.0,9.0],"to":[4.0,15.0,10.0],"faces":{"west":{"uv":[0,0,16,16],"tintindex":233,"texture":"#0"}}},{"from":[4.0,13.0,9.0],"to":[4.0,14.0,10.0],"faces":{"west":{"uv":[0,0,16,16],"tintindex":234,"texture":"#0"}}},{"from":[4.0,12.0,9.0],"to":[4.0,13.0,10.0],"faces":{"west":{"uv":[0,0,16,16],"tintindex":235,"texture":"#0"}}},{"from":[4.0,11.0,9.0],"to":[4.0,12.0,10.0],"faces":{"west":{"uv":[0,0,16,16],"tintindex":236,"texture":"#0"}}},{"from":[4.0,10.0,9.0],"to":[4.0,11.0,10.0],"faces":{"west":{"uv":[0,0,16,16],"tintindex":237,"texture":"#0"}}},{"from":[4.0,9.0,9.0],"to":[4.0,10.0,10.0],"faces":{"west":{"uv":[0,0,16,16],"tintindex":238,"texture":"#0"}}},{"from":[4.0,8.0,9.0],"to":[4.0,9.0,10.0],"faces":{"west":{"uv":[0,0,16,16],"tintindex":239,"texture":"#0"}}},{"from":[4.0,15.0,10.0],"to":[4.0,16.0,11.0],"faces":{"west":{"uv":[0,0,16,16],"tintindex":240,"texture":"#0"}}},{"from":[4.0,14.0,10.0],"to":[4.0,15.0,11.0],"faces":{"west":{"uv":[0,0,16,16],"tintindex":241,"texture":"#0"}}},{"from":[4.0,13.0,10.0],"to":[4.0,14.0,11.0],"faces":{"west":{"uv":[0,0,16,16],"tintindex":242,"texture":"#0"}}},{"from":[4.0,12.0,10.0],"to":[4.0,13.0,11.0],"faces":{"west":{"uv":[0,0,16,16],"tintindex":243,"texture":"#0"}}},{"from":[4.0,11.0,10.0],"to":[4.0,12.0,11.0],"faces":{"west":{"uv":[0,0,16,16],"tintindex":244,"texture":"#0"}}},{"from":[4.0,10.0,10.0],"to":[4.0,11.0,11.0],"faces":{"west":{"uv":[0,0,16,16],"tintindex":245,"texture":"#0"}}},{"from":[4.0,9.0,10.0],"to":[4.0,10.0,11.0],"faces":{"west":{"uv":[0,0,16,16],"tintindex":246,"texture":"#0"}}},{"from":[4.0,8.0,10.0],"to":[4.0,9.0,11.0],"faces":{"west":{"uv":[0,0,16,16],"tintindex":247,"texture":"#0"}}},{"from":[4.0,15.0,11.0],"to":[4.0,16.0,12.0],"faces":{"west":{"uv":[0,0,16,16],"tintindex":248,"texture":"#0"}}},{"from":[4.0,14.0,11.0],"to":[4.0,15.0,12.0],"faces":{"west":{"uv":[0,0,16,16],"tintindex":249,"texture":"#0"}}},{"from":[4.0,13.0,11.0],"to":[4.0,14.0,12.0],"faces":{"west":{"uv":[0,0,16,16],"tintindex":250,"texture":"#0"}}},{"from":[4.0,12.0,11.0],"to":[4.0,13.0,12.0],"faces":{"west":{"uv":[0,0,16,16],"tintindex":251,"texture":"#0"}}},{"from":[4.0,11.0,11.0],"to":[4.0,12.0,12.0],"faces":{"west":{"uv":[0,0,16,16],"tintindex":252,"texture":"#0"}}},{"from":[4.0,10.0,11.0],"to":[4.0,11.0,12.0],"faces":{"west":{"uv":[0,0,16,16],"tintindex":253,"texture":"#0"}}},{"from":[4.0,9.0,11.0],"to":[4.0,10.0,12.0],"faces":{"west":{"uv":[0,0,16,16],"tintindex":254,"texture":"#0"}}},{"from":[4.0,8.0,11.0],"to":[4.0,9.0,12.0],"faces":{"west":{"uv":[0,0,16,16],"tintindex":255,"texture":"#0"}}},{"from":[11.0,16.0,11.0],"to":[12.0,16.0,12.0],"faces":{"up":{"uv":[0,0,16,16],"tintindex":256,"texture":"#0"}}},{"from":[11.0,16.0,10.0],"to":[12.0,16.0,11.0],"faces":{"up":{"uv":[0,0,16,16],"tintindex":257,"texture":"#0"}}},{"from":[11.0,16.0,9.0],"to":[12.0,16.0,10.0],"faces":{"up":{"uv":[0,0,16,16],"tintindex":258,"texture":"#0"}}},{"from":[11.0,16.0,8.0],"to":[12.0,16.0,9.0],"faces":{"up":{"uv":[0,0,16,16],"tintindex":259,"texture":"#0"}}},{"from":[11.0,16.0,7.0],"to":[12.0,16.0,8.0],"faces":{"up":{"uv":[0,0,16,16],"tintindex":260,"texture":"#0"}}},{"from":[11.0,16.0,6.0],"to":[12.0,16.0,7.0],"faces":{"up":{"uv":[0,0,16,16],"tintindex":261,"texture":"#0"}}},{"from":[11.0,16.0,5.0],"to":[12.0,16.0,6.0],"faces":{"up":{"uv":[0,0,16,16],"tintindex":262,"texture":"#0"}}},{"from":[11.0,16.0,4.0],"to":[12.0,16.0,5.0],"faces":{"up":{"uv":[0,0,16,16],"tintindex":263,"texture":"#0"}}},{"from":[10.0,16.0,11.0],"to":[11.0,16.0,12.0],"faces":{"up":{"uv":[0,0,16,16],"tintindex":264,"texture":"#0"}}},{"from":[10.0,16.0,10.0],"to":[11.0,16.0,11.0],"faces":{"up":{"uv":[0,0,16,16],"tintindex":265,"texture":"#0"}}},{"from":[10.0,16.0,9.0],"to":[11.0,16.0,10.0],"faces":{"up":{"uv":[0,0,16,16],"tintindex":266,"texture":"#0"}}},{"from":[10.0,16.0,8.0],"to":[11.0,16.0,9.0],"faces":{"up":{"uv":[0,0,16,16],"tintindex":267,"texture":"#0"}}},{"from":[10.0,16.0,7.0],"to":[11.0,16.0,8.0],"faces":{"up":{"uv":[0,0,16,16],"tintindex":268,"texture":"#0"}}},{"from":[10.0,16.0,6.0],"to":[11.0,16.0,7.0],"faces":{"up":{"uv":[0,0,16,16],"tintindex":269,"texture":"#0"}}},{"from":[10.0,16.0,5.0],"to":[11.0,16.0,6.0],"faces":{"up":{"uv":[0,0,16,16],"tintindex":270,"texture":"#0"}}},{"from":[10.0,16.0,4.0],"to":[11.0,16.0,5.0],"faces":{"up":{"uv":[0,0,16,16],"tintindex":271,"texture":"#0"}}},{"from":[9.0,16.0,11.0],"to":[10.0,16.0,12.0],"faces":{"up":{"uv":[0,0,16,16],"tintindex":272,"texture":"#0"}}},{"from":[9.0,16.0,10.0],"to":[10.0,16.0,11.0],"faces":{"up":{"uv":[0,0,16,16],"tintindex":273,"texture":"#0"}}},{"from":[9.0,16.0,9.0],"to":[10.0,16.0,10.0],"faces":{"up":{"uv":[0,0,16,16],"tintindex":274,"texture":"#0"}}},{"from":[9.0,16.0,8.0],"to":[10.0,16.0,9.0],"faces":{"up":{"uv":[0,0,16,16],"tintindex":275,"texture":"#0"}}},{"from":[9.0,16.0,7.0],"to":[10.0,16.0,8.0],"faces":{"up":{"uv":[0,0,16,16],"tintindex":276,"texture":"#0"}}},{"from":[9.0,16.0,6.0],"to":[10.0,16.0,7.0],"faces":{"up":{"uv":[0,0,16,16],"tintindex":277,"texture":"#0"}}},{"from":[9.0,16.0,5.0],"to":[10.0,16.0,6.0],"faces":{"up":{"uv":[0,0,16,16],"tintindex":278,"texture":"#0"}}},{"from":[9.0,16.0,4.0],"to":[10.0,16.0,5.0],"faces":{"up":{"uv":[0,0,16,16],"tintindex":279,"texture":"#0"}}},{"from":[8.0,16.0,11.0],"to":[9.0,16.0,12.0],"faces":{"up":{"uv":[0,0,16,16],"tintindex":280,"texture":"#0"}}},{"from":[8.0,16.0,10.0],"to":[9.0,16.0,11.0],"faces":{"up":{"uv":[0,0,16,16],"tintindex":281,"texture":"#0"}}},{"from":[8.0,16.0,9.0],"to":[9.0,16.0,10.0],"faces":{"up":{"uv":[0,0,16,16],"tintindex":282,"texture":"#0"}}},{"from":[8.0,16.0,8.0],"to":[9.0,16.0,9.0],"faces":{"up":{"uv":[0,0,16,16],"tintindex":283,"texture":"#0"}}},{"from":[8.0,16.0,7.0],"to":[9.0,16.0,8.0],"faces":{"up":{"uv":[0,0,16,16],"tintindex":284,"texture":"#0"}}},{"from":[8.0,16.0,6.0],"to":[9.0,16.0,7.0],"faces":{"up":{"uv":[0,0,16,16],"tintindex":285,"texture":"#0"}}},{"from":[8.0,16.0,5.0],"to":[9.0,16.0,6.0],"faces":{"up":{"uv":[0,0,16,16],"tintindex":286,"texture":"#0"}}},{"from":[8.0,16.0,4.0],"to":[9.0,16.0,5.0],"faces":{"up":{"uv":[0,0,16,16],"tintindex":287,"texture":"#0"}}},{"from":[7.0,16.0,11.0],"to":[8.0,16.0,12.0],"faces":{"up":{"uv":[0,0,16,16],"tintindex":288,"texture":"#0"}}},{"from":[7.0,16.0,10.0],"to":[8.0,16.0,11.0],"faces":{"up":{"uv":[0,0,16,16],"tintindex":289,"texture":"#0"}}},{"from":[7.0,16.0,9.0],"to":[8.0,16.0,10.0],"faces":{"up":{"uv":[0,0,16,16],"tintindex":290,"texture":"#0"}}},{"from":[7.0,16.0,8.0],"to":[8.0,16.0,9.0],"faces":{"up":{"uv":[0,0,16,16],"tintindex":291,"texture":"#0"}}},{"from":[7.0,16.0,7.0],"to":[8.0,16.0,8.0],"faces":{"up":{"uv":[0,0,16,16],"tintindex":292,"texture":"#0"}}},{"from":[7.0,16.0,6.0],"to":[8.0,16.0,7.0],"faces":{"up":{"uv":[0,0,16,16],"tintindex":293,"texture":"#0"}}},{"from":[7.0,16.0,5.0],"to":[8.0,16.0,6.0],"faces":{"up":{"uv":[0,0,16,16],"tintindex":294,"texture":"#0"}}},{"from":[7.0,16.0,4.0],"to":[8.0,16.0,5.0],"faces":{"up":{"uv":[0,0,16,16],"tintindex":295,"texture":"#0"}}},{"from":[6.0,16.0,11.0],"to":[7.0,16.0,12.0],"faces":{"up":{"uv":[0,0,16,16],"tintindex":296,"texture":"#0"}}},{"from":[6.0,16.0,10.0],"to":[7.0,16.0,11.0],"faces":{"up":{"uv":[0,0,16,16],"tintindex":297,"texture":"#0"}}},{"from":[6.0,16.0,9.0],"to":[7.0,16.0,10.0],"faces":{"up":{"uv":[0,0,16,16],"tintindex":298,"texture":"#0"}}},{"from":[6.0,16.0,8.0],"to":[7.0,16.0,9.0],"faces":{"up":{"uv":[0,0,16,16],"tintindex":299,"texture":"#0"}}},{"from":[6.0,16.0,7.0],"to":[7.0,16.0,8.0],"faces":{"up":{"uv":[0,0,16,16],"tintindex":300,"texture":"#0"}}},{"from":[6.0,16.0,6.0],"to":[7.0,16.0,7.0],"faces":{"up":{"uv":[0,0,16,16],"tintindex":301,"texture":"#0"}}},{"from":[6.0,16.0,5.0],"to":[7.0,16.0,6.0],"faces":{"up":{"uv":[0,0,16,16],"tintindex":302,"texture":"#0"}}},{"from":[6.0,16.0,4.0],"to":[7.0,16.0,5.0],"faces":{"up":{"uv":[0,0,16,16],"tintindex":303,"texture":"#0"}}},{"from":[5.0,16.0,11.0],"to":[6.0,16.0,12.0],"faces":{"up":{"uv":[0,0,16,16],"tintindex":304,"texture":"#0"}}},{"from":[5.0,16.0,10.0],"to":[6.0,16.0,11.0],"faces":{"up":{"uv":[0,0,16,16],"tintindex":305,"texture":"#0"}}},{"from":[5.0,16.0,9.0],"to":[6.0,16.0,10.0],"faces":{"up":{"uv":[0,0,16,16],"tintindex":306,"texture":"#0"}}},{"from":[5.0,16.0,8.0],"to":[6.0,16.0,9.0],"faces":{"up":{"uv":[0,0,16,16],"tintindex":307,"texture":"#0"}}},{"from":[5.0,16.0,7.0],"to":[6.0,16.0,8.0],"faces":{"up":{"uv":[0,0,16,16],"tintindex":308,"texture":"#0"}}},{"from":[5.0,16.0,6.0],"to":[6.0,16.0,7.0],"faces":{"up":{"uv":[0,0,16,16],"tintindex":309,"texture":"#0"}}},{"from":[5.0,16.0,5.0],"to":[6.0,16.0,6.0],"faces":{"up":{"uv":[0,0,16,16],"tintindex":310,"texture":"#0"}}},{"from":[5.0,16.0,4.0],"to":[6.0,16.0,5.0],"faces":{"up":{"uv":[0,0,16,16],"tintindex":311,"texture":"#0"}}},{"from":[4.0,16.0,11.0],"to":[5.0,16.0,12.0],"faces":{"up":{"uv":[0,0,16,16],"tintindex":312,"texture":"#0"}}},{"from":[4.0,16.0,10.0],"to":[5.0,16.0,11.0],"faces":{"up":{"uv":[0,0,16,16],"tintindex":313,"texture":"#0"}}},{"from":[4.0,16.0,9.0],"to":[5.0,16.0,10.0],"faces":{"up":{"uv":[0,0,16,16],"tintindex":314,"texture":"#0"}}},{"from":[4.0,16.0,8.0],"to":[5.0,16.0,9.0],"faces":{"up":{"uv":[0,0,16,16],"tintindex":315,"texture":"#0"}}},{"from":[4.0,16.0,7.0],"to":[5.0,16.0,8.0],"faces":{"up":{"uv":[0,0,16,16],"tintindex":316,"texture":"#0"}}},{"from":[4.0,16.0,6.0],"to":[5.0,16.0,7.0],"faces":{"up":{"uv":[0,0,16,16],"tintindex":317,"texture":"#0"}}},{"from":[4.0,16.0,5.0],"to":[5.0,16.0,6.0],"faces":{"up":{"uv":[0,0,16,16],"tintindex":318,"texture":"#0"}}},{"from":[4.0,16.0,4.0],"to":[5.0,16.0,5.0],"faces":{"up":{"uv":[0,0,16,16],"tintindex":319,"texture":"#0"}}},{"from":[11.0,8.0,11.0],"to":[12.0,8.0,12.0],"faces":{"down":{"uv":[0,0,16,16],"tintindex":320,"texture":"#0"}}},{"from":[11.0,8.0,10.0],"to":[12.0,8.0,11.0],"faces":{"down":{"uv":[0,0,16,16],"tintindex":321,"texture":"#0"}}},{"from":[11.0,8.0,9.0],"to":[12.0,8.0,10.0],"faces":{"down":{"uv":[0,0,16,16],"tintindex":322,"texture":"#0"}}},{"from":[11.0,8.0,8.0],"to":[12.0,8.0,9.0],"faces":{"down":{"uv":[0,0,16,16],"tintindex":323,"texture":"#0"}}},{"from":[11.0,8.0,7.0],"to":[12.0,8.0,8.0],"faces":{"down":{"uv":[0,0,16,16],"tintindex":324,"texture":"#0"}}},{"from":[11.0,8.0,6.0],"to":[12.0,8.0,7.0],"faces":{"down":{"uv":[0,0,16,16],"tintindex":325,"texture":"#0"}}},{"from":[11.0,8.0,5.0],"to":[12.0,8.0,6.0],"faces":{"down":{"uv":[0,0,16,16],"tintindex":326,"texture":"#0"}}},{"from":[11.0,8.0,4.0],"to":[12.0,8.0,5.0],"faces":{"down":{"uv":[0,0,16,16],"tintindex":327,"texture":"#0"}}},{"from":[10.0,8.0,11.0],"to":[11.0,8.0,12.0],"faces":{"down":{"uv":[0,0,16,16],"tintindex":328,"texture":"#0"}}},{"from":[10.0,8.0,10.0],"to":[11.0,8.0,11.0],"faces":{"down":{"uv":[0,0,16,16],"tintindex":329,"texture":"#0"}}},{"from":[10.0,8.0,9.0],"to":[11.0,8.0,10.0],"faces":{"down":{"uv":[0,0,16,16],"tintindex":330,"texture":"#0"}}},{"from":[10.0,8.0,8.0],"to":[11.0,8.0,9.0],"faces":{"down":{"uv":[0,0,16,16],"tintindex":331,"texture":"#0"}}},{"from":[10.0,8.0,7.0],"to":[11.0,8.0,8.0],"faces":{"down":{"uv":[0,0,16,16],"tintindex":332,"texture":"#0"}}},{"from":[10.0,8.0,6.0],"to":[11.0,8.0,7.0],"faces":{"down":{"uv":[0,0,16,16],"tintindex":333,"texture":"#0"}}},{"from":[10.0,8.0,5.0],"to":[11.0,8.0,6.0],"faces":{"down":{"uv":[0,0,16,16],"tintindex":334,"texture":"#0"}}},{"from":[10.0,8.0,4.0],"to":[11.0,8.0,5.0],"faces":{"down":{"uv":[0,0,16,16],"tintindex":335,"texture":"#0"}}},{"from":[9.0,8.0,11.0],"to":[10.0,8.0,12.0],"faces":{"down":{"uv":[0,0,16,16],"tintindex":336,"texture":"#0"}}},{"from":[9.0,8.0,10.0],"to":[10.0,8.0,11.0],"faces":{"down":{"uv":[0,0,16,16],"tintindex":337,"texture":"#0"}}},{"from":[9.0,8.0,9.0],"to":[10.0,8.0,10.0],"faces":{"down":{"uv":[0,0,16,16],"tintindex":338,"texture":"#0"}}},{"from":[9.0,8.0,8.0],"to":[10.0,8.0,9.0],"faces":{"down":{"uv":[0,0,16,16],"tintindex":339,"texture":"#0"}}},{"from":[9.0,8.0,7.0],"to":[10.0,8.0,8.0],"faces":{"down":{"uv":[0,0,16,16],"tintindex":340,"texture":"#0"}}},{"from":[9.0,8.0,6.0],"to":[10.0,8.0,7.0],"faces":{"down":{"uv":[0,0,16,16],"tintindex":341,"texture":"#0"}}},{"from":[9.0,8.0,5.0],"to":[10.0,8.0,6.0],"faces":{"down":{"uv":[0,0,16,16],"tintindex":342,"texture":"#0"}}},{"from":[9.0,8.0,4.0],"to":[10.0,8.0,5.0],"faces":{"down":{"uv":[0,0,16,16],"tintindex":343,"texture":"#0"}}},{"from":[8.0,8.0,11.0],"to":[9.0,8.0,12.0],"faces":{"down":{"uv":[0,0,16,16],"tintindex":344,"texture":"#0"}}},{"from":[8.0,8.0,10.0],"to":[9.0,8.0,11.0],"faces":{"down":{"uv":[0,0,16,16],"tintindex":345,"texture":"#0"}}},{"from":[8.0,8.0,9.0],"to":[9.0,8.0,10.0],"faces":{"down":{"uv":[0,0,16,16],"tintindex":346,"texture":"#0"}}},{"from":[8.0,8.0,8.0],"to":[9.0,8.0,9.0],"faces":{"down":{"uv":[0,0,16,16],"tintindex":347,"texture":"#0"}}},{"from":[8.0,8.0,7.0],"to":[9.0,8.0,8.0],"faces":{"down":{"uv":[0,0,16,16],"tintindex":348,"texture":"#0"}}},{"from":[8.0,8.0,6.0],"to":[9.0,8.0,7.0],"faces":{"down":{"uv":[0,0,16,16],"tintindex":349,"texture":"#0"}}},{"from":[8.0,8.0,5.0],"to":[9.0,8.0,6.0],"faces":{"down":{"uv":[0,0,16,16],"tintindex":350,"texture":"#0"}}},{"from":[8.0,8.0,4.0],"to":[9.0,8.0,5.0],"faces":{"down":{"uv":[0,0,16,16],"tintindex":351,"texture":"#0"}}},{"from":[7.0,8.0,11.0],"to":[8.0,8.0,12.0],"faces":{"down":{"uv":[0,0,16,16],"tintindex":352,"texture":"#0"}}},{"from":[7.0,8.0,10.0],"to":[8.0,8.0,11.0],"faces":{"down":{"uv":[0,0,16,16],"tintindex":353,"texture":"#0"}}},{"from":[7.0,8.0,9.0],"to":[8.0,8.0,10.0],"faces":{"down":{"uv":[0,0,16,16],"tintindex":354,"texture":"#0"}}},{"from":[7.0,8.0,8.0],"to":[8.0,8.0,9.0],"faces":{"down":{"uv":[0,0,16,16],"tintindex":355,"texture":"#0"}}},{"from":[7.0,8.0,7.0],"to":[8.0,8.0,8.0],"faces":{"down":{"uv":[0,0,16,16],"tintindex":356,"texture":"#0"}}},{"from":[7.0,8.0,6.0],"to":[8.0,8.0,7.0],"faces":{"down":{"uv":[0,0,16,16],"tintindex":357,"texture":"#0"}}},{"from":[7.0,8.0,5.0],"to":[8.0,8.0,6.0],"faces":{"down":{"uv":[0,0,16,16],"tintindex":358,"texture":"#0"}}},{"from":[7.0,8.0,4.0],"to":[8.0,8.0,5.0],"faces":{"down":{"uv":[0,0,16,16],"tintindex":359,"texture":"#0"}}},{"from":[6.0,8.0,11.0],"to":[7.0,8.0,12.0],"faces":{"down":{"uv":[0,0,16,16],"tintindex":360,"texture":"#0"}}},{"from":[6.0,8.0,10.0],"to":[7.0,8.0,11.0],"faces":{"down":{"uv":[0,0,16,16],"tintindex":361,"texture":"#0"}}},{"from":[6.0,8.0,9.0],"to":[7.0,8.0,10.0],"faces":{"down":{"uv":[0,0,16,16],"tintindex":362,"texture":"#0"}}},{"from":[6.0,8.0,8.0],"to":[7.0,8.0,9.0],"faces":{"down":{"uv":[0,0,16,16],"tintindex":363,"texture":"#0"}}},{"from":[6.0,8.0,7.0],"to":[7.0,8.0,8.0],"faces":{"down":{"uv":[0,0,16,16],"tintindex":364,"texture":"#0"}}},{"from":[6.0,8.0,6.0],"to":[7.0,8.0,7.0],"faces":{"down":{"uv":[0,0,16,16],"tintindex":365,"texture":"#0"}}},{"from":[6.0,8.0,5.0],"to":[7.0,8.0,6.0],"faces":{"down":{"uv":[0,0,16,16],"tintindex":366,"texture":"#0"}}},{"from":[6.0,8.0,4.0],"to":[7.0,8.0,5.0],"faces":{"down":{"uv":[0,0,16,16],"tintindex":367,"texture":"#0"}}},{"from":[5.0,8.0,11.0],"to":[6.0,8.0,12.0],"faces":{"down":{"uv":[0,0,16,16],"tintindex":368,"texture":"#0"}}},{"from":[5.0,8.0,10.0],"to":[6.0,8.0,11.0],"faces":{"down":{"uv":[0,0,16,16],"tintindex":369,"texture":"#0"}}},{"from":[5.0,8.0,9.0],"to":[6.0,8.0,10.0],"faces":{"down":{"uv":[0,0,16,16],"tintindex":370,"texture":"#0"}}},{"from":[5.0,8.0,8.0],"to":[6.0,8.0,9.0],"faces":{"down":{"uv":[0,0,16,16],"tintindex":371,"texture":"#0"}}},{"from":[5.0,8.0,7.0],"to":[6.0,8.0,8.0],"faces":{"down":{"uv":[0,0,16,16],"tintindex":372,"texture":"#0"}}},{"from":[5.0,8.0,6.0],"to":[6.0,8.0,7.0],"faces":{"down":{"uv":[0,0,16,16],"tintindex":373,"texture":"#0"}}},{"from":[5.0,8.0,5.0],"to":[6.0,8.0,6.0],"faces":{"down":{"uv":[0,0,16,16],"tintindex":374,"texture":"#0"}}},{"from":[5.0,8.0,4.0],"to":[6.0,8.0,5.0],"faces":{"down":{"uv":[0,0,16,16],"tintindex":375,"texture":"#0"}}},{"from":[4.0,8.0,11.0],"to":[5.0,8.0,12.0],"faces":{"down":{"uv":[0,0,16,16],"tintindex":376,"texture":"#0"}}},{"from":[4.0,8.0,10.0],"to":[5.0,8.0,11.0],"faces":{"down":{"uv":[0,0,16,16],"tintindex":377,"texture":"#0"}}},{"from":[4.0,8.0,9.0],"to":[5.0,8.0,10.0],"faces":{"down":{"uv":[0,0,16,16],"tintindex":378,"texture":"#0"}}},{"from":[4.0,8.0,8.0],"to":[5.0,8.0,9.0],"faces":{"down":{"uv":[0,0,16,16],"tintindex":379,"texture":"#0"}}},{"from":[4.0,8.0,7.0],"to":[5.0,8.0,8.0],"faces":{"down":{"uv":[0,0,16,16],"tintindex":380,"texture":"#0"}}},{"from":[4.0,8.0,6.0],"to":[5.0,8.0,7.0],"faces":{"down":{"uv":[0,0,16,16],"tintindex":381,"texture":"#0"}}},{"from":[4.0,8.0,5.0],"to":[5.0,8.0,6.0],"faces":{"down":{"uv":[0,0,16,16],"tintindex":382,"texture":"#0"}}},{"from":[4.0,8.0,4.0],"to":[5.0,8.0,5.0],"faces":{"down":{"uv":[0,0,16,16],"tintindex":383,"texture":"#0"}}}]}