{"textures":{"0":"modelengine:entity/basejojo","particle":"#0"},"elements":[{"from":[0.15626669,4.013853,6.5],"to":[8.156267,10.713854,11.0],"faces":{"east":{"uv":[4.5,1.25,5.75,3.0],"tintindex":0,"rotation":0,"texture":"#0"},"south":{"uv":[2.5,1.75,4.5,3.5],"tintindex":0,"rotation":0,"texture":"#0"},"north":{"uv":[2.5,0.0,4.5,1.75],"tintindex":0,"rotation":0,"texture":"#0"},"west":{"uv":[2.0,4.75,3.25,6.5],"tintindex":0,"rotation":0,"texture":"#0"},"up":{"uv":[2.0,5.5,0.0,4.25],"tintindex":0,"rotation":0,"texture":"#0"},"down":{"uv":[6.5,0.0,4.5,1.25],"tintindex":0,"rotation":0,"texture":"#0"}}}],"display":{"head":{"rotation":[0.0,0.0,-10.0]},"firstperson_righthand":{"rotation":[0.0,0.0,-10.0]},"thirdperson_lefthand":{"rotation":[0.0,-0.0,10.0]},"firstperson_lefthand":{"rotation":[0.0,-0.0,10.0]},"fixed":{"rotation":[0.0,0.0,-10.0]},"ground":{"rotation":[0.0,0.0,-10.0]},"thirdperson_righthand":{"rotation":[0.0,0.0,-10.0]},"gui":{"rotation":[-150.0,-45.0,170.0]}}}