{"textures":{"0":"modelengine:entity/basebody","particle":"#0"},"elements":[{"from":[0.10623598,3.7975001,5.3],"to":[7.106237,11.8975,12.2],"faces":{"east":{"uv":[0.0,4.0,1.75,6.0],"tintindex":0,"rotation":0,"texture":"#0"},"south":{"uv":[4.25,3.5,6.0,5.5],"tintindex":0,"rotation":0,"texture":"#0"},"north":{"uv":[2.5,3.5,4.25,5.5],"tintindex":0,"rotation":0,"texture":"#0"},"west":{"uv":[5.0,0.0,6.75,2.0],"tintindex":0,"rotation":0,"texture":"#0"},"up":{"uv":[7.0,9.0,5.25,7.25],"tintindex":0,"rotation":0,"texture":"#0"},"down":{"uv":[8.75,7.25,7.0,9.0],"tintindex":0,"rotation":0,"texture":"#0"}}}],"display":{"head":{"rotation":[0.0,0.0,-20.0]},"firstperson_righthand":{"rotation":[0.0,0.0,-20.0]},"thirdperson_lefthand":{"rotation":[0.0,-0.0,20.0]},"firstperson_lefthand":{"rotation":[0.0,-0.0,20.0]},"fixed":{"rotation":[0.0,0.0,-20.0]},"ground":{"rotation":[0.0,0.0,-20.0]},"thirdperson_righthand":{"rotation":[0.0,0.0,-20.0]},"gui":{"rotation":[-150.0,-45.0,160.0]}}}