{"textures":{"0":"modelengine:entity/ears","particle":"#0"},"elements":[{"from":[7.7892823,6.781723,7.1944394],"to":[8.289283,7.281722,8.69444],"faces":{"east":{"uv":[6.0,7.0,8.0,8.0],"tintindex":0,"rotation":0,"texture":"#0"},"south":{"uv":[11.0,12.0,12.0,13.0],"tintindex":0,"rotation":0,"texture":"#0"},"north":{"uv":[12.0,10.0,13.0,11.0],"tintindex":0,"rotation":0,"texture":"#0"},"west":{"uv":[7.0,6.0,9.0,7.0],"tintindex":0,"rotation":0,"texture":"#0"},"up":{"uv":[1.0,10.0,0.0,8.0],"tintindex":0,"rotation":0,"texture":"#0"},"down":{"uv":[9.0,0.0,8.0,2.0],"tintindex":0,"rotation":0,"texture":"#0"}}},{"from":[8.763301,8.051088,7.1944394],"to":[9.263301,8.551088,8.69444],"faces":{"east":{"uv":[6.0,5.0,8.0,6.0],"tintindex":0,"rotation":0,"texture":"#0"},"south":{"uv":[10.0,12.0,11.0,13.0],"tintindex":0,"rotation":0,"texture":"#0"},"north":{"uv":[12.0,9.0,13.0,10.0],"tintindex":0,"rotation":0,"texture":"#0"},"west":{"uv":[2.0,7.0,4.0,8.0],"tintindex":0,"rotation":0,"texture":"#0"},"up":{"uv":[5.0,9.0,4.0,7.0],"tintindex":0,"rotation":0,"texture":"#0"},"down":{"uv":[6.0,7.0,5.0,9.0],"tintindex":0,"rotation":0,"texture":"#0"}}}],"display":{"head":{"rotation":[-0.0,0.0,37.5]},"firstperson_righthand":{"rotation":[-0.0,0.0,37.5]},"thirdperson_lefthand":{"rotation":[-0.0,-0.0,-37.5]},"firstperson_lefthand":{"rotation":[-0.0,-0.0,-37.5]},"fixed":{"rotation":[-0.0,0.0,37.5]},"ground":{"rotation":[-0.0,0.0,37.5]},"thirdperson_righthand":{"rotation":[-0.0,0.0,37.5]},"gui":{"rotation":[-150.0,-45.0,-142.5]}}}