{"textures":{"0":"modelengine:entity/ears","particle":"#0"},"elements":[{"from":[6.805242,7.2327147,7.1944394],"to":[7.405242,8.732715,8.69444],"faces":{"east":{"uv":[0.0,0.0,2.0,2.0],"tintindex":0,"rotation":0,"texture":"#0"},"south":{"uv":[8.0,2.0,9.0,4.0],"tintindex":0,"rotation":0,"texture":"#0"},"north":{"uv":[2.0,8.0,3.0,10.0],"tintindex":0,"rotation":0,"texture":"#0"},"west":{"uv":[0.0,2.0,2.0,4.0],"tintindex":0,"rotation":0,"texture":"#0"},"up":{"uv":[4.0,10.0,3.0,8.0],"tintindex":0,"rotation":0,"texture":"#0"},"down":{"uv":[9.0,4.0,8.0,6.0],"tintindex":0,"rotation":0,"texture":"#0"}}}],"display":{"head":{"rotation":[0.0,0.0,-28.0]},"firstperson_righthand":{"rotation":[0.0,0.0,-28.0]},"thirdperson_lefthand":{"rotation":[0.0,-0.0,28.0]},"firstperson_lefthand":{"rotation":[0.0,-0.0,28.0]},"fixed":{"rotation":[0.0,0.0,-28.0]},"ground":{"rotation":[0.0,0.0,-28.0]},"thirdperson_righthand":{"rotation":[0.0,0.0,-28.0]},"gui":{"rotation":[-150.0,-45.0,152.0]}}}