{"model":{"type":"range_dispatch","property":"custom_model_data","fallback":{"type":"minecraft:model","model":"minecraft:item/leather_horse_armor"},"entries":[{"threshold":1,"model":{"type":"minecraft:model","model":"bettermodel:modern_item/colquida_waist_1","tints":[{"type":"minecraft:custom_model_data","default":16777215}]}},{"threshold":2,"model":{"type":"minecraft:composite","models":[{"type":"minecraft:model","model":"bettermodel:modern_item/colquida_rightfoot_1","tints":[{"type":"minecraft:custom_model_data","default":16777215}]},{"type":"minecraft:model","model":"bettermodel:modern_item/colquida_rightfoot_2","tints":[{"type":"minecraft:custom_model_data","default":16777215}]},{"type":"minecraft:model","model":"bettermodel:modern_item/colquida_rightfoot_3","tints":[{"type":"minecraft:custom_model_data","default":16777215}]}]}},{"threshold":3,"model":{"type":"minecraft:model","model":"bettermodel:modern_item/colquida_rightknee_1","tints":[{"type":"minecraft:custom_model_data","default":16777215}]}},{"threshold":4,"model":{"type":"minecraft:model","model":"bettermodel:modern_item/colquida_footr_1","tints":[{"type":"minecraft:custom_model_data","default":16777215}]}},{"threshold":5,"model":{"type":"minecraft:composite","models":[{"type":"minecraft:model","model":"bettermodel:modern_item/colquida_leftfoot_1","tints":[{"type":"minecraft:custom_model_data","default":16777215}]},{"type":"minecraft:model","model":"bettermodel:modern_item/colquida_leftfoot_2","tints":[{"type":"minecraft:custom_model_data","default":16777215}]},{"type":"minecraft:model","model":"bettermodel:modern_item/colquida_leftfoot_3","tints":[{"type":"minecraft:custom_model_data","default":16777215}]}]}},{"threshold":6,"model":{"type":"minecraft:model","model":"bettermodel:modern_item/colquida_leftknee_1","tints":[{"type":"minecraft:custom_model_data","default":16777215}]}},{"threshold":7,"model":{"type":"minecraft:model","model":"bettermodel:modern_item/colquida_footl_1","tints":[{"type":"minecraft:custom_model_data","default":16777215}]}},{"threshold":8,"model":{"type":"minecraft:model","model":"bettermodel:modern_item/colquida_belly_1","tints":[{"type":"minecraft:custom_model_data","default":16777215}]}},{"threshold":9,"model":{"type":"minecraft:model","model":"bettermodel:modern_item/colquida_head_1","tints":[{"type":"minecraft:custom_model_data","default":16777215}]}},{"threshold":10,"model":{"type":"minecraft:model","model":"bettermodel:modern_item/colquida_r_1","tints":[{"type":"minecraft:custom_model_data","default":16777215}]}},{"threshold":11,"model":{"type":"minecraft:model","model":"bettermodel:modern_item/colquida_l_1","tints":[{"type":"minecraft:custom_model_data","default":16777215}]}},{"threshold":12,"model":{"type":"minecraft:composite","models":[{"type":"minecraft:model","model":"bettermodel:modern_item/colquida_rthoot_1","tints":[{"type":"minecraft:custom_model_data","default":16777215}]},{"type":"minecraft:model","model":"bettermodel:modern_item/colquida_rthoot_2","tints":[{"type":"minecraft:custom_model_data","default":16777215}]}]}},{"threshold":13,"model":{"type":"minecraft:composite","models":[{"type":"minecraft:model","model":"bettermodel:modern_item/colquida_lthoot_1","tints":[{"type":"minecraft:custom_model_data","default":16777215}]},{"type":"minecraft:model","model":"bettermodel:modern_item/colquida_lthoot_2","tints":[{"type":"minecraft:custom_model_data","default":16777215}]}]}},{"threshold":14,"model":{"type":"minecraft:model","model":"bettermodel:modern_item/colquida_nose_1","tints":[{"type":"minecraft:custom_model_data","default":16777215}]}},{"threshold":15,"model":{"type":"minecraft:model","model":"bettermodel:modern_item/colquida_rightarm_1","tints":[{"type":"minecraft:custom_model_data","default":16777215}]}},{"threshold":16,"model":{"type":"minecraft:model","model":"bettermodel:modern_item/colquida_rightelbow_1","tints":[{"type":"minecraft:custom_model_data","default":16777215}]}},{"threshold":17,"model":{"type":"minecraft:model","model":"bettermodel:modern_item/colquida_rhand_1","tints":[{"type":"minecraft:custom_model_data","default":16777215}]}},{"threshold":18,"model":{"type":"minecraft:model","model":"bettermodel:modern_item/colquida_rfingers_1","tints":[{"type":"minecraft:custom_model_data","default":16777215}]}},{"threshold":19,"model":{"type":"minecraft:model","model":"bettermodel:modern_item/colquida_rfingerjoint_1","tints":[{"type":"minecraft:custom_model_data","default":16777215}]}},{"threshold":20,"model":{"type":"minecraft:model","model":"bettermodel:modern_item/colquida_rthumb_1","tints":[{"type":"minecraft:custom_model_data","default":16777215}]}},{"threshold":21,"model":{"type":"minecraft:model","model":"bettermodel:modern_item/colquida_rtumbjoint_1","tints":[{"type":"minecraft:custom_model_data","default":16777215}]}},{"threshold":22,"model":{"type":"minecraft:model","model":"bettermodel:modern_item/colquida_leftarm_1","tints":[{"type":"minecraft:custom_model_data","default":16777215}]}},{"threshold":23,"model":{"type":"minecraft:model","model":"bettermodel:modern_item/colquida_leftelbow_1","tints":[{"type":"minecraft:custom_model_data","default":16777215}]}},{"threshold":24,"model":{"type":"minecraft:model","model":"bettermodel:modern_item/colquida_lhand_1","tints":[{"type":"minecraft:custom_model_data","default":16777215}]}},{"threshold":25,"model":{"type":"minecraft:model","model":"bettermodel:modern_item/colquida_lfingers_1","tints":[{"type":"minecraft:custom_model_data","default":16777215}]}},{"threshold":26,"model":{"type":"minecraft:model","model":"bettermodel:modern_item/colquida_lfingerjoint_1","tints":[{"type":"minecraft:custom_model_data","default":16777215}]}},{"threshold":27,"model":{"type":"minecraft:model","model":"bettermodel:modern_item/colquida_lthumb_1","tints":[{"type":"minecraft:custom_model_data","default":16777215}]}},{"threshold":28,"model":{"type":"minecraft:model","model":"bettermodel:modern_item/colquida_lthumbjoin_1","tints":[{"type":"minecraft:custom_model_data","default":16777215}]}},{"threshold":29,"model":{"type":"minecraft:model","model":"bettermodel:modern_item/colquida_left_1","tints":[{"type":"minecraft:custom_model_data","default":16777215}]}},{"threshold":30,"model":{"type":"minecraft:model","model":"bettermodel:modern_item/mapacho_legfr_1","tints":[{"type":"minecraft:custom_model_data","default":16777215}]}},{"threshold":31,"model":{"type":"minecraft:model","model":"bettermodel:modern_item/mapacho_legfl_1","tints":[{"type":"minecraft:custom_model_data","default":16777215}]}},{"threshold":32,"model":{"type":"minecraft:model","model":"bettermodel:modern_item/mapacho_legbr_1","tints":[{"type":"minecraft:custom_model_data","default":16777215}]}},{"threshold":33,"model":{"type":"minecraft:model","model":"bettermodel:modern_item/mapacho_legbl_1","tints":[{"type":"minecraft:custom_model_data","default":16777215}]}},{"threshold":34,"model":{"type":"minecraft:model","model":"bettermodel:modern_item/mapacho_body_1","tints":[{"type":"minecraft:custom_model_data","default":16777215}]}},{"threshold":35,"model":{"type":"minecraft:model","model":"bettermodel:modern_item/mapacho_tail_1","tints":[{"type":"minecraft:custom_model_data","default":16777215}]}},{"threshold":36,"model":{"type":"minecraft:model","model":"bettermodel:modern_item/mapacho_tailbone_1","tints":[{"type":"minecraft:custom_model_data","default":16777215}]}},{"threshold":37,"model":{"type":"minecraft:composite","models":[{"type":"minecraft:model","model":"bettermodel:modern_item/mapacho_earr_1","tints":[{"type":"minecraft:custom_model_data","default":16777215}]},{"type":"minecraft:model","model":"bettermodel:modern_item/mapacho_earr_2","tints":[{"type":"minecraft:custom_model_data","default":16777215}]},{"type":"minecraft:model","model":"bettermodel:modern_item/mapacho_earr_3","tints":[{"type":"minecraft:custom_model_data","default":16777215}]}]}},{"threshold":38,"model":{"type":"minecraft:composite","models":[{"type":"minecraft:model","model":"bettermodel:modern_item/mapacho_earl_1","tints":[{"type":"minecraft:custom_model_data","default":16777215}]},{"type":"minecraft:model","model":"bettermodel:modern_item/mapacho_earl_2","tints":[{"type":"minecraft:custom_model_data","default":16777215}]},{"type":"minecraft:model","model":"bettermodel:modern_item/mapacho_earl_3","tints":[{"type":"minecraft:custom_model_data","default":16777215}]}]}},{"threshold":39,"model":{"type":"minecraft:model","model":"bettermodel:modern_item/mapacho_nose_1","tints":[{"type":"minecraft:custom_model_data","default":16777215}]}},{"threshold":40,"model":{"type":"minecraft:composite","models":[{"type":"minecraft:model","model":"bettermodel:modern_item/mapacho_mainhead_1","tints":[{"type":"minecraft:custom_model_data","default":16777215}]},{"type":"minecraft:model","model":"bettermodel:modern_item/mapacho_mainhead_2","tints":[{"type":"minecraft:custom_model_data","default":16777215}]},{"type":"minecraft:model","model":"bettermodel:modern_item/mapacho_mainhead_3","tints":[{"type":"minecraft:custom_model_data","default":16777215}]},{"type":"minecraft:model","model":"bettermodel:modern_item/mapacho_mainhead_4","tints":[{"type":"minecraft:custom_model_data","default":16777215}]},{"type":"minecraft:model","model":"bettermodel:modern_item/mapacho_mainhead_5","tints":[{"type":"minecraft:custom_model_data","default":16777215}]}]}},{"threshold":41,"model":{"type":"minecraft:model","model":"bettermodel:modern_item/minero_root_1","tints":[{"type":"minecraft:custom_model_data","default":16777215}]}},{"threshold":42,"model":{"type":"minecraft:model","model":"bettermodel:modern_item/minero_r_1","tints":[{"type":"minecraft:custom_model_data","default":16777215}]}},{"threshold":43,"model":{"type":"minecraft:model","model":"bettermodel:modern_item/minero_l_1","tints":[{"type":"minecraft:custom_model_data","default":16777215}]}},{"threshold":44,"model":{"type":"minecraft:model","model":"bettermodel:modern_item/minero_head_1","tints":[{"type":"minecraft:custom_model_data","default":16777215}]}},{"threshold":45,"model":{"type":"minecraft:model","model":"bettermodel:modern_item/minero_belly_1","tints":[{"type":"minecraft:custom_model_data","default":16777215}]}},{"threshold":46,"model":{"type":"minecraft:model","model":"bettermodel:modern_item/minero_ra_1","tints":[{"type":"minecraft:custom_model_data","default":16777215}]}},{"threshold":47,"model":{"type":"minecraft:model","model":"bettermodel:modern_item/minero_la_1","tints":[{"type":"minecraft:custom_model_data","default":16777215}]}},{"threshold":48,"model":{"type":"minecraft:model","model":"bettermodel:modern_item/minero_backpack_1","tints":[{"type":"minecraft:custom_model_data","default":16777215}]}},{"threshold":49,"model":{"type":"minecraft:composite","models":[{"type":"minecraft:model","model":"bettermodel:modern_item/sakura_body_1","tints":[{"type":"minecraft:custom_model_data","default":16777215}]},{"type":"minecraft:model","model":"bettermodel:modern_item/sakura_body_2","tints":[{"type":"minecraft:custom_model_data","default":16777215}]}]}},{"threshold":50,"model":{"type":"minecraft:model","model":"bettermodel:modern_item/sakura_butt_1","tints":[{"type":"minecraft:custom_model_data","default":16777215}]}},{"threshold":51,"model":{"type":"minecraft:model","model":"bettermodel:modern_item/sakura_tail_1","tints":[{"type":"minecraft:custom_model_data","default":16777215}]}},{"threshold":52,"model":{"type":"minecraft:model","model":"bettermodel:modern_item/sakura_tailjoint_1","tints":[{"type":"minecraft:custom_model_data","default":16777215}]}},{"threshold":53,"model":{"type":"minecraft:model","model":"bettermodel:modern_item/sakura_neck_1","tints":[{"type":"minecraft:custom_model_data","default":16777215}]}},{"threshold":54,"model":{"type":"minecraft:model","model":"bettermodel:modern_item/sakura_head_1","tints":[{"type":"minecraft:custom_model_data","default":16777215}]}},{"threshold":55,"model":{"type":"minecraft:model","model":"bettermodel:modern_item/sakura_nose_1","tints":[{"type":"minecraft:custom_model_data","default":16777215}]}},{"threshold":56,"model":{"type":"minecraft:model","model":"bettermodel:modern_item/sakura_ear1_1","tints":[{"type":"minecraft:custom_model_data","default":16777215}]}},{"threshold":57,"model":{"type":"minecraft:model","model":"bettermodel:modern_item/sakura_ear2_1","tints":[{"type":"minecraft:custom_model_data","default":16777215}]}},{"threshold":58,"model":{"type":"minecraft:model","model":"bettermodel:modern_item/sakura_leg1_1","tints":[{"type":"minecraft:custom_model_data","default":16777215}]}},{"threshold":59,"model":{"type":"minecraft:model","model":"bettermodel:modern_item/sakura_leg2_1","tints":[{"type":"minecraft:custom_model_data","default":16777215}]}},{"threshold":60,"model":{"type":"minecraft:model","model":"bettermodel:modern_item/sakura_leg3_1","tints":[{"type":"minecraft:custom_model_data","default":16777215}]}},{"threshold":61,"model":{"type":"minecraft:model","model":"bettermodel:modern_item/sakura_leg4_1","tints":[{"type":"minecraft:custom_model_data","default":16777215}]}},{"threshold":62,"model":{"type":"minecraft:composite","models":[{"type":"minecraft:model","model":"bettermodel:modern_item/yoyo_body_1","tints":[{"type":"minecraft:custom_model_data","default":16777215}]},{"type":"minecraft:model","model":"bettermodel:modern_item/yoyo_body_2","tints":[{"type":"minecraft:custom_model_data","default":16777215}]}]}},{"threshold":63,"model":{"type":"minecraft:model","model":"bettermodel:modern_item/yoyo_butt_1","tints":[{"type":"minecraft:custom_model_data","default":16777215}]}},{"threshold":64,"model":{"type":"minecraft:model","model":"bettermodel:modern_item/yoyo_tail_1","tints":[{"type":"minecraft:custom_model_data","default":16777215}]}},{"threshold":65,"model":{"type":"minecraft:model","model":"bettermodel:modern_item/yoyo_tailjoint_1","tints":[{"type":"minecraft:custom_model_data","default":16777215}]}},{"threshold":66,"model":{"type":"minecraft:model","model":"bettermodel:modern_item/yoyo_neck_1","tints":[{"type":"minecraft:custom_model_data","default":16777215}]}},{"threshold":67,"model":{"type":"minecraft:model","model":"bettermodel:modern_item/yoyo_head_1","tints":[{"type":"minecraft:custom_model_data","default":16777215}]}},{"threshold":68,"model":{"type":"minecraft:model","model":"bettermodel:modern_item/yoyo_nose_1","tints":[{"type":"minecraft:custom_model_data","default":16777215}]}},{"threshold":69,"model":{"type":"minecraft:model","model":"bettermodel:modern_item/yoyo_ear1_1","tints":[{"type":"minecraft:custom_model_data","default":16777215}]}},{"threshold":70,"model":{"type":"minecraft:model","model":"bettermodel:modern_item/yoyo_ear2_1","tints":[{"type":"minecraft:custom_model_data","default":16777215}]}},{"threshold":71,"model":{"type":"minecraft:model","model":"bettermodel:modern_item/yoyo_leg1_1","tints":[{"type":"minecraft:custom_model_data","default":16777215}]}},{"threshold":72,"model":{"type":"minecraft:model","model":"bettermodel:modern_item/yoyo_leg2_1","tints":[{"type":"minecraft:custom_model_data","default":16777215}]}},{"threshold":73,"model":{"type":"minecraft:model","model":"bettermodel:modern_item/yoyo_leg3_1","tints":[{"type":"minecraft:custom_model_data","default":16777215}]}},{"threshold":74,"model":{"type":"minecraft:model","model":"bettermodel:modern_item/yoyo_leg4_1","tints":[{"type":"minecraft:custom_model_data","default":16777215}]}},{"threshold":75,"model":{"type":"minecraft:model","model":"bettermodel:modern_item/graywolf_torso_1","tints":[{"type":"minecraft:custom_model_data","default":16777215}]}},{"threshold":76,"model":{"type":"minecraft:model","model":"bettermodel:modern_item/graywolf_leftleg_1","tints":[{"type":"minecraft:custom_model_data","default":16777215}]}},{"threshold":77,"model":{"type":"minecraft:model","model":"bettermodel:modern_item/graywolf_leftleg_low_1","tints":[{"type":"minecraft:custom_model_data","default":16777215}]}},{"threshold":78,"model":{"type":"minecraft:model","model":"bettermodel:modern_item/graywolf_rightleg_1","tints":[{"type":"minecraft:custom_model_data","default":16777215}]}},{"threshold":79,"model":{"type":"minecraft:model","model":"bettermodel:modern_item/graywolf_rightleg_low_1","tints":[{"type":"minecraft:custom_model_data","default":16777215}]}},{"threshold":80,"model":{"type":"minecraft:model","model":"bettermodel:modern_item/graywolf_leftarm_1","tints":[{"type":"minecraft:custom_model_data","default":16777215}]}},{"threshold":81,"model":{"type":"minecraft:model","model":"bettermodel:modern_item/graywolf_leftarm_low_1","tints":[{"type":"minecraft:custom_model_data","default":16777215}]}},{"threshold":82,"model":{"type":"minecraft:model","model":"bettermodel:modern_item/graywolf_rightarm_1","tints":[{"type":"minecraft:custom_model_data","default":16777215}]}},{"threshold":83,"model":{"type":"minecraft:model","model":"bettermodel:modern_item/graywolf_rightarm_low_1","tints":[{"type":"minecraft:custom_model_data","default":16777215}]}},{"threshold":84,"model":{"type":"minecraft:model","model":"bettermodel:modern_item/graywolf_tail_1","tints":[{"type":"minecraft:custom_model_data","default":16777215}]}},{"threshold":85,"model":{"type":"minecraft:model","model":"bettermodel:modern_item/graywolf_head_1","tints":[{"type":"minecraft:custom_model_data","default":16777215}]}},{"threshold":86,"model":{"type":"minecraft:model","model":"bettermodel:modern_item/graywolf_yaw_1","tints":[{"type":"minecraft:custom_model_data","default":16777215}]}},{"threshold":87,"model":{"type":"minecraft:model","model":"bettermodel:modern_item/king_body_1","tints":[{"type":"minecraft:custom_model_data","default":16777215}]}},{"threshold":88,"model":{"type":"minecraft:model","model":"bettermodel:modern_item/king_left_1","tints":[{"type":"minecraft:custom_model_data","default":16777215}]}},{"threshold":89,"model":{"type":"minecraft:model","model":"bettermodel:modern_item/king_right_1","tints":[{"type":"minecraft:custom_model_data","default":16777215}]}},{"threshold":90,"model":{"type":"minecraft:model","model":"bettermodel:modern_item/king_left2_1","tints":[{"type":"minecraft:custom_model_data","default":16777215}]}},{"threshold":91,"model":{"type":"minecraft:model","model":"bettermodel:modern_item/king_right2_1","tints":[{"type":"minecraft:custom_model_data","default":16777215}]}},{"threshold":92,"model":{"type":"minecraft:model","model":"bettermodel:modern_item/king_head_1","tints":[{"type":"minecraft:custom_model_data","default":16777215}]}},{"threshold":93,"model":{"type":"minecraft:model","model":"bettermodel:modern_item/king_crown_1","tints":[{"type":"minecraft:custom_model_data","default":16777215}]}},{"threshold":94,"model":{"type":"minecraft:composite","models":[{"type":"minecraft:model","model":"bettermodel:modern_item/king_beard_1","tints":[{"type":"minecraft:custom_model_data","default":16777215}]},{"type":"minecraft:model","model":"bettermodel:modern_item/king_beard_2","tints":[{"type":"minecraft:custom_model_data","default":16777215}]},{"type":"minecraft:model","model":"bettermodel:modern_item/king_beard_3","tints":[{"type":"minecraft:custom_model_data","default":16777215}]},{"type":"minecraft:model","model":"bettermodel:modern_item/king_beard_4","tints":[{"type":"minecraft:custom_model_data","default":16777215}]},{"type":"minecraft:model","model":"bettermodel:modern_item/king_beard_5","tints":[{"type":"minecraft:custom_model_data","default":16777215}]},{"type":"minecraft:model","model":"bettermodel:modern_item/king_beard_6","tints":[{"type":"minecraft:custom_model_data","default":16777215}]},{"type":"minecraft:model","model":"bettermodel:modern_item/king_beard_7","tints":[{"type":"minecraft:custom_model_data","default":16777215}]}]}},{"threshold":95,"model":{"type":"minecraft:composite","models":[{"type":"minecraft:model","model":"bettermodel:modern_item/king_hair_1","tints":[{"type":"minecraft:custom_model_data","default":16777215}]},{"type":"minecraft:model","model":"bettermodel:modern_item/king_hair_2","tints":[{"type":"minecraft:custom_model_data","default":16777215}]},{"type":"minecraft:model","model":"bettermodel:modern_item/king_hair_3","tints":[{"type":"minecraft:custom_model_data","default":16777215}]},{"type":"minecraft:model","model":"bettermodel:modern_item/king_hair_4","tints":[{"type":"minecraft:custom_model_data","default":16777215}]},{"type":"minecraft:model","model":"bettermodel:modern_item/king_hair_5","tints":[{"type":"minecraft:custom_model_data","default":16777215}]},{"type":"minecraft:model","model":"bettermodel:modern_item/king_hair_6","tints":[{"type":"minecraft:custom_model_data","default":16777215}]},{"type":"minecraft:model","model":"bettermodel:modern_item/king_hair_7","tints":[{"type":"minecraft:custom_model_data","default":16777215}]},{"type":"minecraft:model","model":"bettermodel:modern_item/king_hair_8","tints":[{"type":"minecraft:custom_model_data","default":16777215}]},{"type":"minecraft:model","model":"bettermodel:modern_item/king_hair_9","tints":[{"type":"minecraft:custom_model_data","default":16777215}]},{"type":"minecraft:model","model":"bettermodel:modern_item/king_hair_10","tints":[{"type":"minecraft:custom_model_data","default":16777215}]}]}},{"threshold":96,"model":{"type":"minecraft:model","model":"bettermodel:modern_item/mossgolem_belly_1","tints":[{"type":"minecraft:custom_model_data","default":16777215}]}},{"threshold":97,"model":{"type":"minecraft:model","model":"bettermodel:modern_item/mossgolem_back_1","tints":[{"type":"minecraft:custom_model_data","default":16777215}]}},{"threshold":98,"model":{"type":"minecraft:model","model":"bettermodel:modern_item/mossgolem_head_1","tints":[{"type":"minecraft:custom_model_data","default":16777215}]}},{"threshold":99,"model":{"type":"minecraft:composite","models":[{"type":"minecraft:model","model":"bettermodel:modern_item/mossgolem_glasses_1","tints":[{"type":"minecraft:custom_model_data","default":16777215}]},{"type":"minecraft:model","model":"bettermodel:modern_item/mossgolem_glasses_2","tints":[{"type":"minecraft:custom_model_data","default":16777215}]},{"type":"minecraft:model","model":"bettermodel:modern_item/mossgolem_glasses_3","tints":[{"type":"minecraft:custom_model_data","default":16777215}]},{"type":"minecraft:model","model":"bettermodel:modern_item/mossgolem_glasses_4","tints":[{"type":"minecraft:custom_model_data","default":16777215}]},{"type":"minecraft:model","model":"bettermodel:modern_item/mossgolem_glasses_5","tints":[{"type":"minecraft:custom_model_data","default":16777215}]}]}},{"threshold":100,"model":{"type":"minecraft:model","model":"bettermodel:modern_item/mossgolem_r_1","tints":[{"type":"minecraft:custom_model_data","default":16777215}]}},{"threshold":101,"model":{"type":"minecraft:model","model":"bettermodel:modern_item/mossgolem_l_1","tints":[{"type":"minecraft:custom_model_data","default":16777215}]}},{"threshold":102,"model":{"type":"minecraft:model","model":"bettermodel:modern_item/mossgolem_shoulder2_1","tints":[{"type":"minecraft:custom_model_data","default":16777215}]}},{"threshold":103,"model":{"type":"minecraft:model","model":"bettermodel:modern_item/mossgolem_bicep2_1","tints":[{"type":"minecraft:custom_model_data","default":16777215}]}},{"threshold":104,"model":{"type":"minecraft:model","model":"bettermodel:modern_item/mossgolem_jointl_1","tints":[{"type":"minecraft:custom_model_data","default":16777215}]}},{"threshold":105,"model":{"type":"minecraft:model","model":"bettermodel:modern_item/mossgolem_handl_1","tints":[{"type":"minecraft:custom_model_data","default":16777215}]}},{"threshold":106,"model":{"type":"minecraft:model","model":"bettermodel:modern_item/mossgolem_fingersl_1","tints":[{"type":"minecraft:custom_model_data","default":16777215}]}},{"threshold":107,"model":{"type":"minecraft:model","model":"bettermodel:modern_item/mossgolem_thumbl_1","tints":[{"type":"minecraft:custom_model_data","default":16777215}]}},{"threshold":108,"model":{"type":"minecraft:model","model":"bettermodel:modern_item/mossgolem_thumbljoint_1","tints":[{"type":"minecraft:custom_model_data","default":16777215}]}},{"threshold":109,"model":{"type":"minecraft:model","model":"bettermodel:modern_item/mossgolem_shoulder_1","tints":[{"type":"minecraft:custom_model_data","default":16777215}]}},{"threshold":110,"model":{"type":"minecraft:model","model":"bettermodel:modern_item/mossgolem_bicep_1","tints":[{"type":"minecraft:custom_model_data","default":16777215}]}},{"threshold":111,"model":{"type":"minecraft:model","model":"bettermodel:modern_item/mossgolem_jointr_1","tints":[{"type":"minecraft:custom_model_data","default":16777215}]}},{"threshold":112,"model":{"type":"minecraft:model","model":"bettermodel:modern_item/mossgolem_handr_1","tints":[{"type":"minecraft:custom_model_data","default":16777215}]}},{"threshold":113,"model":{"type":"minecraft:model","model":"bettermodel:modern_item/mossgolem_fingersr_1","tints":[{"type":"minecraft:custom_model_data","default":16777215}]}},{"threshold":114,"model":{"type":"minecraft:model","model":"bettermodel:modern_item/mossgolem_thumbr_1","tints":[{"type":"minecraft:custom_model_data","default":16777215}]}},{"threshold":115,"model":{"type":"minecraft:model","model":"bettermodel:modern_item/mossgolem_thumbljoint2_1","tints":[{"type":"minecraft:custom_model_data","default":16777215}]}},{"threshold":116,"model":{"type":"minecraft:model","model":"bettermodel:modern_item/mossgolem_rightleg_1","tints":[{"type":"minecraft:custom_model_data","default":16777215}]}},{"threshold":117,"model":{"type":"minecraft:model","model":"bettermodel:modern_item/mossgolem_jointr2_1","tints":[{"type":"minecraft:custom_model_data","default":16777215}]}},{"threshold":118,"model":{"type":"minecraft:model","model":"bettermodel:modern_item/mossgolem_footr_1","tints":[{"type":"minecraft:custom_model_data","default":16777215}]}},{"threshold":119,"model":{"type":"minecraft:model","model":"bettermodel:modern_item/mossgolem_leftleg_1","tints":[{"type":"minecraft:custom_model_data","default":16777215}]}},{"threshold":120,"model":{"type":"minecraft:model","model":"bettermodel:modern_item/mossgolem_jointl2_1","tints":[{"type":"minecraft:custom_model_data","default":16777215}]}},{"threshold":121,"model":{"type":"minecraft:model","model":"bettermodel:modern_item/mossgolem_footl_1","tints":[{"type":"minecraft:custom_model_data","default":16777215}]}},{"threshold":122,"model":{"type":"minecraft:composite","models":[{"type":"minecraft:model","model":"bettermodel:modern_item/souls_bone_1","tints":[{"type":"minecraft:custom_model_data","default":16777215}]},{"type":"minecraft:model","model":"bettermodel:modern_item/souls_bone_2","tints":[{"type":"minecraft:custom_model_data","default":16777215}]},{"type":"minecraft:model","model":"bettermodel:modern_item/souls_bone_3","tints":[{"type":"minecraft:custom_model_data","default":16777215}]},{"type":"minecraft:model","model":"bettermodel:modern_item/souls_bone_4","tints":[{"type":"minecraft:custom_model_data","default":16777215}]},{"type":"minecraft:model","model":"bettermodel:modern_item/souls_bone_5","tints":[{"type":"minecraft:custom_model_data","default":16777215}]},{"type":"minecraft:model","model":"bettermodel:modern_item/souls_bone_6","tints":[{"type":"minecraft:custom_model_data","default":16777215}]},{"type":"minecraft:model","model":"bettermodel:modern_item/souls_bone_7","tints":[{"type":"minecraft:custom_model_data","default":16777215}]}]}},{"threshold":123,"model":{"type":"minecraft:composite","models":[{"type":"minecraft:model","model":"bettermodel:modern_item/souls_bone2_1","tints":[{"type":"minecraft:custom_model_data","default":16777215}]},{"type":"minecraft:model","model":"bettermodel:modern_item/souls_bone2_2","tints":[{"type":"minecraft:custom_model_data","default":16777215}]},{"type":"minecraft:model","model":"bettermodel:modern_item/souls_bone2_3","tints":[{"type":"minecraft:custom_model_data","default":16777215}]}]}},{"threshold":124,"model":{"type":"minecraft:model","model":"bettermodel:modern_item/souls_bone27_1","tints":[{"type":"minecraft:custom_model_data","default":16777215}]}},{"threshold":125,"model":{"type":"minecraft:model","model":"bettermodel:modern_item/souls_bone26_1","tints":[{"type":"minecraft:custom_model_data","default":16777215}]}},{"threshold":126,"model":{"type":"minecraft:model","model":"bettermodel:modern_item/souls_bone25_1","tints":[{"type":"minecraft:custom_model_data","default":16777215}]}},{"threshold":127,"model":{"type":"minecraft:model","model":"bettermodel:modern_item/souls_bone24_1","tints":[{"type":"minecraft:custom_model_data","default":16777215}]}},{"threshold":128,"model":{"type":"minecraft:model","model":"bettermodel:modern_item/souls_bone23_1","tints":[{"type":"minecraft:custom_model_data","default":16777215}]}},{"threshold":129,"model":{"type":"minecraft:model","model":"bettermodel:modern_item/souls_bone22_1","tints":[{"type":"minecraft:custom_model_data","default":16777215}]}},{"threshold":130,"model":{"type":"minecraft:model","model":"bettermodel:modern_item/souls_bone21_1","tints":[{"type":"minecraft:custom_model_data","default":16777215}]}},{"threshold":131,"model":{"type":"minecraft:model","model":"bettermodel:modern_item/souls_bone18_1","tints":[{"type":"minecraft:custom_model_data","default":16777215}]}},{"threshold":132,"model":{"type":"minecraft:model","model":"bettermodel:modern_item/souls_bone17_1","tints":[{"type":"minecraft:custom_model_data","default":16777215}]}},{"threshold":133,"model":{"type":"minecraft:model","model":"bettermodel:modern_item/souls_bone20_1","tints":[{"type":"minecraft:custom_model_data","default":16777215}]}},{"threshold":134,"model":{"type":"minecraft:model","model":"bettermodel:modern_item/souls_bone16_1","tints":[{"type":"minecraft:custom_model_data","default":16777215}]}},{"threshold":135,"model":{"type":"minecraft:model","model":"bettermodel:modern_item/souls_bone19_1","tints":[{"type":"minecraft:custom_model_data","default":16777215}]}},{"threshold":136,"model":{"type":"minecraft:model","model":"bettermodel:modern_item/souls_bone15_1","tints":[{"type":"minecraft:custom_model_data","default":16777215}]}},{"threshold":137,"model":{"type":"minecraft:model","model":"bettermodel:modern_item/souls_bone14_1","tints":[{"type":"minecraft:custom_model_data","default":16777215}]}},{"threshold":138,"model":{"type":"minecraft:model","model":"bettermodel:modern_item/souls_bone13_1","tints":[{"type":"minecraft:custom_model_data","default":16777215}]}},{"threshold":139,"model":{"type":"minecraft:model","model":"bettermodel:modern_item/souls_bone11_1","tints":[{"type":"minecraft:custom_model_data","default":16777215}]}},{"threshold":140,"model":{"type":"minecraft:model","model":"bettermodel:modern_item/souls_bone10_1","tints":[{"type":"minecraft:custom_model_data","default":16777215}]}},{"threshold":141,"model":{"type":"minecraft:model","model":"bettermodel:modern_item/souls_bone9_1","tints":[{"type":"minecraft:custom_model_data","default":16777215}]}},{"threshold":142,"model":{"type":"minecraft:model","model":"bettermodel:modern_item/souls_bone8_1","tints":[{"type":"minecraft:custom_model_data","default":16777215}]}},{"threshold":143,"model":{"type":"minecraft:model","model":"bettermodel:modern_item/souls_bone7_1","tints":[{"type":"minecraft:custom_model_data","default":16777215}]}},{"threshold":144,"model":{"type":"minecraft:model","model":"bettermodel:modern_item/souls_bone6_1","tints":[{"type":"minecraft:custom_model_data","default":16777215}]}},{"threshold":145,"model":{"type":"minecraft:model","model":"bettermodel:modern_item/souls_bone5_1","tints":[{"type":"minecraft:custom_model_data","default":16777215}]}},{"threshold":146,"model":{"type":"minecraft:model","model":"bettermodel:modern_item/souls_bone4_1","tints":[{"type":"minecraft:custom_model_data","default":16777215}]}},{"threshold":147,"model":{"type":"minecraft:model","model":"bettermodel:modern_item/souls_bone12_1","tints":[{"type":"minecraft:custom_model_data","default":16777215}]}},{"threshold":148,"model":{"type":"minecraft:model","model":"bettermodel:modern_item/spectralwolf_torso_1","tints":[{"type":"minecraft:custom_model_data","default":16777215}]}},{"threshold":149,"model":{"type":"minecraft:model","model":"bettermodel:modern_item/spectralwolf_leftleg_1","tints":[{"type":"minecraft:custom_model_data","default":16777215}]}},{"threshold":150,"model":{"type":"minecraft:model","model":"bettermodel:modern_item/spectralwolf_leftleg_low_1","tints":[{"type":"minecraft:custom_model_data","default":16777215}]}},{"threshold":151,"model":{"type":"minecraft:model","model":"bettermodel:modern_item/spectralwolf_rightleg_1","tints":[{"type":"minecraft:custom_model_data","default":16777215}]}},{"threshold":152,"model":{"type":"minecraft:model","model":"bettermodel:modern_item/spectralwolf_rightleg_low_1","tints":[{"type":"minecraft:custom_model_data","default":16777215}]}},{"threshold":153,"model":{"type":"minecraft:model","model":"bettermodel:modern_item/spectralwolf_leftarm_1","tints":[{"type":"minecraft:custom_model_data","default":16777215}]}},{"threshold":154,"model":{"type":"minecraft:model","model":"bettermodel:modern_item/spectralwolf_leftarm_low_1","tints":[{"type":"minecraft:custom_model_data","default":16777215}]}},{"threshold":155,"model":{"type":"minecraft:model","model":"bettermodel:modern_item/spectralwolf_rightarm_1","tints":[{"type":"minecraft:custom_model_data","default":16777215}]}},{"threshold":156,"model":{"type":"minecraft:model","model":"bettermodel:modern_item/spectralwolf_rightarm_low_1","tints":[{"type":"minecraft:custom_model_data","default":16777215}]}},{"threshold":157,"model":{"type":"minecraft:model","model":"bettermodel:modern_item/spectralwolf_tail_1","tints":[{"type":"minecraft:custom_model_data","default":16777215}]}},{"threshold":158,"model":{"type":"minecraft:model","model":"bettermodel:modern_item/spectralwolf_head_1","tints":[{"type":"minecraft:custom_model_data","default":16777215}]}},{"threshold":159,"model":{"type":"minecraft:model","model":"bettermodel:modern_item/spectralwolf_yaw_1","tints":[{"type":"minecraft:custom_model_data","default":16777215}]}},{"threshold":160,"model":{"type":"minecraft:model","model":"bettermodel:modern_item/toledo_skull_1","tints":[{"type":"minecraft:custom_model_data","default":16777215}]}}]}}