{"textures":{"0":"modelengine:entity/basebody","1":"modelengine:entity/hair1","2":"modelengine:entity/hair2","3":"modelengine:entity/hair3","4":"modelengine:entity/hair4","particle":"#4"},"elements":[{"from":[-0.8249998,3.8000002,5.6000004],"to":[-0.8249998,6.8,12.0],"faces":{"east":{"uv":[0.0,0.0,6.0,3.0],"tintindex":0,"rotation":0,"texture":"#4"},"west":{"uv":[0.0,3.0,6.0,6.0],"tintindex":0,"rotation":0,"texture":"#4"}}},{"from":[-0.8000002,2.0,11.975],"to":[15.0,6.7,11.975],"faces":{"south":{"uv":[0.0,5.0,16.0,10.0],"tintindex":0,"rotation":0,"texture":"#1"},"north":{"uv":[0.0,0.0,16.0,5.0],"tintindex":0,"rotation":0,"texture":"#1"}}},{"from":[15.0,2.4,5.6000004],"to":[15.0,4.4,12.0],"faces":{"east":{"uv":[0.0,0.0,6.0,2.0],"tintindex":0,"rotation":0,"texture":"#3"},"west":{"uv":[0.0,2.0,6.0,4.0],"tintindex":0,"rotation":0,"texture":"#3"}}},{"from":[-0.8000002,2.0,5.5249996],"to":[15.0,6.9,5.5249996],"faces":{"south":{"uv":[0.0,5.0,16.0,10.0],"tintindex":0,"rotation":0,"texture":"#2"},"north":{"uv":[0.0,0.0,16.0,5.0],"tintindex":0,"rotation":0,"texture":"#2"}}},{"from":[5.5,4.4,5.5],"to":[15.0,12.4,12.0],"faces":{"east":{"uv":[1.75,5.5,3.5,7.5],"tintindex":0,"rotation":0,"texture":"#0"},"south":{"uv":[0.0,2.0,2.5,4.0],"tintindex":0,"rotation":0,"texture":"#0"},"north":{"uv":[0.0,0.0,2.5,2.0],"tintindex":0,"rotation":0,"texture":"#0"},"west":{"uv":[3.5,5.5,5.25,7.5],"tintindex":0,"rotation":0,"texture":"#0"},"up":{"uv":[5.0,1.75,2.5,0.0],"tintindex":0,"rotation":0,"texture":"#0"},"down":{"uv":[5.0,1.75,2.5,3.5],"tintindex":0,"rotation":0,"texture":"#0"}}}],"display":{"head":{"rotation":[0.0,0.0,0.0]},"firstperson_righthand":{"rotation":[0.0,0.0,0.0]},"thirdperson_lefthand":{"rotation":[0.0,-0.0,-0.0]},"firstperson_lefthand":{"rotation":[0.0,-0.0,-0.0]},"fixed":{"rotation":[0.0,0.0,0.0]},"ground":{"rotation":[0.0,0.0,0.0]},"thirdperson_righthand":{"rotation":[0.0,0.0,0.0]},"gui":{"rotation":[-150.0,-45.0,180.0]}}}