{"textures":{"8":"modelengine:entity/butt","9":"modelengine:entity/butthair","particle":"#8"},"elements":[{"from":[5.0,16.0,5.2],"to":[8.0,21.0,8.3],"faces":{"east":{"uv":[1.5,0.0,3.0,2.5],"tintindex":0,"rotation":0,"texture":"#8"},"south":{"uv":[0.0,2.5,1.5,5.0],"tintindex":0,"rotation":0,"texture":"#8"},"north":{"uv":[0.0,0.0,1.5,2.5],"tintindex":0,"rotation":0,"texture":"#8"},"west":{"uv":[1.5,2.5,3.0,5.0],"tintindex":0,"rotation":0,"texture":"#8"},"up":{"uv":[1.5,6.5,0.0,5.0],"tintindex":0,"rotation":0,"texture":"#8"},"down":{"uv":[3.0,5.0,1.5,6.5],"tintindex":0,"rotation":0,"texture":"#8"}}},{"from":[7.9,14.9,5.6000004],"to":[7.9,16.9,12.0],"faces":{"east":{"uv":[0.0,0.0,6.0,2.0],"tintindex":0,"rotation":0,"texture":"#9"},"west":{"uv":[0.0,2.0,6.0,4.0],"tintindex":0,"rotation":0,"texture":"#9"}}},{"from":[7.0,16.9,8.3],"to":[8.0,21.0,9.2],"faces":{"east":{"uv":[0.0,6.5,0.5,8.5],"tintindex":0,"rotation":0,"texture":"#8"},"south":{"uv":[0.5,6.5,1.0,8.5],"tintindex":0,"rotation":0,"texture":"#8"},"north":{"uv":[6.0,5.0,6.5,7.0],"tintindex":0,"rotation":0,"texture":"#8"},"west":{"uv":[1.0,6.5,1.5,8.5],"tintindex":0,"rotation":0,"texture":"#8"},"up":{"uv":[7.0,2.0,6.5,1.5],"tintindex":0,"rotation":0,"texture":"#8"},"down":{"uv":[2.5,6.5,2.0,7.0],"tintindex":0,"rotation":0,"texture":"#8"}}},{"from":[5.0,16.0,9.2],"to":[8.0,21.0,12.3],"faces":{"east":{"uv":[3.0,2.5,4.5,5.0],"tintindex":0,"rotation":0,"texture":"#8"},"south":{"uv":[4.5,0.0,6.0,2.5],"tintindex":0,"rotation":0,"texture":"#8"},"north":{"uv":[3.0,0.0,4.5,2.5],"tintindex":0,"rotation":0,"texture":"#8"},"west":{"uv":[4.5,2.5,6.0,5.0],"tintindex":0,"rotation":0,"texture":"#8"},"up":{"uv":[4.5,6.5,3.0,5.0],"tintindex":0,"rotation":0,"texture":"#8"},"down":{"uv":[6.0,5.0,4.5,6.5],"tintindex":0,"rotation":0,"texture":"#8"}}},{"from":[7.0,21.0,6.8],"to":[8.0,21.4,10.7],"faces":{"east":{"uv":[6.0,0.0,8.0,0.5],"tintindex":0,"rotation":0,"texture":"#8"},"south":{"uv":[1.5,6.5,2.0,7.0],"tintindex":0,"rotation":0,"texture":"#8"},"north":{"uv":[6.5,1.0,7.0,1.5],"tintindex":0,"rotation":0,"texture":"#8"},"west":{"uv":[6.0,0.5,8.0,1.0],"tintindex":0,"rotation":0,"texture":"#8"},"up":{"uv":[6.5,3.0,6.0,1.0],"tintindex":0,"rotation":0,"texture":"#8"},"down":{"uv":[6.5,3.0,6.0,5.0],"tintindex":0,"rotation":0,"texture":"#8"}}}],"display":{"head":{"rotation":[0.0,0.0,0.0]},"firstperson_righthand":{"rotation":[0.0,0.0,0.0]},"thirdperson_lefthand":{"rotation":[0.0,-0.0,-0.0]},"firstperson_lefthand":{"rotation":[0.0,-0.0,-0.0]},"fixed":{"rotation":[0.0,0.0,0.0]},"ground":{"rotation":[0.0,0.0,0.0]},"thirdperson_righthand":{"rotation":[0.0,0.0,0.0]},"gui":{"rotation":[-150.0,-45.0,180.0]}}}