{"textures":{"7":"modelengine:entity/earss","particle":"#7"},"elements":[{"from":[6.0,7.5,8.5],"to":[10.0,8.5,12.5],"faces":{"east":{"uv":[8.0,0.0,12.0,1.0],"tintindex":0,"rotation":0,"texture":"#7"},"south":{"uv":[8.0,1.0,12.0,2.0],"tintindex":0,"rotation":0,"texture":"#7"},"north":{"uv":[0.0,8.0,4.0,9.0],"tintindex":0,"rotation":0,"texture":"#7"},"west":{"uv":[8.0,2.0,12.0,3.0],"tintindex":0,"rotation":0,"texture":"#7"},"up":{"uv":[4.0,4.0,0.0,0.0],"tintindex":0,"rotation":0,"texture":"#7"},"down":{"uv":[4.0,4.0,0.0,8.0],"tintindex":0,"rotation":0,"texture":"#7"}}}],"display":{"head":{"rotation":[0.0,0.0,0.0]},"firstperson_righthand":{"rotation":[0.0,0.0,0.0]},"thirdperson_lefthand":{"rotation":[0.0,-0.0,-0.0]},"firstperson_lefthand":{"rotation":[0.0,-0.0,-0.0]},"fixed":{"rotation":[0.0,0.0,0.0]},"ground":{"rotation":[0.0,0.0,0.0]},"thirdperson_righthand":{"rotation":[0.0,0.0,0.0]},"gui":{"rotation":[-150.0,-45.0,180.0]}}}