{"textures":{"5":"modelengine:entity/heads","particle":"#5"},"elements":[{"from":[5.299999,4.95,5.05],"to":[10.699999,11.05,10.95],"faces":{"east":{"uv":[0.0,0.0,3.0,3.0],"tintindex":0,"rotation":0,"texture":"#5"},"south":{"uv":[3.0,3.0,5.5,6.0],"tintindex":0,"rotation":0,"texture":"#5"},"north":{"uv":[3.0,0.0,5.5,3.0],"tintindex":0,"rotation":0,"texture":"#5"},"west":{"uv":[0.0,3.0,3.0,6.0],"tintindex":0,"rotation":0,"texture":"#5"},"up":{"uv":[8.0,3.0,5.5,0.0],"tintindex":0,"rotation":0,"texture":"#5"},"down":{"uv":[8.0,3.0,5.5,6.0],"tintindex":0,"rotation":0,"texture":"#5"}}}],"display":{"head":{"rotation":[0.0,0.0,0.0]},"firstperson_righthand":{"rotation":[0.0,0.0,0.0]},"thirdperson_lefthand":{"rotation":[0.0,-0.0,-0.0]},"firstperson_lefthand":{"rotation":[0.0,-0.0,-0.0]},"fixed":{"rotation":[0.0,0.0,0.0]},"ground":{"rotation":[0.0,0.0,0.0]},"thirdperson_righthand":{"rotation":[0.0,0.0,0.0]},"gui":{"rotation":[-150.0,-45.0,180.0]}}}