{"textures":{"6":"modelengine:entity/legss","particle":"#6"},"elements":[{"from":[7.0,1.0,6.625],"to":[9.000001,9.0,8.625],"faces":{"east":{"uv":[4.0,4.0,5.0,8.0],"tintindex":0,"rotation":0,"texture":"#6"},"south":{"uv":[5.0,0.0,6.0,4.0],"tintindex":0,"rotation":0,"texture":"#6"},"north":{"uv":[3.0,4.0,4.0,8.0],"tintindex":0,"rotation":0,"texture":"#6"},"west":{"uv":[5.0,4.0,6.0,8.0],"tintindex":0,"rotation":0,"texture":"#6"},"up":{"uv":[3.0,9.0,2.0,8.0],"tintindex":0,"rotation":0,"texture":"#6"},"down":{"uv":[9.0,2.0,8.0,3.0],"tintindex":0,"rotation":0,"texture":"#6"}}}],"display":{"head":{"rotation":[0.0,0.0,0.0]},"firstperson_righthand":{"rotation":[0.0,0.0,0.0]},"thirdperson_lefthand":{"rotation":[0.0,-0.0,-0.0]},"firstperson_lefthand":{"rotation":[0.0,-0.0,-0.0]},"fixed":{"rotation":[0.0,0.0,0.0]},"ground":{"rotation":[0.0,0.0,0.0]},"thirdperson_righthand":{"rotation":[0.0,0.0,0.0]},"gui":{"rotation":[-150.0,-45.0,180.0]}}}