{"textures":{"6":"modelengine:entity/legss","particle":"#6"},"elements":[{"from":[6.4,3.0,7.0],"to":[8.4,11.0,8.9],"faces":{"east":{"uv":[6.0,4.0,7.0,8.0],"tintindex":0,"rotation":0,"texture":"#6"},"south":{"uv":[7.0,0.0,8.0,4.0],"tintindex":0,"rotation":0,"texture":"#6"},"north":{"uv":[6.0,0.0,7.0,4.0],"tintindex":0,"rotation":0,"texture":"#6"},"west":{"uv":[7.0,4.0,8.0,8.0],"tintindex":0,"rotation":0,"texture":"#6"},"up":{"uv":[4.0,9.0,3.0,8.0],"tintindex":0,"rotation":0,"texture":"#6"},"down":{"uv":[9.0,3.0,8.0,4.0],"tintindex":0,"rotation":0,"texture":"#6"}}}],"display":{"head":{"rotation":[0.0,0.0,0.0]},"firstperson_righthand":{"rotation":[0.0,0.0,0.0]},"thirdperson_lefthand":{"rotation":[0.0,-0.0,-0.0]},"firstperson_lefthand":{"rotation":[0.0,-0.0,-0.0]},"fixed":{"rotation":[0.0,0.0,0.0]},"ground":{"rotation":[0.0,0.0,0.0]},"thirdperson_righthand":{"rotation":[0.0,0.0,0.0]},"gui":{"rotation":[-150.0,-45.0,180.0]}}}