{"textures":{"0":"modelengine:entity/basebody","particle":"#0"},"elements":[{"from":[4.75,4.649997,4.3500004],"to":[11.25,11.349998,11.65],"faces":{"east":{"uv":[0.0,6.0,1.75,7.75],"tintindex":0,"rotation":0,"texture":"#0"},"south":{"uv":[6.0,2.0,7.75,3.75],"tintindex":0,"rotation":0,"texture":"#0"},"north":{"uv":[5.25,5.5,7.0,7.25],"tintindex":0,"rotation":0,"texture":"#0"},"west":{"uv":[6.0,3.75,7.75,5.5],"tintindex":0,"rotation":0,"texture":"#0"},"up":{"uv":[8.5,1.75,6.75,0.0],"tintindex":0,"rotation":0,"texture":"#0"},"down":{"uv":[8.75,5.5,7.0,7.25],"tintindex":0,"rotation":0,"texture":"#0"}}}],"display":{"head":{"rotation":[0.0,0.0,-15.0]},"firstperson_righthand":{"rotation":[0.0,0.0,-15.0]},"thirdperson_lefthand":{"rotation":[0.0,-0.0,15.0]},"firstperson_lefthand":{"rotation":[0.0,-0.0,15.0]},"fixed":{"rotation":[0.0,0.0,-15.0]},"ground":{"rotation":[0.0,0.0,-15.0]},"thirdperson_righthand":{"rotation":[0.0,0.0,-15.0]},"gui":{"rotation":[-150.0,-45.0,165.0]}}}