{"textures":{"5":"modelengine:entity/heads","particle":"#5"},"elements":[{"from":[6.6499996,6.700001,6.7],"to":[9.35,9.3,9.3],"faces":{"east":{"uv":[1.5,6.0,3.0,7.5],"tintindex":0,"rotation":0,"texture":"#5"},"south":{"uv":[3.0,6.0,4.5,7.5],"tintindex":0,"rotation":0,"texture":"#5"},"north":{"uv":[0.0,6.0,1.5,7.5],"tintindex":0,"rotation":0,"texture":"#5"},"west":{"uv":[4.5,6.0,6.0,7.5],"tintindex":0,"rotation":0,"texture":"#5"},"up":{"uv":[7.5,7.5,6.0,6.0],"tintindex":0,"rotation":0,"texture":"#5"},"down":{"uv":[1.5,7.5,0.0,9.0],"tintindex":0,"rotation":0,"texture":"#5"}}}],"display":{"head":{"rotation":[0.0,0.0,0.0]},"firstperson_righthand":{"rotation":[0.0,0.0,0.0]},"thirdperson_lefthand":{"rotation":[0.0,-0.0,-0.0]},"firstperson_lefthand":{"rotation":[0.0,-0.0,-0.0]},"fixed":{"rotation":[0.0,0.0,0.0]},"ground":{"rotation":[0.0,0.0,0.0]},"thirdperson_righthand":{"rotation":[0.0,0.0,0.0]},"gui":{"rotation":[-150.0,-45.0,180.0]}}}