{"textures":{"particle":"#10","10":"modelengine:entity/tails"},"elements":[{"from":[7.0,6.2,6.1000004],"to":[12.0,9.8,9.7],"faces":{"east":{"uv":[0.0,8.0,4.0,12.0],"tintindex":0,"rotation":0,"texture":"#10"},"south":{"uv":[0.0,4.0,5.0,8.0],"tintindex":0,"rotation":0,"texture":"#10"},"north":{"uv":[0.0,0.0,5.0,4.0],"tintindex":0,"rotation":0,"texture":"#10"},"west":{"uv":[4.0,8.0,8.0,12.0],"tintindex":0,"rotation":0,"texture":"#10"},"up":{"uv":[10.0,4.0,5.0,0.0],"tintindex":0,"rotation":0,"texture":"#10"},"down":{"uv":[10.0,4.0,5.0,8.0],"tintindex":0,"rotation":0,"texture":"#10"}}}],"display":{"head":{"rotation":[0.0,0.0,0.0]},"firstperson_righthand":{"rotation":[0.0,0.0,0.0]},"thirdperson_lefthand":{"rotation":[0.0,-0.0,-0.0]},"firstperson_lefthand":{"rotation":[0.0,-0.0,-0.0]},"fixed":{"rotation":[0.0,0.0,0.0]},"ground":{"rotation":[0.0,0.0,0.0]},"thirdperson_righthand":{"rotation":[0.0,0.0,0.0]},"gui":{"rotation":[-150.0,-45.0,180.0]}}}