{"textures":{"particle":"#10","10":"modelengine:entity/tails"},"elements":[{"from":[8.0,6.3500004,6.25],"to":[12.0,9.65,9.55],"faces":{"east":{"uv":[0.0,12.0,3.0,15.0],"tintindex":0,"rotation":0,"texture":"#10"},"south":{"uv":[10.0,0.0,14.0,3.0],"tintindex":0,"rotation":0,"texture":"#10"},"north":{"uv":[8.0,8.0,12.0,11.0],"tintindex":0,"rotation":0,"texture":"#10"},"west":{"uv":[3.0,12.0,6.0,15.0],"tintindex":0,"rotation":0,"texture":"#10"},"up":{"uv":[14.0,6.0,10.0,3.0],"tintindex":0,"rotation":0,"texture":"#10"},"down":{"uv":[12.0,11.0,8.0,14.0],"tintindex":0,"rotation":0,"texture":"#10"}}}],"display":{"head":{"rotation":[0.0,0.0,0.0]},"firstperson_righthand":{"rotation":[0.0,0.0,0.0]},"thirdperson_lefthand":{"rotation":[0.0,-0.0,-0.0]},"firstperson_lefthand":{"rotation":[0.0,-0.0,-0.0]},"fixed":{"rotation":[0.0,0.0,0.0]},"ground":{"rotation":[0.0,0.0,0.0]},"thirdperson_righthand":{"rotation":[0.0,0.0,0.0]},"gui":{"rotation":[-150.0,-45.0,180.0]}}}