{"textures":{"0":"modelengine:entity/basejojo","particle":"#0"},"elements":[{"from":[5.5,4.5,6.2],"to":[15.0,10.8,11.3],"faces":{"east":{"uv":[3.25,4.75,4.5,6.25],"tintindex":0,"rotation":0,"texture":"#0"},"south":{"uv":[0.0,1.5,2.5,3.0],"tintindex":0,"rotation":0,"texture":"#0"},"north":{"uv":[0.0,0.0,2.5,1.5],"tintindex":0,"rotation":0,"texture":"#0"},"west":{"uv":[4.5,4.75,5.75,6.25],"tintindex":0,"rotation":0,"texture":"#0"},"up":{"uv":[2.5,4.25,0.0,3.0],"tintindex":0,"rotation":0,"texture":"#0"},"down":{"uv":[5.0,3.5,2.5,4.75],"tintindex":0,"rotation":0,"texture":"#0"}}}],"display":{"head":{"rotation":[0.0,0.0,0.0]},"firstperson_righthand":{"rotation":[0.0,0.0,0.0]},"thirdperson_lefthand":{"rotation":[0.0,-0.0,-0.0]},"firstperson_lefthand":{"rotation":[0.0,-0.0,-0.0]},"fixed":{"rotation":[0.0,0.0,0.0]},"ground":{"rotation":[0.0,0.0,0.0]},"thirdperson_righthand":{"rotation":[0.0,0.0,0.0]},"gui":{"rotation":[-150.0,-45.0,180.0]}}}