{"textures":{"0":"modelengine:entity/basejojo","particle":"#0"},"elements":[{"from":[5.0,15.1,5.8999996],"to":[8.0,19.35,9.1],"faces":{"east":{"uv":[7.25,7.0,8.0,8.0],"tintindex":0,"rotation":0,"texture":"#0"},"south":{"uv":[0.0,7.5,0.75,8.5],"tintindex":0,"rotation":0,"texture":"#0"},"north":{"uv":[1.25,5.5,2.0,6.5],"tintindex":0,"rotation":0,"texture":"#0"},"west":{"uv":[7.5,0.0,8.25,1.0],"tintindex":0,"rotation":0,"texture":"#0"},"up":{"uv":[5.75,4.75,5.0,4.0],"tintindex":0,"rotation":0,"texture":"#0"},"down":{"uv":[9.0,0.0,8.25,0.75],"tintindex":0,"rotation":0,"texture":"#0"}}},{"from":[5.0,15.1,9.1],"to":[8.0,19.35,11.6],"faces":{"east":{"uv":[1.5,7.5,2.25,8.5],"tintindex":0,"rotation":0,"texture":"#0"},"south":{"uv":[2.25,7.5,3.0,8.5],"tintindex":0,"rotation":0,"texture":"#0"},"north":{"uv":[0.75,7.5,1.5,8.5],"tintindex":0,"rotation":0,"texture":"#0"},"west":{"uv":[3.0,7.5,3.75,8.5],"tintindex":0,"rotation":0,"texture":"#0"},"up":{"uv":[9.0,1.5,8.25,0.75],"tintindex":0,"rotation":0,"texture":"#0"},"down":{"uv":[9.0,1.5,8.25,2.25],"tintindex":0,"rotation":0,"texture":"#0"}}}],"display":{"head":{"rotation":[0.0,0.0,0.0]},"firstperson_righthand":{"rotation":[0.0,0.0,0.0]},"thirdperson_lefthand":{"rotation":[0.0,-0.0,-0.0]},"firstperson_lefthand":{"rotation":[0.0,-0.0,-0.0]},"fixed":{"rotation":[0.0,0.0,0.0]},"ground":{"rotation":[0.0,0.0,0.0]},"thirdperson_righthand":{"rotation":[0.0,0.0,0.0]},"gui":{"rotation":[-150.0,-45.0,180.0]}}}