{"textures":{"0":"modelengine:entity/basejojo","particle":"#0"},"elements":[{"from":[7.0,7.8999996,3.8000002],"to":[9.0,8.9,7.8],"faces":{"east":{"uv":[8.25,6.75,9.25,7.0],"tintindex":0,"rotation":0,"texture":"#0"},"south":{"uv":[6.75,7.75,7.25,8.0],"tintindex":0,"rotation":0,"texture":"#0"},"north":{"uv":[6.25,3.75,6.75,4.0],"tintindex":0,"rotation":0,"texture":"#0"},"west":{"uv":[5.75,8.5,6.75,8.75],"tintindex":0,"rotation":0,"texture":"#0"},"up":{"uv":[8.75,5.25,8.25,4.25],"tintindex":0,"rotation":0,"texture":"#0"},"down":{"uv":[5.75,8.25,5.25,9.25],"tintindex":0,"rotation":0,"texture":"#0"}}}],"display":{"head":{"rotation":[0.0,0.0,0.0]},"firstperson_righthand":{"rotation":[0.0,0.0,0.0]},"thirdperson_lefthand":{"rotation":[0.0,-0.0,-0.0]},"firstperson_lefthand":{"rotation":[0.0,-0.0,-0.0]},"fixed":{"rotation":[0.0,0.0,0.0]},"ground":{"rotation":[0.0,0.0,0.0]},"thirdperson_righthand":{"rotation":[0.0,0.0,0.0]},"gui":{"rotation":[-150.0,-45.0,180.0]}}}