{"textures":{"0":"modelengine:entity/basejojo","particle":"#0"},"elements":[{"from":[7.0000095,7.8000298,8.2],"to":[9.00001,8.80003,12.2],"faces":{"east":{"uv":[6.75,8.5,7.75,8.75],"tintindex":0,"rotation":0,"texture":"#0"},"south":{"uv":[7.75,8.75,8.25,9.0],"tintindex":0,"rotation":0,"texture":"#0"},"north":{"uv":[7.25,8.75,7.75,9.0],"tintindex":0,"rotation":0,"texture":"#0"},"west":{"uv":[7.75,8.5,8.75,8.75],"tintindex":0,"rotation":0,"texture":"#0"},"up":{"uv":[8.75,6.25,8.25,5.25],"tintindex":0,"rotation":0,"texture":"#0"},"down":{"uv":[0.5,8.5,0.0,9.5],"tintindex":0,"rotation":0,"texture":"#0"}}}],"display":{"head":{"rotation":[0.0,0.0,0.0]},"firstperson_righthand":{"rotation":[0.0,0.0,0.0]},"thirdperson_lefthand":{"rotation":[0.0,-0.0,-0.0]},"firstperson_lefthand":{"rotation":[0.0,-0.0,-0.0]},"fixed":{"rotation":[0.0,0.0,0.0]},"ground":{"rotation":[0.0,0.0,0.0]},"thirdperson_righthand":{"rotation":[0.0,0.0,0.0]},"gui":{"rotation":[-150.0,-45.0,180.0]}}}