{"textures":{"0":"modelengine:entity/basejojo","particle":"#0"},"elements":[{"from":[4.799999,1.6500001,5.6499996],"to":[9.199999,5.95,10.35],"faces":{"east":{"uv":[5.0,3.0,6.25,4.0],"tintindex":0,"rotation":0,"texture":"#0"},"south":{"uv":[6.5,0.0,7.5,1.0],"tintindex":0,"rotation":0,"texture":"#0"},"north":{"uv":[0.0,6.5,1.0,7.5],"tintindex":0,"rotation":0,"texture":"#0"},"west":{"uv":[0.0,5.5,1.25,6.5],"tintindex":0,"rotation":0,"texture":"#0"},"up":{"uv":[6.75,2.5,5.75,1.25],"tintindex":0,"rotation":0,"texture":"#0"},"down":{"uv":[6.75,4.0,5.75,5.25],"tintindex":0,"rotation":0,"texture":"#0"}}}],"display":{"head":{"rotation":[0.0,0.0,0.0]},"firstperson_righthand":{"rotation":[0.0,0.0,0.0]},"thirdperson_lefthand":{"rotation":[0.0,-0.0,-0.0]},"firstperson_lefthand":{"rotation":[0.0,-0.0,-0.0]},"fixed":{"rotation":[0.0,0.0,0.0]},"ground":{"rotation":[0.0,0.0,0.0]},"thirdperson_righthand":{"rotation":[0.0,0.0,0.0]},"gui":{"rotation":[-150.0,-45.0,180.0]}}}