{"textures":{"0":"modelengine:entity/basejojo","particle":"#0"},"elements":[{"from":[7.0,1.0,6.325],"to":[9.000001,9.0,7.925],"faces":{"east":{"uv":[5.75,6.5,6.25,8.5],"tintindex":0,"rotation":0,"texture":"#0"},"south":{"uv":[6.25,6.5,6.75,8.5],"tintindex":0,"rotation":0,"texture":"#0"},"north":{"uv":[5.25,6.25,5.75,8.25],"tintindex":0,"rotation":0,"texture":"#0"},"west":{"uv":[6.75,3.75,7.25,5.75],"tintindex":0,"rotation":0,"texture":"#0"},"up":{"uv":[9.25,4.75,8.75,4.25],"tintindex":0,"rotation":0,"texture":"#0"},"down":{"uv":[9.25,4.75,8.75,5.25],"tintindex":0,"rotation":0,"texture":"#0"}}}],"display":{"head":{"rotation":[0.0,0.0,0.0]},"firstperson_righthand":{"rotation":[0.0,0.0,0.0]},"thirdperson_lefthand":{"rotation":[0.0,-0.0,-0.0]},"firstperson_lefthand":{"rotation":[0.0,-0.0,-0.0]},"fixed":{"rotation":[0.0,0.0,0.0]},"ground":{"rotation":[0.0,0.0,0.0]},"thirdperson_righthand":{"rotation":[0.0,0.0,0.0]},"gui":{"rotation":[-150.0,-45.0,180.0]}}}