{"textures":{"0":"modelengine:entity/basejojo","particle":"#0"},"elements":[{"from":[7.0,1.0,7.3],"to":[9.000001,9.0,8.9],"faces":{"east":{"uv":[7.25,1.0,7.75,3.0],"tintindex":0,"rotation":0,"texture":"#0"},"south":{"uv":[7.25,3.0,7.75,5.0],"tintindex":0,"rotation":0,"texture":"#0"},"north":{"uv":[6.75,5.75,7.25,7.75],"tintindex":0,"rotation":0,"texture":"#0"},"west":{"uv":[7.25,5.0,7.75,7.0],"tintindex":0,"rotation":0,"texture":"#0"},"up":{"uv":[9.25,5.75,8.75,5.25],"tintindex":0,"rotation":0,"texture":"#0"},"down":{"uv":[6.25,8.75,5.75,9.25],"tintindex":0,"rotation":0,"texture":"#0"}}}],"display":{"head":{"rotation":[0.0,0.0,0.0]},"firstperson_righthand":{"rotation":[0.0,0.0,0.0]},"thirdperson_lefthand":{"rotation":[0.0,-0.0,-0.0]},"firstperson_lefthand":{"rotation":[0.0,-0.0,-0.0]},"fixed":{"rotation":[0.0,0.0,0.0]},"ground":{"rotation":[0.0,0.0,0.0]},"thirdperson_righthand":{"rotation":[0.0,0.0,0.0]},"gui":{"rotation":[-150.0,-45.0,180.0]}}}