{"textures":{"0":"modelengine:entity/basejojo","particle":"#0"},"elements":[{"from":[6.4,3.0,6.6000004],"to":[8.4,8.6,8.1],"faces":{"east":{"uv":[3.75,7.5,4.25,9.0],"tintindex":0,"rotation":0,"texture":"#0"},"south":{"uv":[4.25,7.5,4.75,9.0],"tintindex":0,"rotation":0,"texture":"#0"},"north":{"uv":[6.75,1.0,7.25,2.5],"tintindex":0,"rotation":0,"texture":"#0"},"west":{"uv":[4.75,7.5,5.25,9.0],"tintindex":0,"rotation":0,"texture":"#0"},"up":{"uv":[9.25,6.25,8.75,5.75],"tintindex":0,"rotation":0,"texture":"#0"},"down":{"uv":[6.75,8.75,6.25,9.25],"tintindex":0,"rotation":0,"texture":"#0"}}}],"display":{"head":{"rotation":[0.0,0.0,0.0]},"firstperson_righthand":{"rotation":[0.0,0.0,0.0]},"thirdperson_lefthand":{"rotation":[0.0,-0.0,-0.0]},"firstperson_lefthand":{"rotation":[0.0,-0.0,-0.0]},"fixed":{"rotation":[0.0,0.0,0.0]},"ground":{"rotation":[0.0,0.0,0.0]},"thirdperson_righthand":{"rotation":[0.0,0.0,0.0]},"gui":{"rotation":[-150.0,-45.0,180.0]}}}