{"textures":{"0":"modelengine:entity/basejojo","particle":"#0"},"elements":[{"from":[7.0,3.0,8.4],"to":[9.0,8.6,9.9],"faces":{"east":{"uv":[7.75,2.5,8.25,4.0],"tintindex":0,"rotation":0,"texture":"#0"},"south":{"uv":[7.75,4.0,8.25,5.5],"tintindex":0,"rotation":0,"texture":"#0"},"north":{"uv":[7.75,1.0,8.25,2.5],"tintindex":0,"rotation":0,"texture":"#0"},"west":{"uv":[7.75,5.5,8.25,7.0],"tintindex":0,"rotation":0,"texture":"#0"},"up":{"uv":[9.25,6.75,8.75,6.25],"tintindex":0,"rotation":0,"texture":"#0"},"down":{"uv":[7.25,8.75,6.75,9.25],"tintindex":0,"rotation":0,"texture":"#0"}}}],"display":{"head":{"rotation":[0.0,0.0,0.0]},"firstperson_righthand":{"rotation":[0.0,0.0,0.0]},"thirdperson_lefthand":{"rotation":[0.0,-0.0,-0.0]},"firstperson_lefthand":{"rotation":[0.0,-0.0,-0.0]},"fixed":{"rotation":[0.0,0.0,0.0]},"ground":{"rotation":[0.0,0.0,0.0]},"thirdperson_righthand":{"rotation":[0.0,0.0,0.0]},"gui":{"rotation":[-150.0,-45.0,180.0]}}}