{"textures":{"0":"modelengine:entity/basejojo","particle":"#0"},"elements":[{"from":[7.001315,4.4711704,6.05],"to":[10.501315,9.071171,9.95],"faces":{"east":{"uv":[6.25,2.5,7.25,3.75],"tintindex":0,"rotation":0,"texture":"#0"},"south":{"uv":[3.25,6.25,4.25,7.5],"tintindex":0,"rotation":0,"texture":"#0"},"north":{"uv":[5.75,5.25,6.75,6.5],"tintindex":0,"rotation":0,"texture":"#0"},"west":{"uv":[4.25,6.25,5.25,7.5],"tintindex":0,"rotation":0,"texture":"#0"},"up":{"uv":[2.0,7.5,1.0,6.5],"tintindex":0,"rotation":0,"texture":"#0"},"down":{"uv":[3.0,6.5,2.0,7.5],"tintindex":0,"rotation":0,"texture":"#0"}}}],"display":{"head":{"rotation":[-0.0,0.0,17.5]},"firstperson_righthand":{"rotation":[-0.0,0.0,17.5]},"thirdperson_lefthand":{"rotation":[-0.0,-0.0,-17.5]},"firstperson_lefthand":{"rotation":[-0.0,-0.0,-17.5]},"fixed":{"rotation":[-0.0,0.0,17.5]},"ground":{"rotation":[-0.0,0.0,17.5]},"thirdperson_righthand":{"rotation":[-0.0,0.0,17.5]},"gui":{"rotation":[-150.0,-45.0,-162.5]}}}