{"textures":{"0":"modelengine:entity/basejojo","particle":"#0"},"elements":[{"from":[8.0,7.25,7.25],"to":[12.0,8.75,8.75],"faces":{"east":{"uv":[5.75,2.5,6.25,3.0],"tintindex":0,"rotation":0,"texture":"#0"},"south":{"uv":[8.25,2.75,9.25,3.25],"tintindex":0,"rotation":0,"texture":"#0"},"north":{"uv":[8.25,2.25,9.25,2.75],"tintindex":0,"rotation":0,"texture":"#0"},"west":{"uv":[8.25,6.25,8.75,6.75],"tintindex":0,"rotation":0,"texture":"#0"},"up":{"uv":[9.25,3.75,8.25,3.25],"tintindex":0,"rotation":0,"texture":"#0"},"down":{"uv":[9.25,3.75,8.25,4.25],"tintindex":0,"rotation":0,"texture":"#0"}}}],"display":{"head":{"rotation":[0.0,0.0,0.0]},"firstperson_righthand":{"rotation":[0.0,0.0,0.0]},"thirdperson_lefthand":{"rotation":[0.0,-0.0,-0.0]},"firstperson_lefthand":{"rotation":[0.0,-0.0,-0.0]},"fixed":{"rotation":[0.0,0.0,0.0]},"ground":{"rotation":[0.0,0.0,0.0]},"thirdperson_righthand":{"rotation":[0.0,0.0,0.0]},"gui":{"rotation":[-150.0,-45.0,180.0]}}}