{"textures":{"0":"modelengine:entity/basejojo","particle":"#0"},"elements":[{"from":[7.0,6.1000004,7.1000004],"to":[12.0,7.8999996,8.900001],"faces":{"east":{"uv":[2.0,4.25,2.5,4.75],"tintindex":0,"rotation":0,"texture":"#0"},"south":{"uv":[8.0,7.0,9.25,7.5],"tintindex":0,"rotation":0,"texture":"#0"},"north":{"uv":[6.75,8.0,8.0,8.5],"tintindex":0,"rotation":0,"texture":"#0"},"west":{"uv":[4.5,3.0,5.0,3.5],"tintindex":0,"rotation":0,"texture":"#0"},"up":{"uv":[9.25,8.0,8.0,7.5],"tintindex":0,"rotation":0,"texture":"#0"},"down":{"uv":[9.25,8.0,8.0,8.5],"tintindex":0,"rotation":0,"texture":"#0"}}}],"display":{"head":{"rotation":[0.0,0.0,0.0]},"firstperson_righthand":{"rotation":[0.0,0.0,0.0]},"thirdperson_lefthand":{"rotation":[0.0,-0.0,-0.0]},"firstperson_lefthand":{"rotation":[0.0,-0.0,-0.0]},"fixed":{"rotation":[0.0,0.0,0.0]},"ground":{"rotation":[0.0,0.0,0.0]},"thirdperson_righthand":{"rotation":[0.0,0.0,0.0]},"gui":{"rotation":[-150.0,-45.0,180.0]}}}