{"parent":"minecraft:item/generated","textures":{"layer0":"minecraft:item/leather_horse_armor"},"overrides":[{"predicate":{"custom_model_data":1},"model":"bettermodel:item/colquida_waist_1"},{"predicate":{"custom_model_data":2},"model":"bettermodel:item/colquida_rightfoot_1"},{"predicate":{"custom_model_data":3},"model":"bettermodel:item/colquida_rightknee_1"},{"predicate":{"custom_model_data":4},"model":"bettermodel:item/colquida_footr_1"},{"predicate":{"custom_model_data":5},"model":"bettermodel:item/colquida_leftfoot_1"},{"predicate":{"custom_model_data":6},"model":"bettermodel:item/colquida_leftknee_1"},{"predicate":{"custom_model_data":7},"model":"bettermodel:item/colquida_footl_1"},{"predicate":{"custom_model_data":8},"model":"bettermodel:item/colquida_belly_1"},{"predicate":{"custom_model_data":9},"model":"bettermodel:item/colquida_head_1"},{"predicate":{"custom_model_data":14},"model":"bettermodel:item/colquida_nose_1"},{"predicate":{"custom_model_data":15},"model":"bettermodel:item/colquida_rightarm_1"},{"predicate":{"custom_model_data":16},"model":"bettermodel:item/colquida_rightelbow_1"},{"predicate":{"custom_model_data":17},"model":"bettermodel:item/colquida_rhand_1"},{"predicate":{"custom_model_data":18},"model":"bettermodel:item/colquida_rfingers_1"},{"predicate":{"custom_model_data":19},"model":"bettermodel:item/colquida_rfingerjoint_1"},{"predicate":{"custom_model_data":20},"model":"bettermodel:item/colquida_rthumb_1"},{"predicate":{"custom_model_data":21},"model":"bettermodel:item/colquida_rtumbjoint_1"},{"predicate":{"custom_model_data":22},"model":"bettermodel:item/colquida_leftarm_1"},{"predicate":{"custom_model_data":23},"model":"bettermodel:item/colquida_leftelbow_1"},{"predicate":{"custom_model_data":24},"model":"bettermodel:item/colquida_lhand_1"},{"predicate":{"custom_model_data":25},"model":"bettermodel:item/colquida_lfingers_1"},{"predicate":{"custom_model_data":26},"model":"bettermodel:item/colquida_lfingerjoint_1"},{"predicate":{"custom_model_data":27},"model":"bettermodel:item/colquida_lthumb_1"},{"predicate":{"custom_model_data":28},"model":"bettermodel:item/colquida_lthumbjoin_1"},{"predicate":{"custom_model_data":29},"model":"bettermodel:item/colquida_left_1"},{"predicate":{"custom_model_data":30},"model":"bettermodel:item/graywolf_torso_1"},{"predicate":{"custom_model_data":31},"model":"bettermodel:item/graywolf_leftleg_1"},{"predicate":{"custom_model_data":32},"model":"bettermodel:item/graywolf_leftleg_low_1"},{"predicate":{"custom_model_data":33},"model":"bettermodel:item/graywolf_rightleg_1"},{"predicate":{"custom_model_data":34},"model":"bettermodel:item/graywolf_rightleg_low_1"},{"predicate":{"custom_model_data":35},"model":"bettermodel:item/graywolf_leftarm_1"},{"predicate":{"custom_model_data":36},"model":"bettermodel:item/graywolf_leftarm_low_1"},{"predicate":{"custom_model_data":37},"model":"bettermodel:item/graywolf_rightarm_1"},{"predicate":{"custom_model_data":38},"model":"bettermodel:item/graywolf_rightarm_low_1"},{"predicate":{"custom_model_data":39},"model":"bettermodel:item/graywolf_tail_1"},{"predicate":{"custom_model_data":40},"model":"bettermodel:item/graywolf_head_1"},{"predicate":{"custom_model_data":41},"model":"bettermodel:item/graywolf_yaw_1"},{"predicate":{"custom_model_data":42},"model":"bettermodel:item/king_body_1"},{"predicate":{"custom_model_data":43},"model":"bettermodel:item/king_left_1"},{"predicate":{"custom_model_data":44},"model":"bettermodel:item/king_right_1"},{"predicate":{"custom_model_data":45},"model":"bettermodel:item/king_left2_1"},{"predicate":{"custom_model_data":46},"model":"bettermodel:item/king_right2_1"},{"predicate":{"custom_model_data":47},"model":"bettermodel:item/king_head_1"},{"predicate":{"custom_model_data":48},"model":"bettermodel:item/king_crown_1"},{"predicate":{"custom_model_data":51},"model":"bettermodel:item/mapacho_legfr_1"},{"predicate":{"custom_model_data":52},"model":"bettermodel:item/mapacho_legfl_1"},{"predicate":{"custom_model_data":53},"model":"bettermodel:item/mapacho_legbr_1"},{"predicate":{"custom_model_data":54},"model":"bettermodel:item/mapacho_legbl_1"},{"predicate":{"custom_model_data":55},"model":"bettermodel:item/mapacho_body_1"},{"predicate":{"custom_model_data":56},"model":"bettermodel:item/mapacho_tail_1"},{"predicate":{"custom_model_data":57},"model":"bettermodel:item/mapacho_tailbone_1"},{"predicate":{"custom_model_data":58},"model":"bettermodel:item/mapacho_earr_1"},{"predicate":{"custom_model_data":59},"model":"bettermodel:item/mapacho_earl_1"},{"predicate":{"custom_model_data":60},"model":"bettermodel:item/mapacho_nose_1"},{"predicate":{"custom_model_data":61},"model":"bettermodel:item/mapacho_mainhead_1"},{"predicate":{"custom_model_data":62},"model":"bettermodel:item/minero_root_1"},{"predicate":{"custom_model_data":63},"model":"bettermodel:item/minero_r_1"},{"predicate":{"custom_model_data":64},"model":"bettermodel:item/minero_l_1"},{"predicate":{"custom_model_data":65},"model":"bettermodel:item/minero_head_1"},{"predicate":{"custom_model_data":66},"model":"bettermodel:item/minero_belly_1"},{"predicate":{"custom_model_data":67},"model":"bettermodel:item/minero_ra_1"},{"predicate":{"custom_model_data":68},"model":"bettermodel:item/minero_la_1"},{"predicate":{"custom_model_data":69},"model":"bettermodel:item/minero_backpack_1"},{"predicate":{"custom_model_data":70},"model":"bettermodel:item/mossgolem_belly_1"},{"predicate":{"custom_model_data":71},"model":"bettermodel:item/mossgolem_back_1"},{"predicate":{"custom_model_data":72},"model":"bettermodel:item/mossgolem_head_1"},{"predicate":{"custom_model_data":73},"model":"bettermodel:item/mossgolem_glasses_1"},{"predicate":{"custom_model_data":74},"model":"bettermodel:item/mossgolem_r_1"},{"predicate":{"custom_model_data":75},"model":"bettermodel:item/mossgolem_l_1"},{"predicate":{"custom_model_data":76},"model":"bettermodel:item/mossgolem_shoulder2_1"},{"predicate":{"custom_model_data":77},"model":"bettermodel:item/mossgolem_bicep2_1"},{"predicate":{"custom_model_data":78},"model":"bettermodel:item/mossgolem_jointl_1"},{"predicate":{"custom_model_data":79},"model":"bettermodel:item/mossgolem_handl_1"},{"predicate":{"custom_model_data":80},"model":"bettermodel:item/mossgolem_fingersl_1"},{"predicate":{"custom_model_data":81},"model":"bettermodel:item/mossgolem_thumbl_1"},{"predicate":{"custom_model_data":82},"model":"bettermodel:item/mossgolem_thumbljoint_1"},{"predicate":{"custom_model_data":83},"model":"bettermodel:item/mossgolem_shoulder_1"},{"predicate":{"custom_model_data":84},"model":"bettermodel:item/mossgolem_bicep_1"},{"predicate":{"custom_model_data":85},"model":"bettermodel:item/mossgolem_jointr_1"},{"predicate":{"custom_model_data":86},"model":"bettermodel:item/mossgolem_handr_1"},{"predicate":{"custom_model_data":87},"model":"bettermodel:item/mossgolem_fingersr_1"},{"predicate":{"custom_model_data":88},"model":"bettermodel:item/mossgolem_thumbr_1"},{"predicate":{"custom_model_data":89},"model":"bettermodel:item/mossgolem_thumbljoint2_1"},{"predicate":{"custom_model_data":90},"model":"bettermodel:item/mossgolem_rightleg_1"},{"predicate":{"custom_model_data":91},"model":"bettermodel:item/mossgolem_jointr2_1"},{"predicate":{"custom_model_data":92},"model":"bettermodel:item/mossgolem_footr_1"},{"predicate":{"custom_model_data":93},"model":"bettermodel:item/mossgolem_leftleg_1"},{"predicate":{"custom_model_data":94},"model":"bettermodel:item/mossgolem_jointl2_1"},{"predicate":{"custom_model_data":95},"model":"bettermodel:item/mossgolem_footl_1"},{"predicate":{"custom_model_data":96},"model":"bettermodel:item/sakura_body_1"},{"predicate":{"custom_model_data":97},"model":"bettermodel:item/sakura_butt_1"},{"predicate":{"custom_model_data":98},"model":"bettermodel:item/sakura_tail_1"},{"predicate":{"custom_model_data":99},"model":"bettermodel:item/sakura_tailjoint_1"},{"predicate":{"custom_model_data":101},"model":"bettermodel:item/sakura_head_1"},{"predicate":{"custom_model_data":102},"model":"bettermodel:item/sakura_nose_1"},{"predicate":{"custom_model_data":103},"model":"bettermodel:item/sakura_ear1_1"},{"predicate":{"custom_model_data":104},"model":"bettermodel:item/sakura_ear2_1"},{"predicate":{"custom_model_data":105},"model":"bettermodel:item/sakura_leg1_1"},{"predicate":{"custom_model_data":106},"model":"bettermodel:item/sakura_leg2_1"},{"predicate":{"custom_model_data":107},"model":"bettermodel:item/sakura_leg3_1"},{"predicate":{"custom_model_data":108},"model":"bettermodel:item/sakura_leg4_1"},{"predicate":{"custom_model_data":109},"model":"bettermodel:item/souls_bone_1"},{"predicate":{"custom_model_data":110},"model":"bettermodel:item/souls_bone2_1"},{"predicate":{"custom_model_data":111},"model":"bettermodel:item/souls_bone27_1"},{"predicate":{"custom_model_data":112},"model":"bettermodel:item/souls_bone26_1"},{"predicate":{"custom_model_data":118},"model":"bettermodel:item/souls_bone18_1"},{"predicate":{"custom_model_data":119},"model":"bettermodel:item/souls_bone17_1"},{"predicate":{"custom_model_data":120},"model":"bettermodel:item/souls_bone20_1"},{"predicate":{"custom_model_data":124},"model":"bettermodel:item/souls_bone14_1"},{"predicate":{"custom_model_data":125},"model":"bettermodel:item/souls_bone13_1"},{"predicate":{"custom_model_data":126},"model":"bettermodel:item/souls_bone11_1"},{"predicate":{"custom_model_data":127},"model":"bettermodel:item/souls_bone10_1"},{"predicate":{"custom_model_data":128},"model":"bettermodel:item/souls_bone9_1"},{"predicate":{"custom_model_data":129},"model":"bettermodel:item/souls_bone8_1"},{"predicate":{"custom_model_data":130},"model":"bettermodel:item/souls_bone7_1"},{"predicate":{"custom_model_data":131},"model":"bettermodel:item/souls_bone6_1"},{"predicate":{"custom_model_data":132},"model":"bettermodel:item/souls_bone5_1"},{"predicate":{"custom_model_data":133},"model":"bettermodel:item/souls_bone4_1"},{"predicate":{"custom_model_data":134},"model":"bettermodel:item/souls_bone12_1"},{"predicate":{"custom_model_data":135},"model":"bettermodel:item/spectralwolf_torso_1"},{"predicate":{"custom_model_data":136},"model":"bettermodel:item/spectralwolf_leftleg_1"},{"predicate":{"custom_model_data":137},"model":"bettermodel:item/spectralwolf_leftleg_low_1"},{"predicate":{"custom_model_data":138},"model":"bettermodel:item/spectralwolf_rightleg_1"},{"predicate":{"custom_model_data":139},"model":"bettermodel:item/spectralwolf_rightleg_low_1"},{"predicate":{"custom_model_data":140},"model":"bettermodel:item/spectralwolf_leftarm_1"},{"predicate":{"custom_model_data":141},"model":"bettermodel:item/spectralwolf_leftarm_low_1"},{"predicate":{"custom_model_data":142},"model":"bettermodel:item/spectralwolf_rightarm_1"},{"predicate":{"custom_model_data":143},"model":"bettermodel:item/spectralwolf_rightarm_low_1"},{"predicate":{"custom_model_data":144},"model":"bettermodel:item/spectralwolf_tail_1"},{"predicate":{"custom_model_data":145},"model":"bettermodel:item/spectralwolf_head_1"},{"predicate":{"custom_model_data":146},"model":"bettermodel:item/spectralwolf_yaw_1"},{"predicate":{"custom_model_data":147},"model":"bettermodel:item/toledo_skull_1"},{"predicate":{"custom_model_data":148},"model":"bettermodel:item/yoyo_body_1"},{"predicate":{"custom_model_data":149},"model":"bettermodel:item/yoyo_butt_1"},{"predicate":{"custom_model_data":150},"model":"bettermodel:item/yoyo_tail_1"},{"predicate":{"custom_model_data":151},"model":"bettermodel:item/yoyo_tailjoint_1"},{"predicate":{"custom_model_data":153},"model":"bettermodel:item/yoyo_head_1"},{"predicate":{"custom_model_data":154},"model":"bettermodel:item/yoyo_nose_1"},{"predicate":{"custom_model_data":155},"model":"bettermodel:item/yoyo_ear1_1"},{"predicate":{"custom_model_data":156},"model":"bettermodel:item/yoyo_ear2_1"},{"predicate":{"custom_model_data":157},"model":"bettermodel:item/yoyo_leg1_1"},{"predicate":{"custom_model_data":158},"model":"bettermodel:item/yoyo_leg2_1"},{"predicate":{"custom_model_data":159},"model":"bettermodel:item/yoyo_leg3_1"},{"predicate":{"custom_model_data":160},"model":"bettermodel:item/yoyo_leg4_1"}]}