{"textures":{"4":"modelengine:entity/rock","5":"modelengine:entity/topgrassplusrock","6":"modelengine:entity/rockface","particle":"#4"},"elements":[{"from":[-10.166668,21.75,-4.25],"to":[26.166668,25.083334,19.083334],"faces":{"east":{"uv":[6.5,11.5,8.59375,12.125],"tintindex":0,"rotation":0,"texture":"#4"},"south":{"uv":[7.0,12.0,9.0625,12.375],"tintindex":0,"rotation":0,"texture":"#4"},"north":{"uv":[1.75,2.5,3.3125,3.125],"tintindex":0,"rotation":0,"texture":"#4"},"west":{"uv":[7.25,11.5,8.09375,12.125],"tintindex":0,"rotation":0,"texture":"#4"},"up":{"uv":[8.5,12.5,7.25,13.25],"tintindex":0,"rotation":0,"texture":"#4"},"down":{"uv":[7.5,12.0,8.75,12.75],"tintindex":0,"rotation":0,"texture":"#5"}}},{"from":[-12.833334,-5.75,-7.583334],"to":[28.833334,21.75,23.583334],"faces":{"east":{"uv":[1.0,6.25,4.25,9.5],"tintindex":0,"rotation":0,"texture":"#4"},"south":{"uv":[5.75,1.0,9.25,4.75],"tintindex":0,"rotation":0,"texture":"#4"},"north":{"uv":[0.5,0.725,4.1875,4.975],"tintindex":0,"rotation":0,"texture":"#4"},"west":{"uv":[6.5,6.5,10.25,9.5],"tintindex":0,"rotation":0,"texture":"#6"},"up":{"uv":[6.0,10.5,9.0,13.5],"tintindex":0,"rotation":0,"texture":"#4"},"down":{"uv":[1.0,10.5,4.0,13.25],"tintindex":0,"rotation":0,"texture":"#5"}}}],"display":{"head":{"rotation":[0.0,0.0,0.0]},"firstperson_righthand":{"rotation":[0.0,0.0,0.0]},"thirdperson_lefthand":{"rotation":[0.0,-0.0,-0.0]},"firstperson_lefthand":{"rotation":[0.0,-0.0,-0.0]},"fixed":{"rotation":[0.0,0.0,0.0]},"ground":{"rotation":[0.0,0.0,0.0]},"thirdperson_righthand":{"rotation":[0.0,0.0,0.0]},"gui":{"rotation":[-150.0,-45.0,180.0]}}}