{"textures":{"5":"modelengine:entity/topgrassplusrock","particle":"#5"},"elements":[{"from":[-12.833334,-5.75,-7.583334],"to":[28.833334,21.75,23.583334],"faces":{"east":{"uv":[1.0,6.25,4.25,9.5],"tintindex":0,"rotation":0,"texture":"#5"},"south":{"uv":[5.75,1.0,9.25,4.75],"tintindex":0,"rotation":0,"texture":"#5"},"north":{"uv":[0.5,0.75,4.25,5.0],"tintindex":0,"rotation":0,"texture":"#5"},"west":{"uv":[6.5,6.5,10.25,9.5],"tintindex":0,"rotation":0,"texture":"#5"},"up":{"uv":[6.0,10.5,9.0,13.5],"tintindex":0,"rotation":0,"texture":"#5"},"down":{"uv":[1.0,10.5,4.0,13.25],"tintindex":0,"rotation":0,"texture":"#5"}}}],"display":{"head":{"rotation":[0.0,0.0,0.0]},"firstperson_righthand":{"rotation":[0.0,0.0,0.0]},"thirdperson_lefthand":{"rotation":[0.0,-0.0,-0.0]},"firstperson_lefthand":{"rotation":[0.0,-0.0,-0.0]},"fixed":{"rotation":[0.0,0.0,0.0]},"ground":{"rotation":[0.0,0.0,0.0]},"thirdperson_righthand":{"rotation":[0.0,0.0,0.0]},"gui":{"rotation":[-150.0,-45.0,180.0]}}}