{"textures":{"4":"modelengine:entity/rock","particle":"#4"},"elements":[{"from":[-11.75,-8.0,-14.75],"to":[27.75,24.0,30.75],"faces":{"east":{"uv":[0.0,5.71875,5.4375,9.71875],"tintindex":0,"rotation":0,"texture":"#4"},"south":{"uv":[4.96875,9.75,9.90625,13.75],"tintindex":0,"rotation":0,"texture":"#4"},"north":{"uv":[0.0,9.75,4.6875,13.75],"tintindex":0,"rotation":0,"texture":"#4"},"west":{"uv":[5.71875,5.71875,11.40625,9.71875],"tintindex":0,"rotation":0,"texture":"#4"},"up":{"uv":[4.9375,5.6875,0.0,0.0],"tintindex":0,"rotation":0,"texture":"#4"},"down":{"uv":[9.90625,0.0,4.96875,5.6875],"tintindex":0,"rotation":0,"texture":"#4"}}}],"display":{"head":{"rotation":[0.0,0.0,0.0]},"firstperson_righthand":{"rotation":[0.0,0.0,0.0]},"thirdperson_lefthand":{"rotation":[0.0,-0.0,-0.0]},"firstperson_lefthand":{"rotation":[0.0,-0.0,-0.0]},"fixed":{"rotation":[0.0,0.0,0.0]},"ground":{"rotation":[0.0,0.0,0.0]},"thirdperson_righthand":{"rotation":[0.0,0.0,0.0]},"gui":{"rotation":[-150.0,-45.0,180.0]}}}