{"textures":{"4":"modelengine:entity/rock","particle":"#4"},"elements":[{"from":[1.0,-10.6875,-0.5625],"to":[15.5,8.0625,15.6875],"faces":{"east":{"uv":[5.5,10.25,9.5,13.0],"tintindex":0,"rotation":0,"texture":"#4"},"south":{"uv":[0.5,10.25,4.0,13.0],"tintindex":0,"rotation":0,"texture":"#4"},"north":{"uv":[6.75,0.75,9.5,3.75],"tintindex":0,"rotation":0,"texture":"#4"},"west":{"uv":[1.0,1.75,4.25,4.75],"tintindex":0,"rotation":0,"texture":"#4"},"up":{"uv":[0.75,6.5,4.75,9.0],"tintindex":0,"rotation":0,"texture":"#4"},"down":{"uv":[7.0,6.75,10.5,8.75],"tintindex":0,"rotation":0,"texture":"#4"}}}],"display":{"head":{"rotation":[0.0,0.0,0.0]},"firstperson_righthand":{"rotation":[0.0,0.0,0.0]},"thirdperson_lefthand":{"rotation":[0.0,-0.0,-0.0]},"firstperson_lefthand":{"rotation":[0.0,-0.0,-0.0]},"fixed":{"rotation":[0.0,0.0,0.0]},"ground":{"rotation":[0.0,0.0,0.0]},"thirdperson_righthand":{"rotation":[0.0,0.0,0.0]},"gui":{"rotation":[-150.0,-45.0,180.0]}}}