{"textures":{"4":"modelengine:entity/rock","particle":"#4"},"elements":[{"from":[0.5,-10.6875,-0.5625],"to":[15.0,8.0625,15.6875],"faces":{"east":{"uv":[0.25,0.25,4.5,5.25],"tintindex":0,"rotation":0,"texture":"#4"},"south":{"uv":[5.25,10.25,9.75,13.5],"tintindex":0,"rotation":0,"texture":"#4"},"north":{"uv":[6.0,1.25,9.0,4.0],"tintindex":0,"rotation":0,"texture":"#4"},"west":{"uv":[5.75,6.0,11.25,9.5],"tintindex":0,"rotation":0,"texture":"#4"},"up":{"uv":[0.5,10.25,4.25,13.25],"tintindex":0,"rotation":0,"texture":"#4"},"down":{"uv":[0.5,6.5,4.75,8.75],"tintindex":0,"rotation":0,"texture":"#4"}}}],"display":{"head":{"rotation":[0.0,0.0,0.0]},"firstperson_righthand":{"rotation":[0.0,0.0,0.0]},"thirdperson_lefthand":{"rotation":[0.0,-0.0,-0.0]},"firstperson_lefthand":{"rotation":[0.0,-0.0,-0.0]},"fixed":{"rotation":[0.0,0.0,0.0]},"ground":{"rotation":[0.0,0.0,0.0]},"thirdperson_righthand":{"rotation":[0.0,0.0,0.0]},"gui":{"rotation":[-150.0,-45.0,180.0]}}}