{"textures":{"0":"modelengine:entity/gloves","particle":"#0"},"elements":[{"from":[-8.833334,-2.833334,-1.333334],"to":[24.833334,18.833334,17.333334],"faces":{"east":{"uv":[0.0,6.671875,0.875,7.6875],"tintindex":0,"rotation":0,"texture":"#0"},"south":{"uv":[2.578125,6.171875,4.15625,7.1875],"tintindex":0,"rotation":0,"texture":"#0"},"north":{"uv":[5.921875,1.453125,7.5,2.46875],"tintindex":0,"rotation":0,"texture":"#0"},"west":{"uv":[0.890625,6.671875,1.765625,7.6875],"tintindex":0,"rotation":0,"texture":"#0"},"up":{"uv":[5.75,7.046875,4.171875,6.171875],"tintindex":0,"rotation":0,"texture":"#0"},"down":{"uv":[8.109375,2.484375,6.53125,3.359375],"tintindex":0,"rotation":0,"texture":"#0"}}}],"display":{"head":{"rotation":[0.0,0.0,0.0]},"firstperson_righthand":{"rotation":[0.0,0.0,0.0]},"thirdperson_lefthand":{"rotation":[0.0,-0.0,-0.0]},"firstperson_lefthand":{"rotation":[0.0,-0.0,-0.0]},"fixed":{"rotation":[0.0,0.0,0.0]},"ground":{"rotation":[0.0,0.0,0.0]},"thirdperson_righthand":{"rotation":[0.0,0.0,0.0]},"gui":{"rotation":[-150.0,-45.0,180.0]}}}