{"textures":{"0":"modelengine:entity/gloves","particle":"#0"},"elements":[{"from":[-8.833334,-2.833334,-1.333334],"to":[24.833334,18.833334,17.333334],"faces":{"east":{"uv":[0.0,3.6875,0.875,4.703125],"tintindex":0,"rotation":0,"texture":"#0"},"south":{"uv":[3.328125,3.6875,4.90625,4.703125],"tintindex":0,"rotation":0,"texture":"#0"},"north":{"uv":[0.875,3.6875,2.453125,4.703125],"tintindex":0,"rotation":0,"texture":"#0"},"west":{"uv":[2.453125,3.6875,3.328125,4.703125],"tintindex":0,"rotation":0,"texture":"#0"},"up":{"uv":[2.453125,3.6875,0.875,2.8125],"tintindex":0,"rotation":0,"texture":"#0"},"down":{"uv":[4.03125,2.8125,2.453125,3.6875],"tintindex":0,"rotation":0,"texture":"#0"}}}],"display":{"head":{"rotation":[0.0,0.0,0.0]},"firstperson_righthand":{"rotation":[0.0,0.0,0.0]},"thirdperson_lefthand":{"rotation":[0.0,-0.0,-0.0]},"firstperson_lefthand":{"rotation":[0.0,-0.0,-0.0]},"fixed":{"rotation":[0.0,0.0,0.0]},"ground":{"rotation":[0.0,0.0,0.0]},"thirdperson_righthand":{"rotation":[0.0,0.0,0.0]},"gui":{"rotation":[-150.0,-45.0,180.0]}}}