{"textures":{"2":"modelengine:entity/boots","particle":"#2"},"elements":[{"from":[-3.5,-15.875,4.5625],"to":[19.5,8.75,27.5625],"faces":{"east":{"uv":[2.90625,0.0,5.78125,3.09375],"tintindex":0,"rotation":0,"texture":"#2"},"south":{"uv":[0.0,3.125,2.875,6.21875],"tintindex":0,"rotation":0,"texture":"#2"},"north":{"uv":[0.0,0.0,2.875,3.09375],"tintindex":0,"rotation":0,"texture":"#2"},"west":{"uv":[2.90625,3.125,5.78125,6.21875],"tintindex":0,"rotation":0,"texture":"#2"},"up":{"uv":[8.6875,9.125,5.8125,6.25],"tintindex":0,"rotation":0,"texture":"#2"},"down":{"uv":[11.59375,0.0,8.71875,2.875],"tintindex":0,"rotation":0,"texture":"#2"}}},{"from":[-3.5500002,-15.875,-4.6875],"to":[19.55,-1.125,4.5625],"faces":{"east":{"uv":[11.625,0.0,12.78125,1.84375],"tintindex":0,"rotation":0,"texture":"#2"},"south":{"uv":[5.8125,9.15625,8.6875,11.0],"tintindex":0,"rotation":0,"texture":"#2"},"north":{"uv":[8.71875,8.71875,11.59375,10.5625],"tintindex":0,"rotation":0,"texture":"#2"},"west":{"uv":[11.625,1.875,12.78125,3.71875],"tintindex":0,"rotation":0,"texture":"#2"},"up":{"uv":[11.59375,11.75,8.71875,10.59375],"tintindex":0,"rotation":0,"texture":"#2"},"down":{"uv":[8.6875,11.03125,5.8125,12.1875],"tintindex":0,"rotation":0,"texture":"#2"}}}],"display":{"head":{"rotation":[0.0,0.0,0.0]},"firstperson_righthand":{"rotation":[0.0,0.0,0.0]},"thirdperson_lefthand":{"rotation":[0.0,-0.0,-0.0]},"firstperson_lefthand":{"rotation":[0.0,-0.0,-0.0]},"fixed":{"rotation":[0.0,0.0,0.0]},"ground":{"rotation":[0.0,0.0,0.0]},"thirdperson_righthand":{"rotation":[0.0,0.0,0.0]},"gui":{"rotation":[-150.0,-45.0,180.0]}}}