{"textures":{"2":"modelengine:entity/boots","particle":"#2"},"elements":[{"from":[-3.5,-15.875,4.5625],"to":[19.5,8.75,27.5625],"faces":{"east":{"uv":[5.8125,3.125,8.6875,6.21875],"tintindex":0,"rotation":0,"texture":"#2"},"south":{"uv":[0.0,6.25,2.875,9.34375],"tintindex":0,"rotation":0,"texture":"#2"},"north":{"uv":[5.8125,0.0,8.6875,3.09375],"tintindex":0,"rotation":0,"texture":"#2"},"west":{"uv":[2.90625,6.25,5.78125,9.34375],"tintindex":0,"rotation":0,"texture":"#2"},"up":{"uv":[11.59375,5.78125,8.71875,2.90625],"tintindex":0,"rotation":0,"texture":"#2"},"down":{"uv":[11.59375,5.8125,8.71875,8.6875],"tintindex":0,"rotation":0,"texture":"#2"}}},{"from":[-3.5499992,-15.875,-4.6875],"to":[19.55,-1.125,4.5625],"faces":{"east":{"uv":[11.625,3.75,12.78125,5.59375],"tintindex":0,"rotation":0,"texture":"#2"},"south":{"uv":[2.90625,9.375,5.78125,11.21875],"tintindex":0,"rotation":0,"texture":"#2"},"north":{"uv":[0.0,9.375,2.875,11.21875],"tintindex":0,"rotation":0,"texture":"#2"},"west":{"uv":[11.625,5.625,12.78125,7.46875],"tintindex":0,"rotation":0,"texture":"#2"},"up":{"uv":[2.875,12.40625,0.0,11.25],"tintindex":0,"rotation":0,"texture":"#2"},"down":{"uv":[5.78125,11.25,2.90625,12.40625],"tintindex":0,"rotation":0,"texture":"#2"}}}],"display":{"head":{"rotation":[0.0,0.0,0.0]},"firstperson_righthand":{"rotation":[0.0,0.0,0.0]},"thirdperson_lefthand":{"rotation":[0.0,-0.0,-0.0]},"firstperson_lefthand":{"rotation":[0.0,-0.0,-0.0]},"fixed":{"rotation":[0.0,0.0,0.0]},"ground":{"rotation":[0.0,0.0,0.0]},"thirdperson_righthand":{"rotation":[0.0,0.0,0.0]},"gui":{"rotation":[-150.0,-45.0,180.0]}}}