{"textures":{"7":"modelengine:entity/glasses","particle":"#7"},"elements":[{"from":[3.0,5.6666665,-7.7333336],"to":[6.333333,16.666668,-0.666667],"faces":{"east":{"uv":[7.1875,13.5625,5.875,15.625],"tintindex":0,"rotation":0,"texture":"#7"},"south":{"uv":[7.8125,13.5625,7.1875,15.625],"tintindex":0,"rotation":0,"texture":"#7"},"north":{"uv":[5.875,13.5625,5.25,15.625],"tintindex":0,"rotation":0,"texture":"#7"},"west":{"uv":[5.25,13.5625,3.9375,15.625],"tintindex":0,"rotation":0,"texture":"#7"},"up":{"uv":[5.25,13.5625,5.875,12.25],"tintindex":0,"rotation":0,"texture":"#7"},"down":{"uv":[5.875,12.25,6.5,13.5625],"tintindex":0,"rotation":0,"texture":"#7"}}},{"from":[22.333334,5.6666665,-7.7333336],"to":[25.666668,16.666668,-0.666667],"faces":{"east":{"uv":[3.9375,13.5625,5.25,15.625],"tintindex":0,"rotation":0,"texture":"#7"},"south":{"uv":[7.1875,13.5625,7.8125,15.625],"tintindex":0,"rotation":0,"texture":"#7"},"north":{"uv":[5.25,13.5625,5.875,15.625],"tintindex":0,"rotation":0,"texture":"#7"},"west":{"uv":[5.875,13.5625,7.1875,15.625],"tintindex":0,"rotation":0,"texture":"#7"},"up":{"uv":[5.875,13.5625,5.25,12.25],"tintindex":0,"rotation":0,"texture":"#7"},"down":{"uv":[6.5,12.25,5.875,13.5625],"tintindex":0,"rotation":0,"texture":"#7"}}},{"from":[9.666667,5.6666665,-7.7333336],"to":[13.0,16.666668,-0.666667],"faces":{"east":{"uv":[3.9375,13.5625,5.25,15.625],"tintindex":0,"rotation":0,"texture":"#7"},"south":{"uv":[7.1875,13.5625,7.8125,15.625],"tintindex":0,"rotation":0,"texture":"#7"},"north":{"uv":[5.25,13.5625,5.875,15.625],"tintindex":0,"rotation":0,"texture":"#7"},"west":{"uv":[5.875,13.5625,7.1875,15.625],"tintindex":0,"rotation":0,"texture":"#7"},"up":{"uv":[5.875,13.5625,5.25,12.25],"tintindex":0,"rotation":0,"texture":"#7"},"down":{"uv":[6.5,12.25,5.875,13.5625],"tintindex":0,"rotation":0,"texture":"#7"}}},{"from":[-9.666668,5.6666665,-7.7333336],"to":[-6.333334,16.666668,-0.666667],"faces":{"east":{"uv":[7.1875,13.5625,5.875,15.625],"tintindex":0,"rotation":0,"texture":"#7"},"south":{"uv":[7.8125,13.5625,7.1875,15.625],"tintindex":0,"rotation":0,"texture":"#7"},"north":{"uv":[5.875,13.5625,5.25,15.625],"tintindex":0,"rotation":0,"texture":"#7"},"west":{"uv":[5.25,13.5625,3.9375,15.625],"tintindex":0,"rotation":0,"texture":"#7"},"up":{"uv":[5.25,13.5625,5.875,12.25],"tintindex":0,"rotation":0,"texture":"#7"},"down":{"uv":[5.875,12.25,6.5,13.5625],"tintindex":0,"rotation":0,"texture":"#7"}}}],"display":{"head":{"rotation":[0.0,0.0,0.0]},"firstperson_righthand":{"rotation":[0.0,0.0,0.0]},"thirdperson_lefthand":{"rotation":[0.0,-0.0,-0.0]},"firstperson_lefthand":{"rotation":[0.0,-0.0,-0.0]},"fixed":{"rotation":[0.0,0.0,0.0]},"ground":{"rotation":[0.0,0.0,0.0]},"thirdperson_righthand":{"rotation":[0.0,0.0,0.0]},"gui":{"rotation":[-150.0,-45.0,180.0]}}}