{"textures":{"0":"modelengine:entity/gloves","particle":"#0"},"elements":[{"from":[-5.6875,-1.4375,-0.125],"to":[4.0625,18.8125,10.625],"faces":{"east":{"uv":[1.78125,6.671875,2.453125,7.9375],"tintindex":0,"rotation":0,"texture":"#0"},"south":{"uv":[4.171875,7.0625,4.78125,8.328125],"tintindex":0,"rotation":0,"texture":"#0"},"north":{"uv":[6.453125,7.015625,7.0625,8.28125],"tintindex":0,"rotation":0,"texture":"#0"},"west":{"uv":[5.765625,7.015625,6.4375,8.28125],"tintindex":0,"rotation":0,"texture":"#0"},"up":{"uv":[7.140625,4.046875,6.53125,3.375],"tintindex":0,"rotation":0,"texture":"#0"},"down":{"uv":[5.40625,7.0625,4.796875,7.734375],"tintindex":0,"rotation":0,"texture":"#0"}}},{"from":[4.0625,-4.1875,-1.375],"to":[29.5625,18.8125,21.625],"faces":{"east":{"uv":[5.796875,5.5625,7.15625,7.0],"tintindex":0,"rotation":0,"texture":"#0"},"south":{"uv":[4.1875,4.71875,5.78125,6.15625],"tintindex":0,"rotation":0,"texture":"#0"},"north":{"uv":[2.578125,4.71875,4.171875,6.15625],"tintindex":0,"rotation":0,"texture":"#0"},"west":{"uv":[5.921875,0.0,7.28125,1.4375],"tintindex":0,"rotation":0,"texture":"#0"},"up":{"uv":[6.515625,4.171875,4.921875,2.8125],"tintindex":0,"rotation":0,"texture":"#0"},"down":{"uv":[7.390625,4.1875,5.796875,5.546875],"tintindex":0,"rotation":0,"texture":"#0"}}}],"display":{"head":{"rotation":[0.0,0.0,0.0]},"firstperson_righthand":{"rotation":[0.0,0.0,0.0]},"thirdperson_lefthand":{"rotation":[0.0,-0.0,-0.0]},"firstperson_lefthand":{"rotation":[0.0,-0.0,-0.0]},"fixed":{"rotation":[0.0,0.0,0.0]},"ground":{"rotation":[0.0,0.0,0.0]},"thirdperson_righthand":{"rotation":[0.0,0.0,0.0]},"gui":{"rotation":[-150.0,-45.0,180.0]}}}