{"textures":{"0":"modelengine:entity/gloves","particle":"#0"},"elements":[{"from":[11.9375,-1.4375,-0.125],"to":[21.6875,18.8125,10.625],"faces":{"east":{"uv":[0.0,5.390625,0.671875,6.65625],"tintindex":0,"rotation":0,"texture":"#0"},"south":{"uv":[1.953125,5.390625,2.5625,6.65625],"tintindex":0,"rotation":0,"texture":"#0"},"north":{"uv":[0.671875,5.390625,1.28125,6.65625],"tintindex":0,"rotation":0,"texture":"#0"},"west":{"uv":[1.28125,5.390625,1.953125,6.65625],"tintindex":0,"rotation":0,"texture":"#0"},"up":{"uv":[1.28125,5.390625,0.671875,4.71875],"tintindex":0,"rotation":0,"texture":"#0"},"down":{"uv":[1.890625,4.71875,1.28125,5.390625],"tintindex":0,"rotation":0,"texture":"#0"}}},{"from":[-13.5625,-4.1875,-1.375],"to":[11.9375,18.8125,21.625],"faces":{"east":{"uv":[-0.078125,1.359375,1.359375,2.796875],"tintindex":0,"rotation":0,"texture":"#0"},"south":{"uv":[4.390625,1.359375,5.984375,2.796875],"tintindex":0,"rotation":0,"texture":"#0"},"north":{"uv":[1.359375,1.359375,2.953125,2.796875],"tintindex":0,"rotation":0,"texture":"#0"},"west":{"uv":[2.953125,1.359375,4.390625,2.796875],"tintindex":0,"rotation":0,"texture":"#0"},"up":{"uv":[2.953125,1.359375,1.359375,-0.078125],"tintindex":0,"rotation":0,"texture":"#0"},"down":{"uv":[4.546875,-0.078125,2.953125,1.359375],"tintindex":0,"rotation":0,"texture":"#0"}}}],"display":{"head":{"rotation":[0.0,0.0,0.0]},"firstperson_righthand":{"rotation":[0.0,0.0,0.0]},"thirdperson_lefthand":{"rotation":[0.0,-0.0,-0.0]},"firstperson_lefthand":{"rotation":[0.0,-0.0,-0.0]},"fixed":{"rotation":[0.0,0.0,0.0]},"ground":{"rotation":[0.0,0.0,0.0]},"thirdperson_righthand":{"rotation":[0.0,0.0,0.0]},"gui":{"rotation":[-150.0,-45.0,180.0]}}}