{"textures":{"6":"modelengine:entity/rockface","particle":"#6"},"elements":[{"from":[-9.666668,-6.166667,-2.333334],"to":[25.666668,24.833334,18.333334],"faces":{"east":{"uv":[6.25,10.5,9.0,13.0],"tintindex":0,"rotation":0,"texture":"#6"},"south":{"uv":[6.0,1.0,8.75,4.0],"tintindex":0,"rotation":0,"texture":"#6"},"north":{"uv":[0.75,1.25,3.25,3.5],"tintindex":0,"rotation":0,"texture":"#6"},"west":{"uv":[1.0,10.5,2.75,13.0],"tintindex":0,"rotation":0,"texture":"#6"},"up":{"uv":[1.5,6.75,3.5,8.75],"tintindex":0,"rotation":0,"texture":"#6"},"down":{"uv":[6.25,6.25,9.75,8.25],"tintindex":0,"rotation":0,"texture":"#6"}}}],"display":{"head":{"rotation":[0.0,0.0,0.0]},"firstperson_righthand":{"rotation":[0.0,0.0,0.0]},"thirdperson_lefthand":{"rotation":[0.0,-0.0,-0.0]},"firstperson_lefthand":{"rotation":[0.0,-0.0,-0.0]},"fixed":{"rotation":[0.0,0.0,0.0]},"ground":{"rotation":[0.0,0.0,0.0]},"thirdperson_righthand":{"rotation":[0.0,0.0,0.0]},"gui":{"rotation":[-150.0,-45.0,180.0]}}}