{"textures":{"1":"modelengine:entity/texture","4":"modelengine:entity/rock","particle":"#4"},"elements":[{"from":[0.75,-10.174995,-0.25],"to":[15.25,3.5750046,16.0],"faces":{"east":{"uv":[6.5,3.25,8.0,4.5],"tintindex":0,"rotation":0,"texture":"#4"},"south":{"uv":[5.75,11.5,8.0,13.0],"tintindex":0,"rotation":0,"texture":"#4"},"north":{"uv":[0.75,2.75,3.25,4.5],"tintindex":0,"rotation":0,"texture":"#4"},"west":{"uv":[0.25,11.25,3.0,13.25],"tintindex":0,"rotation":0,"texture":"#4"},"up":{"uv":[0.5,6.75,2.5,9.0],"tintindex":0,"rotation":0,"texture":"#4"},"down":{"uv":[6.75,7.75,8.25,9.25],"tintindex":0,"rotation":0,"texture":"#4"}}},{"from":[3.0,3.6500015,3.1000004],"to":[13.0,10.200005,13.15],"faces":{"east":{"uv":[5.125,3.375,10.125,6.625],"tintindex":0,"rotation":0,"texture":"#1"},"south":{"uv":[5.125,6.75,10.125,10.0],"tintindex":0,"rotation":0,"texture":"#1"},"north":{"uv":[5.125,0.0,10.125,3.25],"tintindex":0,"rotation":0,"texture":"#1"},"west":{"uv":[5.125,10.125,10.125,13.375],"tintindex":0,"rotation":0,"texture":"#1"},"up":{"uv":[5.0,5.0,0.0,0.0],"tintindex":0,"rotation":0,"texture":"#1"},"down":{"uv":[5.0,5.125,0.0,10.125],"tintindex":0,"rotation":0,"texture":"#1"}}}],"display":{"head":{"rotation":[0.0,0.0,0.0]},"firstperson_righthand":{"rotation":[0.0,0.0,0.0]},"thirdperson_lefthand":{"rotation":[0.0,-0.0,-0.0]},"firstperson_lefthand":{"rotation":[0.0,-0.0,-0.0]},"fixed":{"rotation":[0.0,0.0,0.0]},"ground":{"rotation":[0.0,0.0,0.0]},"thirdperson_righthand":{"rotation":[0.0,0.0,0.0]},"gui":{"rotation":[-150.0,-45.0,180.0]}}}