{"textures":{"1":"modelengine:entity/texture","3":"modelengine:entity/sock","particle":"#1"},"elements":[{"from":[2.1666665,5.6666665,2.5],"to":[13.5,14.333334,13.166667],"faces":{"east":{"uv":[0.0,0.0,2.0,2.0],"tintindex":0,"rotation":0,"texture":"#1"},"south":{"uv":[0.0,0.0,2.0,2.0],"tintindex":0,"rotation":0,"texture":"#1"},"north":{"uv":[0.0,0.0,2.0,2.0],"tintindex":0,"rotation":0,"texture":"#1"},"west":{"uv":[0.0,0.0,2.0,2.0],"tintindex":0,"rotation":0,"texture":"#1"},"up":{"uv":[0.0,0.0,2.0,2.0],"tintindex":0,"rotation":0,"texture":"#1"},"down":{"uv":[0.0,0.0,2.0,2.0],"tintindex":0,"rotation":0,"texture":"#1"}}},{"from":[0.16666651,-12.333334,0.5],"to":[16.166668,5.6666665,15.833334],"faces":{"east":{"uv":[0.0,0.0,2.875,3.375],"tintindex":0,"rotation":0,"texture":"#3"},"south":{"uv":[0.0,0.0,3.0,3.375],"tintindex":0,"rotation":0,"texture":"#3"},"north":{"uv":[0.0,0.0,3.0,3.375],"tintindex":0,"rotation":0,"texture":"#3"},"west":{"uv":[0.0,0.0,2.875,3.375],"tintindex":0,"rotation":0,"texture":"#3"},"up":{"uv":[5.95,3.4,8.95,6.275],"tintindex":0,"rotation":0,"texture":"#3"},"down":{"uv":[0.0,0.0,1.0,1.0],"tintindex":0,"rotation":0,"texture":"#3"}}}],"display":{"head":{"rotation":[0.0,0.0,0.0]},"firstperson_righthand":{"rotation":[0.0,0.0,0.0]},"thirdperson_lefthand":{"rotation":[0.0,-0.0,-0.0]},"firstperson_lefthand":{"rotation":[0.0,-0.0,-0.0]},"fixed":{"rotation":[0.0,0.0,0.0]},"ground":{"rotation":[0.0,0.0,0.0]},"thirdperson_righthand":{"rotation":[0.0,0.0,0.0]},"gui":{"rotation":[-150.0,-45.0,180.0]}}}