{"textures":{"1":"modelengine:entity/texture","3":"modelengine:entity/sock","particle":"#3"},"elements":[{"from":[-0.16666698,-12.333334,0.5],"to":[15.833334,5.6666665,15.833334],"faces":{"east":{"uv":[0.0,3.4375,2.875,6.8125],"tintindex":0,"rotation":0,"texture":"#3"},"south":{"uv":[3.0625,0.0,6.0625,3.375],"tintindex":0,"rotation":0,"texture":"#3"},"north":{"uv":[0.0,0.0,3.0,3.375],"tintindex":0,"rotation":0,"texture":"#3"},"west":{"uv":[2.9375,3.4375,5.8125,6.8125],"tintindex":0,"rotation":0,"texture":"#3"},"up":{"uv":[8.875,6.3125,5.875,3.4375],"tintindex":0,"rotation":0,"texture":"#3"},"down":{"uv":[9.125,0.0,6.125,2.875],"tintindex":0,"rotation":0,"texture":"#3"}}},{"from":[2.5,5.6666665,2.5],"to":[13.833334,14.333334,13.166667],"faces":{"east":{"uv":[0.0,0.0,2.0,2.0],"tintindex":0,"rotation":0,"texture":"#1"},"south":{"uv":[0.0,0.0,2.0,2.0],"tintindex":0,"rotation":0,"texture":"#1"},"north":{"uv":[0.0,0.0,2.0,2.0],"tintindex":0,"rotation":0,"texture":"#1"},"west":{"uv":[0.0,0.0,2.0,2.0],"tintindex":0,"rotation":0,"texture":"#1"},"up":{"uv":[0.0,0.0,2.0,2.0],"tintindex":0,"rotation":0,"texture":"#1"},"down":{"uv":[0.0,0.0,2.0,2.0],"tintindex":0,"rotation":0,"texture":"#1"}}}],"display":{"head":{"rotation":[0.0,0.0,0.0]},"firstperson_righthand":{"rotation":[0.0,0.0,0.0]},"thirdperson_lefthand":{"rotation":[0.0,-0.0,-0.0]},"firstperson_lefthand":{"rotation":[0.0,-0.0,-0.0]},"fixed":{"rotation":[0.0,0.0,0.0]},"ground":{"rotation":[0.0,0.0,0.0]},"thirdperson_righthand":{"rotation":[0.0,0.0,0.0]},"gui":{"rotation":[-150.0,-45.0,180.0]}}}