{"textures":{"1":"modelengine:entity/texture","4":"modelengine:entity/rock","particle":"#1"},"elements":[{"from":[1.333333,10.533336,1.4666672],"to":[14.666667,19.266674,14.866667],"faces":{"east":{"uv":[0.0,0.0,2.0,2.0],"tintindex":0,"rotation":0,"texture":"#1"},"south":{"uv":[0.0,0.0,2.0,2.0],"tintindex":0,"rotation":0,"texture":"#1"},"north":{"uv":[0.0,0.0,2.0,2.0],"tintindex":0,"rotation":0,"texture":"#1"},"west":{"uv":[0.0,0.0,2.0,2.0],"tintindex":0,"rotation":0,"texture":"#1"},"up":{"uv":[0.0,0.0,2.0,2.0],"tintindex":0,"rotation":0,"texture":"#1"},"down":{"uv":[0.0,0.0,2.0,2.0],"tintindex":0,"rotation":0,"texture":"#1"}}},{"from":[-1.666667,-8.233328,-3.0],"to":[17.666668,10.43334,18.666668],"faces":{"east":{"uv":[6.0,10.75,8.5,12.5],"tintindex":0,"rotation":0,"texture":"#4"},"south":{"uv":[1.0,10.75,3.0,12.5],"tintindex":0,"rotation":0,"texture":"#4"},"north":{"uv":[6.5,1.75,8.25,3.75],"tintindex":0,"rotation":0,"texture":"#4"},"west":{"uv":[1.5,6.75,3.25,8.75],"tintindex":0,"rotation":0,"texture":"#4"},"up":{"uv":[1.0,1.5,3.25,3.75],"tintindex":0,"rotation":0,"texture":"#4"},"down":{"uv":[7.5,6.5,9.5,8.5],"tintindex":0,"rotation":0,"texture":"#4"}}}],"display":{"head":{"rotation":[0.0,0.0,0.0]},"firstperson_righthand":{"rotation":[0.0,0.0,0.0]},"thirdperson_lefthand":{"rotation":[0.0,-0.0,-0.0]},"firstperson_lefthand":{"rotation":[0.0,-0.0,-0.0]},"fixed":{"rotation":[0.0,0.0,0.0]},"ground":{"rotation":[0.0,0.0,0.0]},"thirdperson_righthand":{"rotation":[0.0,0.0,0.0]},"gui":{"rotation":[-150.0,-45.0,180.0]}}}