{"textures":{"4":"modelengine:entity/rock","particle":"#4"},"elements":[{"from":[-2.5,-8.362499,-3.5500002],"to":[18.5,15.987503,19.3],"faces":{"east":{"uv":[0.75,0.75,3.75,5.0],"tintindex":0,"rotation":0,"texture":"#4"},"south":{"uv":[0.25,10.0,4.25,13.25],"tintindex":0,"rotation":0,"texture":"#4"},"north":{"uv":[5.5,0.25,9.5,4.75],"tintindex":0,"rotation":0,"texture":"#4"},"west":{"uv":[6.0,10.0,9.0,13.25],"tintindex":0,"rotation":0,"texture":"#4"},"up":{"uv":[0.5,6.25,5.0,9.0],"tintindex":0,"rotation":0,"texture":"#4"},"down":{"uv":[6.0,6.0,11.0,9.25],"tintindex":0,"rotation":0,"texture":"#4"}}},{"from":[1.0,-15.1875,-0.375],"to":[15.0,-8.4375,16.625],"faces":{"east":{"uv":[0.5,10.75,3.0,12.75],"tintindex":0,"rotation":0,"texture":"#4"},"south":{"uv":[0.5,2.0,3.75,4.25],"tintindex":0,"rotation":0,"texture":"#4"},"north":{"uv":[5.75,10.75,8.75,13.0],"tintindex":0,"rotation":0,"texture":"#4"},"west":{"uv":[6.0,1.0,7.5,2.75],"tintindex":0,"rotation":0,"texture":"#4"},"up":{"uv":[1.0,6.5,4.0,9.0],"tintindex":0,"rotation":0,"texture":"#4"},"down":{"uv":[6.25,6.5,8.5,7.75],"tintindex":0,"rotation":0,"texture":"#4"}}}],"display":{"head":{"rotation":[0.0,0.0,0.0]},"firstperson_righthand":{"rotation":[0.0,0.0,0.0]},"thirdperson_lefthand":{"rotation":[0.0,-0.0,-0.0]},"firstperson_lefthand":{"rotation":[0.0,-0.0,-0.0]},"fixed":{"rotation":[0.0,0.0,0.0]},"ground":{"rotation":[0.0,0.0,0.0]},"thirdperson_righthand":{"rotation":[0.0,0.0,0.0]},"gui":{"rotation":[-150.0,-45.0,180.0]}}}