{"textures":{"7":"modelengine:entity/glasses","particle":"#7"},"elements":[{"from":[21.25,8.0,-3.75],"to":[26.25,12.75,15.75],"faces":{"east":{"uv":[0.0,4.875,4.875,6.0625],"tintindex":0,"rotation":0,"texture":"#7"},"south":{"uv":[11.0,4.875,12.25,6.0625],"tintindex":0,"rotation":0,"texture":"#7"},"north":{"uv":[4.875,4.875,6.125,6.0625],"tintindex":0,"rotation":0,"texture":"#7"},"west":{"uv":[6.125,4.875,11.0,6.0625],"tintindex":0,"rotation":0,"texture":"#7"},"up":{"uv":[6.125,4.875,4.875,0.0],"tintindex":0,"rotation":0,"texture":"#7"},"down":{"uv":[7.375,0.0,6.125,4.875],"tintindex":0,"rotation":0,"texture":"#7"}}}],"display":{"head":{"rotation":[0.0,0.0,0.0]},"firstperson_righthand":{"rotation":[0.0,0.0,0.0]},"thirdperson_lefthand":{"rotation":[0.0,-0.0,-0.0]},"firstperson_lefthand":{"rotation":[0.0,-0.0,-0.0]},"fixed":{"rotation":[0.0,0.0,0.0]},"ground":{"rotation":[0.0,0.0,0.0]},"thirdperson_righthand":{"rotation":[0.0,0.0,0.0]},"gui":{"rotation":[-150.0,-45.0,180.0]}}}