{"textures":{"4":"modelengine:entity/rock","particle":"#4"},"elements":[{"from":[-2.5,-8.362499,-3.5500002],"to":[18.5,15.987503,19.3],"faces":{"east":{"uv":[5.5,0.5,9.5,4.5],"tintindex":0,"rotation":0,"texture":"#4"},"south":{"uv":[5.25,10.0,9.5,13.5],"tintindex":0,"rotation":0,"texture":"#4"},"north":{"uv":[0.5,0.75,4.5,5.0],"tintindex":0,"rotation":0,"texture":"#4"},"west":{"uv":[0.25,10.0,4.5,13.25],"tintindex":0,"rotation":0,"texture":"#4"},"up":{"uv":[0.25,6.25,5.0,9.0],"tintindex":0,"rotation":0,"texture":"#4"},"down":{"uv":[6.0,6.25,10.75,9.25],"tintindex":0,"rotation":0,"texture":"#4"}}},{"from":[1.0,-15.1875,-0.375],"to":[15.0,-8.4375,16.625],"faces":{"east":{"uv":[5.75,10.75,9.0,13.25],"tintindex":0,"rotation":0,"texture":"#4"},"south":{"uv":[0.5,10.25,3.75,13.0],"tintindex":0,"rotation":0,"texture":"#4"},"north":{"uv":[6.25,1.5,8.25,4.0],"tintindex":0,"rotation":0,"texture":"#4"},"west":{"uv":[1.0,6.5,4.25,8.75],"tintindex":0,"rotation":0,"texture":"#4"},"up":{"uv":[1.0,1.75,3.0,3.75],"tintindex":0,"rotation":0,"texture":"#4"},"down":{"uv":[7.5,6.5,9.5,8.75],"tintindex":0,"rotation":0,"texture":"#4"}}}],"display":{"head":{"rotation":[0.0,0.0,0.0]},"firstperson_righthand":{"rotation":[0.0,0.0,0.0]},"thirdperson_lefthand":{"rotation":[0.0,-0.0,-0.0]},"firstperson_lefthand":{"rotation":[0.0,-0.0,-0.0]},"fixed":{"rotation":[0.0,0.0,0.0]},"ground":{"rotation":[0.0,0.0,0.0]},"thirdperson_righthand":{"rotation":[0.0,0.0,0.0]},"gui":{"rotation":[-150.0,-45.0,180.0]}}}