{"textures":{"4":"modelengine:entity/rock","particle":"#4"},"elements":[{"from":[-0.8000002,-12.35,-2.6500006],"to":[17.2,8.05,16.55],"faces":{"east":{"uv":[5.5,10.25,9.5,13.25],"tintindex":0,"rotation":0,"texture":"#4"},"south":{"uv":[0.5,10.0,4.75,13.25],"tintindex":0,"rotation":0,"texture":"#4"},"north":{"uv":[6.5,1.0,9.25,4.5],"tintindex":0,"rotation":0,"texture":"#4"},"west":{"uv":[0.25,6.5,4.25,9.0],"tintindex":0,"rotation":0,"texture":"#4"},"up":{"uv":[1.0,0.75,3.5,4.5],"tintindex":0,"rotation":0,"texture":"#4"},"down":{"uv":[6.5,6.5,10.5,9.25],"tintindex":0,"rotation":0,"texture":"#4"}}}],"display":{"head":{"rotation":[0.0,0.0,0.0]},"firstperson_righthand":{"rotation":[0.0,0.0,0.0]},"thirdperson_lefthand":{"rotation":[0.0,-0.0,-0.0]},"firstperson_lefthand":{"rotation":[0.0,-0.0,-0.0]},"fixed":{"rotation":[0.0,0.0,0.0]},"ground":{"rotation":[0.0,0.0,0.0]},"thirdperson_righthand":{"rotation":[0.0,0.0,0.0]},"gui":{"rotation":[-150.0,-45.0,180.0]}}}