{"textures":{"4":"modelengine:entity/rock","particle":"#4"},"elements":[{"from":[-1.1999998,-12.35,-2.6500006],"to":[16.8,8.05,16.55],"faces":{"east":{"uv":[6.0,6.25,10.75,8.75],"tintindex":0,"rotation":0,"texture":"#4"},"south":{"uv":[1.5,6.25,5.5,9.25],"tintindex":0,"rotation":0,"texture":"#4"},"north":{"uv":[5.75,10.75,8.8125,13.4375],"tintindex":0,"rotation":0,"texture":"#4"},"west":{"uv":[1.25,0.75,4.75,4.0],"tintindex":0,"rotation":0,"texture":"#4"},"up":{"uv":[6.0,1.75,10.0,5.0],"tintindex":0,"rotation":0,"texture":"#4"},"down":{"uv":[1.0,10.25,4.25,13.0],"tintindex":0,"rotation":0,"texture":"#4"}}}],"display":{"head":{"rotation":[0.0,0.0,0.0]},"firstperson_righthand":{"rotation":[0.0,0.0,0.0]},"thirdperson_lefthand":{"rotation":[0.0,-0.0,-0.0]},"firstperson_lefthand":{"rotation":[0.0,-0.0,-0.0]},"fixed":{"rotation":[0.0,0.0,0.0]},"ground":{"rotation":[0.0,0.0,0.0]},"thirdperson_righthand":{"rotation":[0.0,0.0,0.0]},"gui":{"rotation":[-150.0,-45.0,180.0]}}}