{"textures":{"0":"modelengine:entity/gloves","particle":"#0"},"elements":[{"from":[-13.25,-12.75,-2.75],"to":[1.75,24.75,18.75],"faces":{"east":{"uv":[1.78125,6.671875,2.453125,7.9375],"tintindex":0,"rotation":0,"texture":"#0"},"south":{"uv":[4.171875,7.0625,4.78125,8.328125],"tintindex":0,"rotation":0,"texture":"#0"},"north":{"uv":[6.453125,7.015625,7.0625,8.28125],"tintindex":0,"rotation":0,"texture":"#0"},"west":{"uv":[5.765625,7.015625,6.4375,8.28125],"tintindex":0,"rotation":0,"texture":"#0"},"up":{"uv":[7.140625,4.046875,6.53125,3.375],"tintindex":0,"rotation":0,"texture":"#0"},"down":{"uv":[5.40625,7.0625,4.796875,7.734375],"tintindex":0,"rotation":0,"texture":"#0"}}}],"display":{"head":{"rotation":[0.0,0.0,0.0]},"firstperson_righthand":{"rotation":[0.0,0.0,0.0]},"thirdperson_lefthand":{"rotation":[0.0,-0.0,-0.0]},"firstperson_lefthand":{"rotation":[0.0,-0.0,-0.0]},"fixed":{"rotation":[0.0,0.0,0.0]},"ground":{"rotation":[0.0,0.0,0.0]},"thirdperson_righthand":{"rotation":[0.0,0.0,0.0]},"gui":{"rotation":[-150.0,-45.0,180.0]}}}