{"textures":{"0":"modelengine:entity/gloves","particle":"#0"},"elements":[{"from":[0.25,-10.75,-0.75],"to":[12.25,4.75,17.75],"faces":{"east":{"uv":[6.4375,7.015625,5.765625,8.28125],"tintindex":0,"rotation":0,"texture":"#0"},"south":{"uv":[4.78125,7.0625,4.171875,8.328125],"tintindex":0,"rotation":0,"texture":"#0"},"north":{"uv":[7.0625,7.015625,6.453125,8.28125],"tintindex":0,"rotation":0,"texture":"#0"},"west":{"uv":[2.453125,6.671875,1.78125,7.9375],"tintindex":0,"rotation":0,"texture":"#0"},"up":{"uv":[6.53125,4.046875,7.140625,3.375],"tintindex":0,"rotation":0,"texture":"#0"},"down":{"uv":[4.796875,7.0625,5.40625,7.734375],"tintindex":0,"rotation":0,"texture":"#0"}}}],"display":{"head":{"rotation":[0.0,0.0,0.0]},"firstperson_righthand":{"rotation":[0.0,0.0,0.0]},"thirdperson_lefthand":{"rotation":[0.0,-0.0,-0.0]},"firstperson_lefthand":{"rotation":[0.0,-0.0,-0.0]},"fixed":{"rotation":[0.0,0.0,0.0]},"ground":{"rotation":[0.0,0.0,0.0]},"thirdperson_righthand":{"rotation":[0.0,0.0,0.0]},"gui":{"rotation":[-150.0,-45.0,180.0]}}}