{"textures":{"0":"modelengine:entity/gloves","particle":"#0"},"elements":[{"from":[14.25,-12.75,-2.75],"to":[29.25,24.75,18.75],"faces":{"east":{"uv":[0.140625,5.390625,0.8125,6.5625],"tintindex":0,"rotation":0,"texture":"#0"},"south":{"uv":[1.953125,5.390625,2.421875,6.5625],"tintindex":0,"rotation":0,"texture":"#0"},"north":{"uv":[0.8125,5.390625,1.28125,6.5625],"tintindex":0,"rotation":0,"texture":"#0"},"west":{"uv":[1.28125,5.390625,1.953125,6.5625],"tintindex":0,"rotation":0,"texture":"#0"},"up":{"uv":[1.28125,5.390625,0.8125,4.71875],"tintindex":0,"rotation":0,"texture":"#0"},"down":{"uv":[1.75,4.71875,1.28125,5.390625],"tintindex":0,"rotation":0,"texture":"#0"}}}],"display":{"head":{"rotation":[0.0,0.0,0.0]},"firstperson_righthand":{"rotation":[0.0,0.0,0.0]},"thirdperson_lefthand":{"rotation":[0.0,-0.0,-0.0]},"firstperson_lefthand":{"rotation":[0.0,-0.0,-0.0]},"fixed":{"rotation":[0.0,0.0,0.0]},"ground":{"rotation":[0.0,0.0,0.0]},"thirdperson_righthand":{"rotation":[0.0,0.0,0.0]},"gui":{"rotation":[-150.0,-45.0,180.0]}}}