{
	"model":{
		"type": "select",
		"property": "custom_model_data",
		"fallback": {
			"type": "model",
			"model": "item/netherite_sword"
		},
		"cases": [
			{
				"when":"mapachoblade",
				"model":{
					"type": "model",
					"model": "item/mapachoblade"
				}
			},
			{
				"when":"thunderSword",
				"model":{
					"type":"model",
					"model":"item/thunderswordn"
				}
			},
			{
				"when":"tankSword",
				"model":{
					"type":"model",
					"model":"item/tanksword"
				}
			},
			{
				"when":"katana",
				"model":{
					"type":"model",
					"model":"item/katana"
				}
			}
		]
	}
}