{
	"model":{
		"type": "select",
		"property": "custom_model_data",
		"fallback": {
			"type": "model",
			"model": "item/paper"
		},
		"cases": [
			{
				"when":"zombie_card",
				"model":{
					"type": "model",
					"model": "item/zombie_card"
				}
			},
			{
				"when":"blaze_card",
				"model":{
					"type": "model",
					"model": "item/blaze_card"
				}
			},
			{
				"when":"goat_card",
				"model":{
					"type": "model",
					"model": "item/goat_card"
				}
			},
			{
				"when":"boulder_card",
				"model":{
					"type": "model",
					"model": "item/boulder_card"
				}
			},
			{
				"when":"lightning_card",
				"model":{
					"type": "model",
					"model": "item/lightning_card"
				}
			}
		]
	}
}