{"textures":{"0":"modelengine:entity/ears","particle":"#0"},"elements":[{"from":[6.736699,8.051088,7.1944394],"to":[7.236699,8.551088,8.69444],"faces":{"east":{"uv":[2.0,10.0,4.0,11.0],"tintindex":0,"rotation":0,"texture":"#0"},"south":{"uv":[7.0,13.0,8.0,14.0],"tintindex":0,"rotation":0,"texture":"#0"},"north":{"uv":[13.0,6.0,14.0,7.0],"tintindex":0,"rotation":0,"texture":"#0"},"west":{"uv":[10.0,2.0,12.0,3.0],"tintindex":0,"rotation":0,"texture":"#0"},"up":{"uv":[11.0,5.0,10.0,3.0],"tintindex":0,"rotation":0,"texture":"#0"},"down":{"uv":[6.0,10.0,5.0,12.0],"tintindex":0,"rotation":0,"texture":"#0"}}},{"from":[7.7107177,6.781723,7.1944394],"to":[8.210717,7.281722,8.69444],"faces":{"east":{"uv":[10.0,5.0,12.0,6.0],"tintindex":0,"rotation":0,"texture":"#0"},"south":{"uv":[8.0,13.0,9.0,14.0],"tintindex":0,"rotation":0,"texture":"#0"},"north":{"uv":[13.0,7.0,14.0,8.0],"tintindex":0,"rotation":0,"texture":"#0"},"west":{"uv":[10.0,7.0,12.0,8.0],"tintindex":0,"rotation":0,"texture":"#0"},"up":{"uv":[7.0,12.0,6.0,10.0],"tintindex":0,"rotation":0,"texture":"#0"},"down":{"uv":[9.0,10.0,8.0,12.0],"tintindex":0,"rotation":0,"texture":"#0"}}}],"display":{"head":{"rotation":[0.0,0.0,-37.5]},"firstperson_righthand":{"rotation":[0.0,0.0,-37.5]},"thirdperson_lefthand":{"rotation":[0.0,-0.0,37.5]},"firstperson_lefthand":{"rotation":[0.0,-0.0,37.5]},"fixed":{"rotation":[0.0,0.0,-37.5]},"ground":{"rotation":[0.0,0.0,-37.5]},"thirdperson_righthand":{"rotation":[0.0,0.0,-37.5]},"gui":{"rotation":[-150.0,-45.0,142.5]}}}