{"textures":{"0":"modelengine:entity/ears","particle":"#0"},"elements":[{"from":[8.594758,7.2327147,7.1944394],"to":[9.194758,8.732715,8.69444],"faces":{"east":{"uv":[0.0,4.0,2.0,6.0],"tintindex":0,"rotation":0,"texture":"#0"},"south":{"uv":[7.0,11.0,8.0,13.0],"tintindex":0,"rotation":0,"texture":"#0"},"north":{"uv":[4.0,11.0,5.0,13.0],"tintindex":0,"rotation":0,"texture":"#0"},"west":{"uv":[4.0,0.0,6.0,2.0],"tintindex":0,"rotation":0,"texture":"#0"},"up":{"uv":[12.0,10.0,11.0,8.0],"tintindex":0,"rotation":0,"texture":"#0"},"down":{"uv":[10.0,11.0,9.0,13.0],"tintindex":0,"rotation":0,"texture":"#0"}}}],"display":{"head":{"rotation":[-0.0,0.0,28.0]},"firstperson_righthand":{"rotation":[-0.0,0.0,28.0]},"thirdperson_lefthand":{"rotation":[-0.0,-0.0,-28.0]},"firstperson_lefthand":{"rotation":[-0.0,-0.0,-28.0]},"fixed":{"rotation":[-0.0,0.0,28.0]},"ground":{"rotation":[-0.0,0.0,28.0]},"thirdperson_righthand":{"rotation":[-0.0,0.0,28.0]},"gui":{"rotation":[-150.0,-45.0,-152.0]}}}