{"model":{"models":[{"model":"modelengine:mossgolem/glasses","tints":[{"index":0,"default":16777215,"type":"minecraft:custom_model_data"}],"type":"minecraft:model"},{"model":"modelengine:mossgolem/glasses/1","tints":[{"index":0,"default":16777215,"type":"minecraft:custom_model_data"}],"type":"minecraft:model"},{"model":"modelengine:mossgolem/glasses/2","tints":[{"index":0,"default":16777215,"type":"minecraft:custom_model_data"}],"type":"minecraft:model"},{"model":"modelengine:mossgolem/glasses/3","tints":[{"index":0,"default":16777215,"type":"minecraft:custom_model_data"}],"type":"minecraft:model"},{"model":"modelengine:mossgolem/glasses/4","tints":[{"index":0,"default":16777215,"type":"minecraft:custom_model_data"}],"type":"minecraft:model"}],"type":"minecraft:composite"}}