{"textures":{"7":"modelengine:entity/glasses","particle":"#7"},"elements":[{"from":[11.379755,5.205908,-2.7333336],"to":[14.046421,10.539242,-8.666668],"faces":{"east":{"uv":[6.4875,6.0,5.375,7.0],"tintindex":0,"rotation":0,"texture":"#7"},"south":{"uv":[4.75,6.0,5.25,7.0],"tintindex":0,"rotation":0,"texture":"#7"},"north":{"uv":[5.375,6.0,5.875,7.0],"tintindex":0,"rotation":0,"texture":"#7"},"west":{"uv":[5.8625,6.0,4.75,7.0],"tintindex":0,"rotation":0,"texture":"#7"},"up":{"uv":[5.875,6.0,5.375,7.1125],"tintindex":0,"rotation":0,"texture":"#7"},"down":{"uv":[6.375,7.1125,5.875,6.0],"tintindex":0,"rotation":0,"texture":"#7"}}},{"from":[3.8994331,-6.944008,-7.7333336],"to":[7.232767,4.055992,-0.666667],"faces":{"east":{"uv":[0.0,13.5625,1.3125,15.625],"tintindex":0,"rotation":0,"texture":"#7"},"south":{"uv":[3.25,13.5625,3.875,15.625],"tintindex":0,"rotation":0,"texture":"#7"},"north":{"uv":[1.3125,13.5625,1.9375,15.625],"tintindex":0,"rotation":0,"texture":"#7"},"west":{"uv":[1.9375,13.5625,3.25,15.625],"tintindex":0,"rotation":0,"texture":"#7"},"up":{"uv":[1.9375,13.5625,1.3125,12.25],"tintindex":0,"rotation":0,"texture":"#7"},"down":{"uv":[2.5625,12.25,1.9375,13.5625],"tintindex":0,"rotation":0,"texture":"#7"}}}],"display":{"head":{"rotation":[-0.0,0.0,87.5]},"firstperson_righthand":{"rotation":[-0.0,0.0,87.5]},"thirdperson_lefthand":{"rotation":[-0.0,-0.0,-87.5]},"firstperson_lefthand":{"rotation":[-0.0,-0.0,-87.5]},"fixed":{"rotation":[-0.0,0.0,87.5]},"ground":{"rotation":[-0.0,0.0,87.5]},"thirdperson_righthand":{"rotation":[-0.0,0.0,87.5]},"gui":{"rotation":[-150.0,-45.0,-92.5]}}}