{"textures":{"7":"modelengine:entity/glasses","particle":"#7"},"elements":[{"from":[8.767233,-6.944008,-7.7333336],"to":[12.100567,4.055992,-0.666667],"faces":{"east":{"uv":[3.25,13.5625,1.9375,15.625],"tintindex":0,"rotation":0,"texture":"#7"},"south":{"uv":[3.875,13.5625,3.25,15.625],"tintindex":0,"rotation":0,"texture":"#7"},"north":{"uv":[1.9375,13.5625,1.3125,15.625],"tintindex":0,"rotation":0,"texture":"#7"},"west":{"uv":[1.3125,13.5625,0.0,15.625],"tintindex":0,"rotation":0,"texture":"#7"},"up":{"uv":[1.3125,13.5625,1.9375,12.25],"tintindex":0,"rotation":0,"texture":"#7"},"down":{"uv":[1.9375,12.25,2.5625,13.5625],"tintindex":0,"rotation":0,"texture":"#7"}}}],"display":{"head":{"rotation":[0.0,0.0,-87.5]},"firstperson_righthand":{"rotation":[0.0,0.0,-87.5]},"thirdperson_lefthand":{"rotation":[0.0,-0.0,87.5]},"firstperson_lefthand":{"rotation":[0.0,-0.0,87.5]},"fixed":{"rotation":[0.0,0.0,-87.5]},"ground":{"rotation":[0.0,0.0,-87.5]},"thirdperson_righthand":{"rotation":[0.0,0.0,-87.5]},"gui":{"rotation":[-150.0,-45.0,92.5]}}}