{"textures":{"7":"modelengine:entity/glasses","particle":"#7"},"elements":[{"from":[15.75276,-5.8756104,-7.7333336],"to":[19.086094,5.1243896,-0.666667],"faces":{"east":{"uv":[0.0,13.5625,1.3125,15.625],"tintindex":0,"rotation":0,"texture":"#7"},"south":{"uv":[3.25,13.5625,3.875,15.625],"tintindex":0,"rotation":0,"texture":"#7"},"north":{"uv":[1.3125,13.5625,1.9375,15.625],"tintindex":0,"rotation":0,"texture":"#7"},"west":{"uv":[1.9375,13.5625,3.25,15.625],"tintindex":0,"rotation":0,"texture":"#7"},"up":{"uv":[1.9375,13.5625,1.3125,12.25],"tintindex":0,"rotation":0,"texture":"#7"},"down":{"uv":[2.5625,12.25,1.9375,13.5625],"tintindex":0,"rotation":0,"texture":"#7"}}}],"display":{"head":{"rotation":[-0.0,0.0,85.0]},"firstperson_righthand":{"rotation":[-0.0,0.0,85.0]},"thirdperson_lefthand":{"rotation":[-0.0,-0.0,-85.0]},"firstperson_lefthand":{"rotation":[-0.0,-0.0,-85.0]},"fixed":{"rotation":[-0.0,0.0,85.0]},"ground":{"rotation":[-0.0,0.0,85.0]},"thirdperson_righthand":{"rotation":[-0.0,0.0,85.0]},"gui":{"rotation":[-150.0,-45.0,-95.0]}}}