{"textures":{"1":"modelengine:entity/mainhead","particle":"#1"},"elements":[{"from":[7.29375,5.7868814,8.673887],"to":[8.69375,8.686881,9.373887],"faces":{"east":{"uv":[6.5,9.0,7.0,10.5],"tintindex":0,"rotation":0,"texture":"#1"},"south":{"uv":[7.5,9.0,8.0,10.5],"tintindex":0,"rotation":0,"texture":"#1"},"north":{"uv":[5.5,9.0,6.0,10.5],"tintindex":0,"rotation":0,"texture":"#1"},"west":{"uv":[8.5,9.0,9.0,10.5],"tintindex":0,"rotation":0,"texture":"#1"},"up":{"uv":[5.5,11.5,5.0,11.0],"tintindex":0,"rotation":0,"texture":"#1"},"down":{"uv":[11.5,5.5,11.0,6.0],"tintindex":0,"rotation":0,"texture":"#1"}}}],"display":{"head":{"rotation":[106.5,0.0,-0.0]},"firstperson_righthand":{"rotation":[106.5,0.0,-0.0]},"thirdperson_lefthand":{"rotation":[106.5,-0.0,0.0]},"firstperson_lefthand":{"rotation":[106.5,-0.0,0.0]},"fixed":{"rotation":[106.5,0.0,-0.0]},"ground":{"rotation":[106.5,0.0,-0.0]},"thirdperson_righthand":{"rotation":[106.5,0.0,-0.0]},"gui":{"rotation":[108.17016,11.585451,136.20435]}}}