{"textures":{"1":"modelengine:entity/mainhead","particle":"#1"},"elements":[{"from":[7.19966,6.264768,5.9627295],"to":[8.89966,10.264769,7.66273],"faces":{"east":{"uv":[5.0,2.5,6.0,4.5],"tintindex":0,"rotation":0,"texture":"#1"},"south":{"uv":[4.0,5.0,5.0,7.0],"tintindex":0,"rotation":0,"texture":"#1"},"north":{"uv":[2.5,5.0,3.5,7.0],"tintindex":0,"rotation":0,"texture":"#1"},"west":{"uv":[5.5,5.0,6.5,7.0],"tintindex":0,"rotation":0,"texture":"#1"},"up":{"uv":[9.0,3.5,8.0,2.5],"tintindex":0,"rotation":0,"texture":"#1"},"down":{"uv":[9.5,4.0,8.5,5.0],"tintindex":0,"rotation":0,"texture":"#1"}}}],"display":{"head":{"rotation":[1.6845973E-14,55.5,90.0]},"firstperson_righthand":{"rotation":[1.6845973E-14,55.5,90.0]},"thirdperson_lefthand":{"rotation":[1.6845973E-14,-55.5,-90.0]},"firstperson_lefthand":{"rotation":[1.6845973E-14,-55.5,-90.0]},"fixed":{"rotation":[1.6845973E-14,55.5,90.0]},"ground":{"rotation":[1.6845973E-14,55.5,90.0]},"thirdperson_righthand":{"rotation":[1.6845973E-14,55.5,90.0]},"gui":{"rotation":[30.0,-79.5,90.0]}}}