{"textures":{"1":"modelengine:entity/mainhead","particle":"#1"},"elements":[{"from":[7.10034,6.257688,5.973031],"to":[8.80034,10.2576885,7.673032],"faces":{"east":{"uv":[7.0,5.0,8.0,7.0],"tintindex":0,"rotation":0,"texture":"#1"},"south":{"uv":[0.0,7.5,1.0,9.5],"tintindex":0,"rotation":0,"texture":"#1"},"north":{"uv":[6.5,2.5,7.5,4.5],"tintindex":0,"rotation":0,"texture":"#1"},"west":{"uv":[7.5,0.0,8.5,2.0],"tintindex":0,"rotation":0,"texture":"#1"},"up":{"uv":[9.5,6.5,8.5,5.5],"tintindex":0,"rotation":0,"texture":"#1"},"down":{"uv":[10.0,0.0,9.0,1.0],"tintindex":0,"rotation":0,"texture":"#1"}}}],"display":{"head":{"rotation":[1.6845973E-14,-55.5,-90.0]},"firstperson_righthand":{"rotation":[1.6845973E-14,-55.5,-90.0]},"thirdperson_lefthand":{"rotation":[1.6845973E-14,55.5,90.0]},"firstperson_lefthand":{"rotation":[1.6845973E-14,55.5,90.0]},"fixed":{"rotation":[1.6845973E-14,-55.5,-90.0]},"ground":{"rotation":[1.6845973E-14,-55.5,-90.0]},"thirdperson_righthand":{"rotation":[1.6845973E-14,-55.5,-90.0]},"gui":{"rotation":[-150.0,10.5,90.0]}}}