{"textures":{"5":"modelengine:entity/backpack","particle":"#5"},"elements":[{"from":[5.5,4.0,8.0],"to":[10.5,8.0,12.0],"faces":{"east":{"uv":[0.0,8.0,4.0,12.0],"tintindex":0,"rotation":0,"texture":"#5"},"south":{"uv":[0.0,4.0,5.0,8.0],"tintindex":0,"rotation":0,"texture":"#5"},"north":{"uv":[0.0,0.0,5.0,4.0],"tintindex":0,"rotation":0,"texture":"#5"},"west":{"uv":[4.0,8.0,8.0,12.0],"tintindex":0,"rotation":0,"texture":"#5"},"up":{"uv":[10.0,4.0,5.0,0.0],"tintindex":0,"rotation":0,"texture":"#5"},"down":{"uv":[10.0,4.0,5.0,8.0],"tintindex":0,"rotation":0,"texture":"#5"}}}],"display":{"head":{"rotation":[0.0,0.0,0.0]},"firstperson_righthand":{"rotation":[0.0,0.0,0.0]},"thirdperson_lefthand":{"rotation":[0.0,-0.0,-0.0]},"firstperson_lefthand":{"rotation":[0.0,-0.0,-0.0]},"fixed":{"rotation":[0.0,0.0,0.0]},"ground":{"rotation":[0.0,0.0,0.0]},"thirdperson_righthand":{"rotation":[0.0,0.0,0.0]},"gui":{"rotation":[-150.0,-45.0,180.0]}}}