{"textures":{"3":"modelengine:entity/actualbelly","particle":"#3"},"elements":[{"from":[6.4,6.6,7.0],"to":[9.4,9.5,8.0],"faces":{"east":{"uv":[3.0,0.0,4.0,3.0],"tintindex":0,"rotation":0,"texture":"#3"},"south":{"uv":[0.0,3.0,3.0,6.0],"tintindex":0,"rotation":0,"texture":"#3"},"north":{"uv":[0.0,0.0,3.0,3.0],"tintindex":0,"rotation":0,"texture":"#3"},"west":{"uv":[3.0,3.0,4.0,6.0],"tintindex":0,"rotation":0,"texture":"#3"},"up":{"uv":[7.0,1.0,4.0,0.0],"tintindex":0,"rotation":0,"texture":"#3"},"down":{"uv":[7.0,1.0,4.0,2.0],"tintindex":0,"rotation":0,"texture":"#3"}}}],"display":{"head":{"rotation":[0.0,0.0,0.0]},"firstperson_righthand":{"rotation":[0.0,0.0,0.0]},"thirdperson_lefthand":{"rotation":[0.0,-0.0,-0.0]},"firstperson_lefthand":{"rotation":[0.0,-0.0,-0.0]},"fixed":{"rotation":[0.0,0.0,0.0]},"ground":{"rotation":[0.0,0.0,0.0]},"thirdperson_righthand":{"rotation":[0.0,0.0,0.0]},"gui":{"rotation":[-150.0,-45.0,180.0]}}}