{"textures":{"1":"modelengine:entity/head","4":"modelengine:entity/helm","particle":"#1"},"elements":[{"from":[5.5,4.0,5.0],"to":[10.5,7.0,10.0],"faces":{"east":{"uv":[5.0,3.0,10.0,6.0],"tintindex":0,"rotation":0,"texture":"#1"},"south":{"uv":[5.0,6.0,10.0,9.0],"tintindex":0,"rotation":0,"texture":"#1"},"north":{"uv":[5.0,0.0,10.0,3.0],"tintindex":0,"rotation":0,"texture":"#1"},"west":{"uv":[5.0,9.0,10.0,12.0],"tintindex":0,"rotation":0,"texture":"#1"},"up":{"uv":[5.0,5.0,0.0,0.0],"tintindex":0,"rotation":0,"texture":"#1"},"down":{"uv":[5.0,5.0,0.0,10.0],"tintindex":0,"rotation":0,"texture":"#1"}}},{"from":[7.5,7.0,4.0],"to":[8.5,9.0,5.0],"faces":{"east":{"uv":[0.0,6.0,0.5,7.0],"tintindex":0,"rotation":0,"texture":"#4"},"south":{"uv":[0.5,6.0,1.0,7.0],"tintindex":0,"rotation":0,"texture":"#4"},"north":{"uv":[5.5,5.0,6.0,6.0],"tintindex":0,"rotation":0,"texture":"#4"},"west":{"uv":[1.0,6.0,1.5,7.0],"tintindex":0,"rotation":0,"texture":"#4"},"up":{"uv":[2.0,6.5,1.5,6.0],"tintindex":0,"rotation":0,"texture":"#4"},"down":{"uv":[2.5,6.0,2.0,6.5],"tintindex":0,"rotation":0,"texture":"#4"}}},{"from":[5.0,6.0,4.5],"to":[11.0,7.0,10.5],"faces":{"east":{"uv":[5.5,3.5,8.5,4.0],"tintindex":0,"rotation":0,"texture":"#4"},"south":{"uv":[5.5,4.0,8.5,4.5],"tintindex":0,"rotation":0,"texture":"#4"},"north":{"uv":[5.5,3.0,8.5,3.5],"tintindex":0,"rotation":0,"texture":"#4"},"west":{"uv":[5.5,4.5,8.5,5.0],"tintindex":0,"rotation":0,"texture":"#4"},"up":{"uv":[3.0,3.0,0.0,0.0],"tintindex":0,"rotation":0,"texture":"#4"},"down":{"uv":[3.0,3.0,0.0,6.0],"tintindex":0,"rotation":0,"texture":"#4"}}},{"from":[5.5,7.0,5.0],"to":[10.5,9.0,10.0],"faces":{"east":{"uv":[5.5,0.0,8.0,1.0],"tintindex":0,"rotation":0,"texture":"#4"},"south":{"uv":[5.5,1.0,8.0,2.0],"tintindex":0,"rotation":0,"texture":"#4"},"north":{"uv":[3.0,5.0,5.5,6.0],"tintindex":0,"rotation":0,"texture":"#4"},"west":{"uv":[5.5,2.0,8.0,3.0],"tintindex":0,"rotation":0,"texture":"#4"},"up":{"uv":[5.5,2.5,3.0,0.0],"tintindex":0,"rotation":0,"texture":"#4"},"down":{"uv":[5.5,2.5,3.0,5.0],"tintindex":0,"rotation":0,"texture":"#4"}}}],"display":{"head":{"rotation":[0.0,0.0,0.0]},"firstperson_righthand":{"rotation":[0.0,0.0,0.0]},"thirdperson_lefthand":{"rotation":[0.0,-0.0,-0.0]},"firstperson_lefthand":{"rotation":[0.0,-0.0,-0.0]},"fixed":{"rotation":[0.0,0.0,0.0]},"ground":{"rotation":[0.0,0.0,0.0]},"thirdperson_righthand":{"rotation":[0.0,0.0,0.0]},"gui":{"rotation":[-150.0,-45.0,180.0]}}}