{"textures":{"0":"modelengine:entity/golem1","particle":"#0"},"elements":[{"from":[7.0,6.0,6.7],"to":[9.3,8.0,9.3],"faces":{"east":{"uv":[11.0,10.0,14.0,12.0],"tintindex":0,"rotation":0,"texture":"#0"},"south":{"uv":[13.0,8.0,15.0,10.0],"tintindex":0,"rotation":0,"texture":"#0"},"north":{"uv":[13.0,6.0,15.0,8.0],"tintindex":0,"rotation":0,"texture":"#0"},"west":{"uv":[0.0,12.0,3.0,14.0],"tintindex":0,"rotation":0,"texture":"#0"},"up":{"uv":[5.0,9.0,3.0,6.0],"tintindex":0,"rotation":0,"texture":"#0"},"down":{"uv":[7.0,12.0,5.0,15.0],"tintindex":0,"rotation":0,"texture":"#0"}}}],"display":{"head":{"rotation":[0.0,0.0,0.0]},"firstperson_righthand":{"rotation":[0.0,0.0,0.0]},"thirdperson_lefthand":{"rotation":[0.0,-0.0,-0.0]},"firstperson_lefthand":{"rotation":[0.0,-0.0,-0.0]},"fixed":{"rotation":[0.0,0.0,0.0]},"ground":{"rotation":[0.0,0.0,0.0]},"thirdperson_righthand":{"rotation":[0.0,0.0,0.0]},"gui":{"rotation":[-150.0,-45.0,180.0]}}}