{"textures":{"2":"modelengine:entity/belly","particle":"#2"},"elements":[{"from":[5.0,10.0,8.0],"to":[10.0,14.0,11.0],"faces":{"east":{"uv":[5.0,6.0,8.0,10.0],"tintindex":0,"rotation":0,"texture":"#2"},"south":{"uv":[0.0,4.0,5.0,8.0],"tintindex":0,"rotation":0,"texture":"#2"},"north":{"uv":[0.0,0.0,5.0,4.0],"tintindex":0,"rotation":0,"texture":"#2"},"west":{"uv":[0.0,8.0,3.0,12.0],"tintindex":0,"rotation":0,"texture":"#2"},"up":{"uv":[10.0,3.0,5.0,0.0],"tintindex":0,"rotation":0,"texture":"#2"},"down":{"uv":[10.0,3.0,5.0,6.0],"tintindex":0,"rotation":0,"texture":"#2"}}}],"display":{"head":{"rotation":[0.0,0.0,0.0]},"firstperson_righthand":{"rotation":[0.0,0.0,0.0]},"thirdperson_lefthand":{"rotation":[0.0,-0.0,-0.0]},"firstperson_lefthand":{"rotation":[0.0,-0.0,-0.0]},"fixed":{"rotation":[0.0,0.0,0.0]},"ground":{"rotation":[0.0,0.0,0.0]},"thirdperson_righthand":{"rotation":[0.0,0.0,0.0]},"gui":{"rotation":[-150.0,-45.0,180.0]}}}