{"textures":{"4":"modelengine:entity/theeth","particle":"#4"},"elements":[{"from":[1.0827808,24.711658,19.11478],"to":[3.3327808,28.461658,21.11478],"faces":{"east":{"uv":[6.5,0.0,8.5,3.75],"tintindex":0,"rotation":0,"texture":"#4"},"south":{"uv":[2.25,3.75,4.5,7.5],"tintindex":0,"rotation":0,"texture":"#4"},"north":{"uv":[0.0,3.75,2.25,7.5],"tintindex":0,"rotation":0,"texture":"#4"},"west":{"uv":[6.5,3.75,8.5,7.5],"tintindex":0,"rotation":0,"texture":"#4"},"up":{"uv":[13.5,2.0,11.25,0.0],"tintindex":0,"rotation":0,"texture":"#4"},"down":{"uv":[4.5,1.0,2.25,3.0],"tintindex":0,"rotation":0,"texture":"#4"}}}],"display":{"head":{"rotation":[-56.50717,20.704813,6.6486835]},"firstperson_righthand":{"rotation":[-56.50717,20.704813,6.6486835]},"thirdperson_lefthand":{"rotation":[-56.50717,-20.704813,-6.6486835]},"firstperson_lefthand":{"rotation":[-56.50717,-20.704813,-6.6486835]},"fixed":{"rotation":[-56.50717,20.704813,6.6486835]},"ground":{"rotation":[-56.50717,20.704813,6.6486835]},"thirdperson_righthand":{"rotation":[-56.50717,20.704813,6.6486835]},"gui":{"rotation":[-68.38625,-37.952137,-124.947174]}}}