{
	"credit": "Made with Blockbench",
	"textures": {
		"0": "item/katanaHandle",
		"1": "item/katanaBlade",
		"particle": "item/katanaHandle"
	},
	"elements": [
		{
			"from": [6, 7, 6],
			"to": [10, 8.3, 7.1],
			"rotation": {"angle": 0, "axis": "y", "origin": [8, 4.075, 8]},
			"faces": {
				"north": {"uv": [6, 7, 10, 8], "texture": "#0"},
				"east": {"uv": [10, 9, 11, 10], "texture": "#0"},
				"south": {"uv": [8, 0, 12, 1], "texture": "#0"},
				"west": {"uv": [10, 10, 11, 11], "texture": "#0"},
				"up": {"uv": [12, 2, 8, 1], "texture": "#0"},
				"down": {"uv": [12, 2, 8, 3], "texture": "#0"}
			}
		},
		{
			"from": [6, 7, 8.9],
			"to": [10, 8.3, 10],
			"rotation": {"angle": 0, "axis": "y", "origin": [8, 4.075, 8]},
			"faces": {
				"north": {"uv": [8, 3, 12, 4], "texture": "#0"},
				"east": {"uv": [4, 11, 5, 12], "texture": "#0"},
				"south": {"uv": [8, 4, 12, 5], "texture": "#0"},
				"west": {"uv": [5, 11, 6, 12], "texture": "#0"},
				"up": {"uv": [12, 6, 8, 5], "texture": "#0"},
				"down": {"uv": [10, 8, 6, 9], "texture": "#0"}
			}
		},
		{
			"from": [8.6, 7, 7.1],
			"to": [10.1, 8.3, 8.9],
			"rotation": {"angle": 0, "axis": "y", "origin": [8, 4.075, 8]},
			"faces": {
				"north": {"uv": [9, 4, 10.2, 5.3], "texture": "#0"},
				"east": {"uv": [9, 4, 11, 5.3], "texture": "#0"},
				"south": {"uv": [10, 4, 11.2, 5.3], "texture": "#0"},
				"west": {"uv": [9, 4, 11, 5.3], "texture": "#0"},
				"up": {"uv": [10, 4, 11.2, 6], "texture": "#0"},
				"down": {"uv": [10, 4, 11.2, 6], "texture": "#0"}
			}
		},
		{
			"from": [5.9, 7, 7.1],
			"to": [7.3, 8.3, 8.9],
			"rotation": {"angle": 0, "axis": "y", "origin": [8, 4.075, 8]},
			"faces": {
				"north": {"uv": [2, 11, 3, 12], "texture": "#0"},
				"east": {"uv": [2, 10, 4, 11], "texture": "#0"},
				"south": {"uv": [3, 11, 4, 12], "texture": "#0"},
				"west": {"uv": [4, 10, 6, 11], "texture": "#0"},
				"up": {"uv": [7, 12, 6, 10], "texture": "#0"},
				"down": {"uv": [11, 6, 10, 8], "texture": "#0"}
			}
		},
		{
			"from": [7.4, 1, 7.1],
			"to": [8.6, 8, 8.9],
			"rotation": {"angle": 0, "axis": "y", "origin": [8, 4.075, 8]},
			"faces": {
				"north": {"uv": [6, 0, 8, 7], "texture": "#0"},
				"east": {"uv": [0, 0, 3, 7], "texture": "#0"},
				"south": {"uv": [0, 7, 2, 14], "texture": "#0"},
				"west": {"uv": [3, 0, 6, 7], "texture": "#0"},
				"up": {"uv": [4, 10, 2, 7], "texture": "#0"},
				"down": {"uv": [6, 7, 4, 10], "texture": "#0"}
			}
		},
		{
			"from": [7.6, 0, 7.3],
			"to": [8.4, 1, 8.7],
			"rotation": {"angle": 0, "axis": "y", "origin": [8, 4.075, 8]},
			"faces": {
				"north": {"uv": [7, 10, 8, 11], "texture": "#0"},
				"east": {"uv": [8, 6, 10, 7], "texture": "#0"},
				"south": {"uv": [10, 8, 11, 9], "texture": "#0"},
				"west": {"uv": [6, 9, 8, 10], "texture": "#0"},
				"up": {"uv": [9, 11, 8, 9], "texture": "#0"},
				"down": {"uv": [10, 9, 9, 11], "texture": "#0"}
			}
		},
		{
			"from": [7.8, 8, 7.2],
			"to": [8.2, 10, 8.8],
			"rotation": {"angle": 0, "axis": "y", "origin": [7, 8, 7]},
			"faces": {
				"north": {"uv": [7, 8, 8, 10], "texture": "#1"},
				"east": {"uv": [7, 0, 9, 2], "texture": "#1"},
				"south": {"uv": [8, 7, 9, 9], "texture": "#1"},
				"west": {"uv": [7, 2, 9, 4], "texture": "#1"},
				"up": {"uv": [1, 11, 0, 9], "texture": "#1"},
				"down": {"uv": [10, 0, 9, 2], "texture": "#1"}
			}
		},
		{
			"from": [7.8, 10, 7.1],
			"to": [8.2, 15, 8.7],
			"rotation": {"angle": 0, "axis": "y", "origin": [7, 10, 6.9]},
			"faces": {
				"north": {"uv": [6, 0, 7, 5], "texture": "#1"},
				"east": {"uv": [0, 0, 2, 5], "texture": "#1"},
				"south": {"uv": [6, 5, 7, 10], "texture": "#1"},
				"west": {"uv": [2, 0, 4, 5], "texture": "#1"},
				"up": {"uv": [2, 11, 1, 9], "texture": "#1"},
				"down": {"uv": [3, 9, 2, 11], "texture": "#1"}
			}
		},
		{
			"from": [7.9, 15, 6.9],
			"to": [8.1, 19, 8.5],
			"rotation": {"angle": 0, "axis": "y", "origin": [7, 15, 6.7]},
			"faces": {
				"north": {"uv": [7, 4, 8, 8], "texture": "#1"},
				"east": {"uv": [4, 0, 6, 4], "texture": "#1"},
				"south": {"uv": [4, 8, 5, 12], "texture": "#1"},
				"west": {"uv": [4, 4, 6, 8], "texture": "#1"},
				"up": {"uv": [10, 4, 9, 2], "texture": "#1"},
				"down": {"uv": [4, 9, 3, 11], "texture": "#1"}
			}
		},
		{
			"from": [8, 19, 7.1],
			"to": [8, 23, 8.7],
			"rotation": {"angle": 0, "axis": "y", "origin": [7, 19, 6.9]},
			"faces": {
				"north": {"uv": [0, 0, 0, 4], "texture": "#1"},
				"east": {"uv": [0, 5, 2, 9], "texture": "#1"},
				"south": {"uv": [0, 0, 0, 4], "texture": "#1"},
				"west": {"uv": [2, 5, 4, 9], "texture": "#1"},
				"up": {"uv": [0, 2, 0, 0], "texture": "#1"},
				"down": {"uv": [0, 0, 0, 2], "texture": "#1"}
			}
		},
		{
			"from": [8, 23, 7.7],
			"to": [8, 26, 9],
			"rotation": {"angle": 0, "axis": "y", "origin": [7, 19, 7.4]},
			"faces": {
				"north": {"uv": [0, 0, 0, 3], "texture": "#1"},
				"east": {"uv": [8, 4, 9, 7], "texture": "#1"},
				"south": {"uv": [0, 0, 0, 3], "texture": "#1"},
				"west": {"uv": [5, 8, 6, 11], "texture": "#1"},
				"up": {"uv": [0, 1, 0, 0], "texture": "#1"},
				"down": {"uv": [0, 0, 0, 1], "texture": "#1"}
			}
		},
		{
			"from": [8, 26, 8.2],
			"to": [8, 27.3, 9],
			"rotation": {"angle": 0, "axis": "y", "origin": [7, 22, 7.4]},
			"faces": {
				"north": {"uv": [0, 0, 0, 1], "texture": "#1"},
				"east": {"uv": [9, 4, 10, 5], "texture": "#1"},
				"south": {"uv": [0, 0, 0, 1], "texture": "#1"},
				"west": {"uv": [9, 5, 10, 6], "texture": "#1"},
				"up": {"uv": [0, 1, 0, 0], "texture": "#1"},
				"down": {"uv": [0, 0, 0, 1], "texture": "#1"}
			}
		}
	],
	"display": {
		"thirdperson_righthand": {
			"translation": [0, 1.5, 2]
		},
		"thirdperson_lefthand": {
			"rotation": [-153.25, 0, 0],
			"translation": [-1.5, -4.5, 3]
		},
		"firstperson_lefthand": {
			"rotation": [-21, 0, -176.75],
			"translation": [1.75, 0, 2]
		},
		"ground": {
			"rotation": [-50.23, -1.08, 91.85],
			"translation": [5.25, 2.25, 1]
		},
		"head": {
			"rotation": [127.25, 0, 0],
			"translation": [0, -11, -7],
			"scale": [1.81, 1.81, 1.81]
		}
	},
	"groups": [
		{
			"name": "handle",
			"origin": [8, 8, 8],
			"color": 0,
			"children": [0, 1, 2, 3, 4, 5]
		},
		{
			"name": "blade",
			"origin": [8, 8, 8],
			"color": 0,
			"children": [6, 7, 8, 9, 10, 11]
		}
	]
}