{"overrides":[{"predicate":{"custom_model_data":1},"model":"modelengine:mapacho/body"},{"predicate":{"custom_model_data":2},"model":"modelengine:mapacho/tail"},{"predicate":{"custom_model_data":3},"model":"modelengine:mapacho/tailbone"},{"predicate":{"custom_model_data":4},"model":"modelengine:mapacho/mainhead/1"},{"predicate":{"custom_model_data":5},"model":"modelengine:mapacho/mainhead/3"},{"predicate":{"custom_model_data":6},"model":"modelengine:mapacho/mainhead/2"},{"predicate":{"custom_model_data":7},"model":"modelengine:mapacho/mainhead"},{"predicate":{"custom_model_data":8},"model":"modelengine:mapacho/nose"},{"predicate":{"custom_model_data":9},"model":"modelengine:mapacho/legfr"},{"predicate":{"custom_model_data":10},"model":"modelengine:mapacho/legbr"},{"predicate":{"custom_model_data":11},"model":"modelengine:mapacho/legfl"},{"predicate":{"custom_model_data":12},"model":"modelengine:mapacho/legbl"},{"predicate":{"custom_model_data":13},"model":"modelengine:mapacho/earr"},{"predicate":{"custom_model_data":14},"model":"modelengine:mapacho/earr/2"},{"predicate":{"custom_model_data":15},"model":"modelengine:mapacho/earr/1"},{"predicate":{"custom_model_data":16},"model":"modelengine:mapacho/earl/2"},{"predicate":{"custom_model_data":17},"model":"modelengine:mapacho/earl"},{"predicate":{"custom_model_data":18},"model":"modelengine:mapacho/earl/1"}],"parent":"minecraft:item/generated","textures":{"layer0":"minecraft:item/leather_horse_armor"}}