{"overrides":[{"predicate":{"custom_model_data":1},"model":"modelengine:mapacho/body"},{"predicate":{"custom_model_data":2},"model":"modelengine:mapacho/tail"},{"predicate":{"custom_model_data":3},"model":"modelengine:mapacho/tailbone"},{"predicate":{"custom_model_data":4},"model":"modelengine:mapacho/mainhead/1"},{"predicate":{"custom_model_data":5},"model":"modelengine:mapacho/mainhead/3"},{"predicate":{"custom_model_data":6},"model":"modelengine:mapacho/mainhead/2"},{"predicate":{"custom_model_data":7},"model":"modelengine:mapacho/mainhead"},{"predicate":{"custom_model_data":8},"model":"modelengine:mapacho/nose"},{"predicate":{"custom_model_data":9},"model":"modelengine:mapacho/legfr"},{"predicate":{"custom_model_data":10},"model":"modelengine:mapacho/legbr"},{"predicate":{"custom_model_data":11},"model":"modelengine:mapacho/legfl"},{"predicate":{"custom_model_data":12},"model":"modelengine:mapacho/legbl"},{"predicate":{"custom_model_data":13},"model":"modelengine:mapacho/earr"},{"predicate":{"custom_model_data":14},"model":"modelengine:mapacho/earr/2"},{"predicate":{"custom_model_data":15},"model":"modelengine:mapacho/earr/1"},{"predicate":{"custom_model_data":16},"model":"modelengine:mapacho/earl/2"},{"predicate":{"custom_model_data":17},"model":"modelengine:mapacho/earl"},{"predicate":{"custom_model_data":18},"model":"modelengine:mapacho/earl/1"},{"predicate":{"custom_model_data":19},"model":"modelengine:mossgolem/belly"},{"predicate":{"custom_model_data":20},"model":"modelengine:mossgolem/rightleg"},{"predicate":{"custom_model_data":21},"model":"modelengine:mossgolem/leftleg"},{"predicate":{"custom_model_data":22},"model":"modelengine:mossgolem/glasses/4"},{"predicate":{"custom_model_data":23},"model":"modelengine:mossgolem/glasses/3"},{"predicate":{"custom_model_data":24},"model":"modelengine:mossgolem/back"},{"predicate":{"custom_model_data":25},"model":"modelengine:mossgolem/jointr2"},{"predicate":{"custom_model_data":26},"model":"modelengine:mossgolem/jointl2"},{"predicate":{"custom_model_data":27},"model":"modelengine:mossgolem/jointl"},{"predicate":{"custom_model_data":28},"model":"modelengine:mossgolem/jointr"},{"predicate":{"custom_model_data":29},"model":"modelengine:mossgolem/head"},{"predicate":{"custom_model_data":30},"model":"modelengine:mossgolem/footr"},{"predicate":{"custom_model_data":31},"model":"modelengine:mossgolem/footl"},{"predicate":{"custom_model_data":32},"model":"modelengine:mossgolem/handl"},{"predicate":{"custom_model_data":33},"model":"modelengine:mossgolem/handr"},{"predicate":{"custom_model_data":34},"model":"modelengine:mossgolem/fingersl"},{"predicate":{"custom_model_data":35},"model":"modelengine:mossgolem/fingersr"},{"predicate":{"custom_model_data":36},"model":"modelengine:mossgolem/shoulder2"},{"predicate":{"custom_model_data":37},"model":"modelengine:mossgolem/shoulder"},{"predicate":{"custom_model_data":38},"model":"modelengine:mossgolem/bicep2"},{"predicate":{"custom_model_data":39},"model":"modelengine:mossgolem/bicep"},{"predicate":{"custom_model_data":40},"model":"modelengine:mossgolem/glasses/2"},{"predicate":{"custom_model_data":41},"model":"modelengine:mossgolem/glasses/1"},{"predicate":{"custom_model_data":42},"model":"modelengine:mossgolem/glasses"},{"predicate":{"custom_model_data":43},"model":"modelengine:mossgolem/l"},{"predicate":{"custom_model_data":44},"model":"modelengine:mossgolem/r"},{"predicate":{"custom_model_data":45},"model":"modelengine:mossgolem/thumbl"},{"predicate":{"custom_model_data":46},"model":"modelengine:mossgolem/thumbr"},{"predicate":{"custom_model_data":47},"model":"modelengine:mossgolem/thumbljoint"},{"predicate":{"custom_model_data":48},"model":"modelengine:mossgolem/thumbljoint2"},{"predicate":{"custom_model_data":49},"model":"modelengine:colquida/waist"},{"predicate":{"custom_model_data":50},"model":"modelengine:colquida/belly"},{"predicate":{"custom_model_data":51},"model":"modelengine:colquida/head"},{"predicate":{"custom_model_data":52},"model":"modelengine:colquida/left"},{"predicate":{"custom_model_data":53},"model":"modelengine:colquida/leftarm"},{"predicate":{"custom_model_data":54},"model":"modelengine:colquida/rightarm"},{"predicate":{"custom_model_data":55},"model":"modelengine:colquida/rightfoot"},{"predicate":{"custom_model_data":56},"model":"modelengine:colquida/leftfoot"},{"predicate":{"custom_model_data":57},"model":"modelengine:colquida/nose"},{"predicate":{"custom_model_data":58},"model":"modelengine:colquida/r"},{"predicate":{"custom_model_data":59},"model":"modelengine:colquida/l"},{"predicate":{"custom_model_data":60},"model":"modelengine:colquida/rightknee"},{"predicate":{"custom_model_data":61},"model":"modelengine:colquida/leftknee"},{"predicate":{"custom_model_data":62},"model":"modelengine:colquida/lthoot/1"},{"predicate":{"custom_model_data":63},"model":"modelengine:colquida/lthoot"},{"predicate":{"custom_model_data":64},"model":"modelengine:colquida/rthoot/1"},{"predicate":{"custom_model_data":65},"model":"modelengine:colquida/rthoot"},{"predicate":{"custom_model_data":66},"model":"modelengine:colquida/leftelbow"},{"predicate":{"custom_model_data":67},"model":"modelengine:colquida/rightelbow"},{"predicate":{"custom_model_data":68},"model":"modelengine:colquida/footr"},{"predicate":{"custom_model_data":69},"model":"modelengine:colquida/footl"},{"predicate":{"custom_model_data":70},"model":"modelengine:colquida/lhand"},{"predicate":{"custom_model_data":71},"model":"modelengine:colquida/rhand"},{"predicate":{"custom_model_data":72},"model":"modelengine:colquida/lthumb"},{"predicate":{"custom_model_data":73},"model":"modelengine:colquida/lfingers"},{"predicate":{"custom_model_data":74},"model":"modelengine:colquida/rthumb"},{"predicate":{"custom_model_data":75},"model":"modelengine:colquida/rfingers"},{"predicate":{"custom_model_data":76},"model":"modelengine:colquida/lthumbjoin"},{"predicate":{"custom_model_data":77},"model":"modelengine:colquida/lfingerjoint"},{"predicate":{"custom_model_data":78},"model":"modelengine:colquida/rtumbjoint"},{"predicate":{"custom_model_data":79},"model":"modelengine:colquida/rfingerjoint"},{"predicate":{"custom_model_data":80},"model":"modelengine:minero/root"},{"predicate":{"custom_model_data":81},"model":"modelengine:minero/backpack"},{"predicate":{"custom_model_data":82},"model":"modelengine:minero/head"},{"predicate":{"custom_model_data":83},"model":"modelengine:minero/belly"},{"predicate":{"custom_model_data":84},"model":"modelengine:minero/l"},{"predicate":{"custom_model_data":85},"model":"modelengine:minero/r"},{"predicate":{"custom_model_data":86},"model":"modelengine:minero/ra"},{"predicate":{"custom_model_data":87},"model":"modelengine:minero/la"},{"predicate":{"custom_model_data":88},"model":"modelengine:sakura/body/1"},{"predicate":{"custom_model_data":89},"model":"modelengine:sakura/body"},{"predicate":{"custom_model_data":90},"model":"modelengine:sakura/neck"},{"predicate":{"custom_model_data":91},"model":"modelengine:sakura/butt"},{"predicate":{"custom_model_data":92},"model":"modelengine:sakura/head"},{"predicate":{"custom_model_data":93},"model":"modelengine:sakura/tail"},{"predicate":{"custom_model_data":94},"model":"modelengine:sakura/leg1"},{"predicate":{"custom_model_data":95},"model":"modelengine:sakura/leg2"},{"predicate":{"custom_model_data":96},"model":"modelengine:sakura/leg4"},{"predicate":{"custom_model_data":97},"model":"modelengine:sakura/leg3"},{"predicate":{"custom_model_data":98},"model":"modelengine:sakura/nose"},{"predicate":{"custom_model_data":99},"model":"modelengine:sakura/ear1"},{"predicate":{"custom_model_data":100},"model":"modelengine:sakura/ear2"},{"predicate":{"custom_model_data":101},"model":"modelengine:sakura/tailjoint"},{"predicate":{"custom_model_data":102},"model":"modelengine:yoyo/body"},{"predicate":{"custom_model_data":103},"model":"modelengine:yoyo/body/1"},{"predicate":{"custom_model_data":104},"model":"modelengine:yoyo/neck"},{"predicate":{"custom_model_data":105},"model":"modelengine:yoyo/butt"},{"predicate":{"custom_model_data":106},"model":"modelengine:yoyo/head"},{"predicate":{"custom_model_data":107},"model":"modelengine:yoyo/tail"},{"predicate":{"custom_model_data":108},"model":"modelengine:yoyo/leg1"},{"predicate":{"custom_model_data":109},"model":"modelengine:yoyo/leg2"},{"predicate":{"custom_model_data":110},"model":"modelengine:yoyo/leg4"},{"predicate":{"custom_model_data":111},"model":"modelengine:yoyo/leg3"},{"predicate":{"custom_model_data":112},"model":"modelengine:yoyo/nose"},{"predicate":{"custom_model_data":113},"model":"modelengine:yoyo/tailjoint"},{"predicate":{"custom_model_data":114},"model":"modelengine:yoyo/ear1"},{"predicate":{"custom_model_data":115},"model":"modelengine:yoyo/ear2"}],"parent":"minecraft:item/generated","textures":{"layer0":"minecraft:item/leather_horse_armor"}}