{"overrides":[{"predicate":{"custom_model_data":1},"model":"modelengine:mapacho/body"},{"predicate":{"custom_model_data":2},"model":"modelengine:mapacho/tail"},{"predicate":{"custom_model_data":3},"model":"modelengine:mapacho/tailbone"},{"predicate":{"custom_model_data":4},"model":"modelengine:mapacho/mainhead/1"},{"predicate":{"custom_model_data":5},"model":"modelengine:mapacho/mainhead/3"},{"predicate":{"custom_model_data":6},"model":"modelengine:mapacho/mainhead/2"},{"predicate":{"custom_model_data":7},"model":"modelengine:mapacho/mainhead"},{"predicate":{"custom_model_data":8},"model":"modelengine:mapacho/nose"},{"predicate":{"custom_model_data":9},"model":"modelengine:mapacho/legfr"},{"predicate":{"custom_model_data":10},"model":"modelengine:mapacho/legbr"},{"predicate":{"custom_model_data":11},"model":"modelengine:mapacho/legfl"},{"predicate":{"custom_model_data":12},"model":"modelengine:mapacho/legbl"},{"predicate":{"custom_model_data":13},"model":"modelengine:mapacho/earr"},{"predicate":{"custom_model_data":14},"model":"modelengine:mapacho/earr/2"},{"predicate":{"custom_model_data":15},"model":"modelengine:mapacho/earr/1"},{"predicate":{"custom_model_data":16},"model":"modelengine:mapacho/earl/2"},{"predicate":{"custom_model_data":17},"model":"modelengine:mapacho/earl"},{"predicate":{"custom_model_data":18},"model":"modelengine:mapacho/earl/1"},{"predicate":{"custom_model_data":19},"model":"modelengine:mossgolem/belly"},{"predicate":{"custom_model_data":20},"model":"modelengine:mossgolem/rightleg"},{"predicate":{"custom_model_data":21},"model":"modelengine:mossgolem/leftleg"},{"predicate":{"custom_model_data":22},"model":"modelengine:mossgolem/glasses/4"},{"predicate":{"custom_model_data":23},"model":"modelengine:mossgolem/glasses/3"},{"predicate":{"custom_model_data":24},"model":"modelengine:mossgolem/back"},{"predicate":{"custom_model_data":25},"model":"modelengine:mossgolem/jointr2"},{"predicate":{"custom_model_data":26},"model":"modelengine:mossgolem/jointl2"},{"predicate":{"custom_model_data":27},"model":"modelengine:mossgolem/jointl"},{"predicate":{"custom_model_data":28},"model":"modelengine:mossgolem/jointr"},{"predicate":{"custom_model_data":29},"model":"modelengine:mossgolem/head"},{"predicate":{"custom_model_data":30},"model":"modelengine:mossgolem/footr"},{"predicate":{"custom_model_data":31},"model":"modelengine:mossgolem/footl"},{"predicate":{"custom_model_data":32},"model":"modelengine:mossgolem/handl"},{"predicate":{"custom_model_data":33},"model":"modelengine:mossgolem/handr"},{"predicate":{"custom_model_data":34},"model":"modelengine:mossgolem/fingersl"},{"predicate":{"custom_model_data":35},"model":"modelengine:mossgolem/fingersr"},{"predicate":{"custom_model_data":36},"model":"modelengine:mossgolem/shoulder2"},{"predicate":{"custom_model_data":37},"model":"modelengine:mossgolem/shoulder"},{"predicate":{"custom_model_data":38},"model":"modelengine:mossgolem/bicep2"},{"predicate":{"custom_model_data":39},"model":"modelengine:mossgolem/bicep"},{"predicate":{"custom_model_data":40},"model":"modelengine:mossgolem/glasses/2"},{"predicate":{"custom_model_data":41},"model":"modelengine:mossgolem/glasses/1"},{"predicate":{"custom_model_data":42},"model":"modelengine:mossgolem/glasses"},{"predicate":{"custom_model_data":43},"model":"modelengine:mossgolem/l"},{"predicate":{"custom_model_data":44},"model":"modelengine:mossgolem/r"},{"predicate":{"custom_model_data":45},"model":"modelengine:mossgolem/thumbl"},{"predicate":{"custom_model_data":46},"model":"modelengine:mossgolem/thumbr"},{"predicate":{"custom_model_data":47},"model":"modelengine:mossgolem/thumbljoint"},{"predicate":{"custom_model_data":48},"model":"modelengine:mossgolem/thumbljoint2"}],"parent":"minecraft:item/generated","textures":{"layer0":"minecraft:item/leather_horse_armor"}}