{
	"credit": "Made with Blockbench",
	"textures": {
		"0": "item/macheteblade",
		"1": "item/machetehandle",
		"particle": "item/macheteblade"
	},
	"elements": [
		{
			"from": [7.5, 0, 6.4],
			"to": [8.5, 1.6, 8.6],
			"rotation": {"angle": 0, "axis": "y", "origin": [8, 3.15, 7.65]},
			"faces": {
				"north": {"uv": [2, 5, 3, 7], "texture": "#1"},
				"east": {"uv": [2, 3, 4, 5], "texture": "#1"},
				"south": {"uv": [1, 5, 2, 7], "texture": "#1"},
				"west": {"uv": [0, 3, 2, 5], "texture": "#1"},
				"up": {"uv": [6, 4, 5, 2], "rotation": 180, "texture": "#1"},
				"down": {"uv": [4, 5, 3, 7], "rotation": 180, "texture": "#1"}
			}
		},
		{
			"from": [7.3, 5, 6.4],
			"to": [8.7, 6, 8.6],
			"rotation": {"angle": 0, "axis": "y", "origin": [8, 3.15, 7.65]},
			"faces": {
				"north": {"uv": [5, 6, 6, 7], "texture": "#1"},
				"east": {"uv": [5, 5, 7, 6], "texture": "#1"},
				"south": {"uv": [4, 6, 5, 7], "texture": "#1"},
				"west": {"uv": [3, 3, 5.5, 4.4], "texture": "#1"},
				"up": {"uv": [7, 2, 6, 0], "rotation": 180, "texture": "#1"},
				"down": {"uv": [7, 2, 6, 4], "rotation": 180, "texture": "#1"}
			}
		},
		{
			"from": [7.4, 1.6, 6.9],
			"to": [8.6, 5, 8.7],
			"rotation": {"angle": 0, "axis": "y", "origin": [8, 3.15, 7.65]},
			"faces": {
				"north": {"uv": [4, 3, 5, 6], "texture": "#1"},
				"east": {"uv": [2, 0, 4, 3], "texture": "#1"},
				"south": {"uv": [4, 0, 5, 3], "texture": "#1"},
				"west": {"uv": [0, 0, 2, 3], "texture": "#1"},
				"up": {"uv": [1, 7, 0, 5], "rotation": 180, "texture": "#1"},
				"down": {"uv": [6, 0, 5, 2], "rotation": 180, "texture": "#1"}
			}
		},
		{
			"from": [7.9, 6, 6.55],
			"to": [8.1, 19, 8.55],
			"rotation": {"angle": 0, "axis": "y", "origin": [8, 16.25, 7.175]},
			"faces": {
				"north": {"uv": [5, 0, 6, 13], "texture": "#0"},
				"east": {"uv": [2, 0, 4, 13], "texture": "#0"},
				"south": {"uv": [4, 0, 5, 13], "texture": "#0"},
				"west": {"uv": [0, 0, 2, 13], "texture": "#0"},
				"up": {"uv": [8, 10, 7, 8], "rotation": 180, "texture": "#0"},
				"down": {"uv": [9, 8, 8, 10], "rotation": 180, "texture": "#0"}
			}
		},
		{
			"from": [7.9, 19, 7.55],
			"to": [8.1, 21, 8.55],
			"rotation": {"angle": 0, "axis": "y", "origin": [8, 16.25, 7.175]},
			"faces": {
				"north": {"uv": [9, 4, 10, 6], "texture": "#0"},
				"east": {"uv": [9, 6, 10, 8], "texture": "#0"},
				"south": {"uv": [9, 0, 10, 2], "texture": "#0"},
				"west": {"uv": [9, 2, 10, 4], "texture": "#0"},
				"up": {"uv": [10, 9, 9, 8], "rotation": 180, "texture": "#0"},
				"down": {"uv": [10, 9, 9, 10], "rotation": 180, "texture": "#0"}
			}
		},
		{
			"from": [7.9, 9, 6.05],
			"to": [8.1, 17, 6.55],
			"rotation": {"angle": 0, "axis": "y", "origin": [8, 16.25, 7.175]},
			"faces": {
				"north": {"uv": [8, 0, 9, 8], "texture": "#0"},
				"east": {"uv": [6, 8, 7, 16], "texture": "#0"},
				"south": {"uv": [6, 0, 7, 8], "texture": "#0"},
				"west": {"uv": [7, 0, 8, 8], "texture": "#0"},
				"up": {"uv": [11, 1, 10, 0], "rotation": 180, "texture": "#0"},
				"down": {"uv": [11, 1, 10, 2], "rotation": 180, "texture": "#0"}
			}
		},
		{
			"from": [7.9, 19, 7.05],
			"to": [8.1, 20, 7.55],
			"rotation": {"angle": 0, "axis": "y", "origin": [8, 16.25, 7.175]},
			"faces": {
				"north": {"uv": [10, 4, 11, 5], "texture": "#0"},
				"east": {"uv": [10, 5, 11, 6], "texture": "#0"},
				"south": {"uv": [10, 2, 11, 3], "texture": "#0"},
				"west": {"uv": [10, 3, 11, 4], "texture": "#0"},
				"up": {"uv": [11, 7, 10, 6], "rotation": 180, "texture": "#0"},
				"down": {"uv": [8, 10, 7, 11], "rotation": 180, "texture": "#0"}
			}
		}
	],
	"display": {
		"thirdperson_righthand": {
			"translation": [0, 3.25, 2]
		},
		"thirdperson_lefthand": {
			"rotation": [-168.5, 0, 0],
			"translation": [-1.5, -5.25, -0.5]
		},
		"firstperson_righthand": {
			"rotation": [3.97, -0.35, -4.45],
			"translation": [1.75, 2.5, 0]
		},
		"firstperson_lefthand": {
			"rotation": [-25, 0, -179.25],
			"translation": [1.25, 0, 2.75]
		},
		"ground": {
			"rotation": [-90, 20.84, -25.09],
			"translation": [-4.75, 2, 5.5]
		},
		"head": {
			"rotation": [-66.98, -19.57, 175.83],
			"translation": [0, 10, -10.5]
		}
	},
	"groups": [
		{
			"name": "handle",
			"origin": [8, 8, 8],
			"color": 0,
			"children": [0, 1, 2]
		},
		{
			"name": "blade",
			"origin": [8, 8, 8],
			"color": 0,
			"children": [3, 4, 5, 6]
		}
	]
}